hour,machine_id,temperature,vibration_rms,pressure,current_draw,rotation_speed,has_fault
0,M1,63.18875316885263,0.7556319123774294,100.42623837942945,13.606401901349793,1791.1648472955524,False
1,M1,62.751085703917504,0.6852958825556451,100.71330602912836,13.6955298753359,1787.7406240543355,False
2,M1,62.08399758326615,0.7784511386514057,100.7028361193864,14.224542993162187,1786.872497247735,False
3,M1,62.19838687043832,0.7799307942964492,97.49181463761688,13.986654650372847,1768.7827994483923,False
4,M1,62.6457221412368,0.7644443933356689,97.74968741731583,14.145480171105001,1791.450877920079,False
5,M1,62.518716097027244,0.7106964683222117,101.4138690737934,13.78865369180902,1786.1142802821157,False
6,M1,62.22530104251099,0.7636802211772417,99.74650888460869,13.575089418041957,1786.1166369456387,False
7,M1,62.4002017970116,0.8007661588507125,96.67361706745606,14.349243219997637,1793.442029153194,False
8,M1,65.19905042281668,0.8159105638445674,97.75170919162235,15.463676663995184,1785.5182715473502,False
9,M1,68.08161177529583,0.9106392896073254,98.87170255207178,16.09746368267079,1799.1491887863117,False
10,M1,65.41322369055092,0.8526841685088813,99.52360616697081,15.769478245474863,1801.8945949451102,False
11,M1,65.02474117715654,0.8416765759587572,96.3056401838379,15.2187831201268,1805.0651856863747,False
12,M1,65.99895627458461,0.7519167723753033,99.7397670623381,14.961928332324854,1814.533713082919,False
13,M1,68.23725907440298,0.866361212278408,101.08496348242284,16.81056802718835,1802.943517893843,False
14,M1,68.93478709811268,0.8580638099298104,103.17489083435964,15.760561974654127,1813.2001794917821,False
15,M1,66.3321022427422,0.8085398515600459,100.91755106873828,15.466363891461171,1815.6154385977115,False
16,M1,68.31108451532951,0.8414036533819879,98.78926739373264,16.31997894843558,1826.4403851366778,False
17,M1,65.27940796189486,0.7940582767887296,102.00149747905643,15.695116788451035,1820.7378682962737,False
18,M1,67.01055016542617,0.7277052677260302,102.9131218381861,15.568986536030911,1815.228847360323,False
19,M1,65.96281549149099,0.8528032205343915,104.00749016981192,15.423664202871391,1813.3147224012946,False
20,M1,63.980186605403524,0.8203653013420834,102.06463832394657,14.630738977386178,1812.828410652646,False
21,M1,66.19081447863407,0.7965976575961263,101.76279009439277,15.036286836785724,1812.4331906933696,False
22,M1,64.92628960706969,0.7865712972471329,102.61113641818245,15.228739140925766,1796.8768508129353,False
23,M1,63.153971109365905,0.7298610943227627,96.61843194389193,13.21796675538266,1799.6101591005547,False
24,M1,63.6277941188616,0.8164661836738276,101.95961519797788,14.89595277909313,1792.8201856210028,False
25,M1,62.39431338625904,0.7689641578809936,101.90264494480209,13.964912176746807,1791.8102196941047,False
26,M1,61.44713815391367,0.7439563956420431,96.28068370870507,12.575207765835739,1795.7395646640823,False
27,M1,61.58036829604999,0.7145560219818686,100.00770553646052,14.047966693980577,1780.8965676527653,False
28,M1,61.60266865166561,0.6808024843711465,95.34294303292467,12.93698097799661,1790.78684232677,False
29,M1,62.72549768359723,0.6800577438112072,103.52013465633954,13.117754509398683,1782.3497477356902,False
30,M1,62.105658603731555,0.737881710624112,99.81212855930654,13.633422762184988,1788.6680072992842,False
31,M1,62.9341337192784,0.7405523470651335,99.05347530683392,14.752078612575199,1790.8943532895767,False
32,M1,64.40944501435727,0.8006233654199584,97.85615264923136,14.837716503537516,1790.1237622258407,False
33,M1,64.84321140020852,0.8274286660374576,100.18685564017886,14.254288404718924,1812.1959314654061,False
34,M1,65.77493945999751,0.7844255119902172,101.62703514397501,14.782231125461536,1804.0574812837915,False
35,M1,65.5386925795965,0.8603631779284081,101.01215808247085,15.325137846600116,1817.1142736458557,False
36,M1,66.90344840683845,0.776725496520715,103.17045522930243,15.058152344520757,1817.798903264706,False
37,M1,66.7576311365921,0.7588598815840766,102.00744539743803,15.326971658597282,1814.116824780516,False
38,M1,68.1465838553427,0.8585890206833162,101.11068708850753,15.876448418010868,1821.7832946496758,False
39,M1,68.51127862133369,0.8016944724111336,103.63903278611966,16.052864570941118,1794.495984152125,False
40,M1,69.59538295039808,0.9333400050201557,108.00978782453757,16.595739257201245,1803.791998456555,False
41,M1,67.80557302263769,0.7831579047450095,98.2103270757465,16.519837330999803,1825.9059753923907,False
42,M1,65.5642068084009,0.7208401432643569,101.01044250856184,14.804704060512762,1817.9973999379808,False
43,M1,66.14600483917047,0.8757806927545184,102.99217039816135,15.726289527759416,1803.688968594143,False
44,M1,63.85197127402353,0.7377423077847202,99.1435447085087,14.957351584961064,1814.0638156545328,False
45,M1,64.6274053249231,0.7807282569731656,98.14599278635067,15.02579620637921,1790.7111605105476,False
46,M1,63.87218679117507,0.7591574504696263,98.2267757703643,14.927698188828845,1782.8121975268764,False
47,M1,63.074259474887064,0.7025499230596112,98.73620318133278,12.725384942985492,1793.475926574517,False
48,M1,63.302568838530746,0.8263208621604026,96.62132642715376,14.185144018011687,1779.1658259338922,False
49,M1,60.23224450243733,0.7794211237264612,94.98168312995678,13.796773700104291,1783.8712533940122,False
50,M1,62.838058233742544,0.766579973384396,95.80959800269463,13.88770074035801,1780.2410834823784,False
51,M1,60.374476604696525,0.7796151620297763,98.05195998703638,13.070479061993803,1787.3357264983329,False
52,M1,62.648002632290755,0.7229418940123011,97.95401677759666,13.994539029798048,1780.5097113098598,False
53,M1,61.548205866750436,0.7177400421331792,99.66239973919991,13.063730999786088,1777.9244269007634,False
54,M1,62.605705779834935,0.8178492140965566,98.69014312807796,13.336572046580326,1789.0490633247548,False
55,M1,63.06933862171521,0.6803747405921281,96.60825594076223,13.448988496742816,1780.0756000014367,False
56,M1,64.89197443395335,0.7766849591373369,98.60159760323688,15.210758214138824,1787.019894421153,False
57,M1,66.62939790144401,0.7615339866124774,98.60274842480838,15.27201443059663,1812.8392520200646,False
58,M1,67.84635817262105,0.8533651839525439,102.69663816589919,16.76280195355869,1800.9317534662086,False
59,M1,68.05255068748303,0.860621335399108,100.98158054635314,15.853664467088674,1797.4829562137088,False
60,M1,67.79392778613284,0.9065533498431221,101.27584911362449,15.966271615900482,1810.34564602942,False
61,M1,68.74307860995219,0.9014659849084972,102.49715710589014,16.536243180633743,1810.4256036406837,False
62,M1,66.57774538845497,0.8708115392191443,102.72964581649182,16.252767320964974,1812.4706461448307,False
63,M1,68.81738765763772,0.8516992744296867,100.64479281750802,16.41286883423562,1804.7432937364968,False
64,M1,69.33888845390429,0.8569806381690568,99.71620061327297,17.07555084344932,1812.158070646542,False
65,M1,66.91613215784254,0.7870256114886236,101.39651736564319,15.927561584772175,1816.5220927006,False
66,M1,67.59116546976682,0.8327708501422603,100.60313529044535,15.875527794260893,1816.7431841747511,False
67,M1,66.85376224222347,0.78036992923173,101.62051953193692,15.617070111661823,1811.5853031807917,False
68,M1,65.08750281925555,0.7731983048674776,98.2205778103097,15.814467979072791,1818.3026571564637,False
69,M1,64.0677707536939,0.8042084666623092,102.39184220668395,14.899470646957617,1802.0140197329354,False
70,M1,63.281696243302505,0.7365411819072409,99.21143021688698,14.85657245249521,1768.9056404449427,False
71,M1,64.37239786088534,0.7588809013917694,101.38730240872368,14.965391692889137,1782.5269898486683,False
72,M1,63.11160877968749,0.8406458263383663,99.54468473972007,14.65862684727614,1791.7392867132517,False
73,M1,61.08265675593969,0.7407769252178583,97.78730862636469,13.642274022242113,1781.1224046457098,False
74,M1,62.332947510434956,0.789534546445055,96.64564691080419,14.26964791844258,1792.9512465433238,False
75,M1,60.7932684480189,0.6944064820013148,97.3037754598831,12.576593290640634,1774.99385014044,False
76,M1,59.179591145255735,0.676463750198938,96.10847928357562,12.45787865055528,1783.7646116267451,False
77,M1,61.10903392119983,0.737109188691383,100.93431036644118,13.596533200223663,1785.7869328633785,False
78,M1,64.99276280918338,0.7692165566513338,97.40806339252546,14.972656187083828,1780.6368843190348,False
79,M1,62.04294400273621,0.7471894357716109,98.96518758781764,14.142137203238006,1804.9423695264243,False
80,M1,62.38079746016555,0.7211124899252856,97.77016607806002,13.689836815785746,1794.174101554146,False
81,M1,63.060772920758765,0.7693610669270395,98.50987590340661,14.423866924173584,1807.720004337032,False
82,M1,66.49622243045991,0.8227356738893531,100.93318401747085,16.10665853379997,1797.1811865725836,False
83,M1,64.93826456875908,0.694949229283496,104.48081964260675,15.530217366918263,1821.6223551322973,False
84,M1,67.4623839638348,0.7474386274065373,98.95835995553819,16.03119528460197,1822.0036065355575,False
85,M1,67.97815177979896,0.842727598923,102.05019443312875,16.77767663736376,1828.2011269886748,False
86,M1,66.41197974446699,0.8755487037383217,103.53335586454156,15.81117212457022,1810.5082683510018,False
87,M1,66.8165952925004,0.7883521221389336,101.92089575469885,16.515096565007962,1815.9541765807326,False
88,M1,68.42328911010354,0.8487505099160676,101.06615638227274,15.514027176403964,1819.5633151945178,False
89,M1,68.04720252558282,0.8661022203561142,106.80510679442664,16.10815829395833,1812.8942783837358,False
90,M1,67.20171443183344,0.8692476660237903,102.06179093342377,15.532167472083298,1804.187559970155,False
91,M1,68.73890087288372,0.8338926502144556,100.32620786690792,16.561961719980147,1790.0306693375637,False
92,M1,66.2915896525774,0.8191638579528012,97.35789620728106,14.368967615913526,1808.091570680712,False
93,M1,64.14382580277835,0.7598649269129254,97.91226042938744,13.822392594026965,1806.0900096272246,False
94,M1,62.6117789108047,0.7215844401276207,97.87746058079512,13.19514792831301,1801.7502088869726,False
95,M1,62.86770744107815,0.7342210872411793,100.68586303235541,14.046081832378015,1793.666334342373,False
96,M1,62.736681462595584,0.6729998174227042,98.53426567766151,14.220519361811679,1787.758738233126,False
97,M1,62.36407024942899,0.7365592685410707,96.89548047785382,13.686828198866166,1782.8444992532627,False
98,M1,62.86629757086125,0.664452497994482,101.03293257463756,13.836858297712663,1764.7650481972187,False
99,M1,62.17331762459668,0.7587538674723687,99.92518197909372,13.918072956813273,1791.7651007680831,False
100,M1,61.322386649179414,0.7373183311304513,97.10262581779041,12.943602908393464,1787.6248038744118,False
101,M1,61.628802809906354,0.8033377235848096,99.74916436813655,14.03684899637307,1790.712834133808,False
102,M1,63.35830560422437,0.6991198026603359,98.71436826037697,14.949710529178715,1780.3350513100079,False
103,M1,64.00512822611067,0.6928066996360212,97.94895506111388,13.917312806526875,1786.6629173444946,False
104,M1,64.55282577208244,0.7779328511698228,97.59223716924726,15.007079738482943,1791.1985300471877,False
105,M1,67.53969640764225,0.8585721620179425,100.18993441389655,16.729097337134082,1793.8618160700325,False
106,M1,65.86111878238115,0.8521104794409544,100.85187684268595,15.355756731366263,1798.1151682158568,False
107,M1,65.2705327280218,0.7183158880211097,101.08585746705309,14.394735077878327,1817.1803772270287,False
108,M1,69.2152984160149,0.802419012717435,102.24697593141457,16.827293846258225,1808.2544175123735,False
109,M1,68.0858910012009,0.8033902089034741,103.73385868272518,16.185961024902255,1815.268697112694,False
110,M1,67.37881594115157,0.945478924378811,104.37060203228957,15.189057744295392,1820.896682316008,False
111,M1,69.64889186681697,0.8252612447350681,102.22672173570463,16.57731322151078,1812.4189415435326,False
112,M1,67.93356076145834,0.8118981445073771,103.14801808044164,15.793567901041776,1808.9483190452322,False
113,M1,67.86719738715303,0.8476980538504462,103.83495369501794,15.886103875410408,1808.5814631567323,False
114,M1,66.1654403409302,0.8268521626728745,100.77996349490044,16.409462776382053,1799.8239530638969,False
115,M1,66.02478804944168,0.7607480995826936,99.42664281965664,15.42353561299442,1794.7246605470752,False
116,M1,65.50486177669414,0.6733402853622719,96.80809028884795,14.771651974991844,1798.448779345714,False
117,M1,65.68976823392202,0.8421590230298344,99.8742754559553,16.121857526623334,1805.4878441844478,False
118,M1,64.4452350658,0.7408876186696011,95.50215317338677,14.109875395676113,1794.0058952981215,False
119,M1,64.93567204495002,0.8263261053407751,97.30635638604036,14.881150091977327,1788.8877833775775,False
120,M1,64.50852575202263,0.8081902891897416,99.88275956680965,15.153771904964579,1784.0597830825134,False
121,M1,61.429607965063674,0.7296491186996263,99.39713819492991,13.801000929592524,1787.6842798948762,False
122,M1,63.43692199171943,0.6661860599138066,95.7740022492954,14.007826477138833,1774.0406373714752,False
123,M1,61.13154091181681,0.7279297337369449,94.10523275329078,13.65107442015857,1777.2714814204226,False
124,M1,61.92593367726164,0.6993936246002139,95.25081044174897,13.197263997281105,1801.874414473663,False
125,M1,60.598954037372074,0.689955576686968,98.52923938871702,13.282742623263038,1787.957520698757,False
126,M1,61.40803776224471,0.7617292466243816,102.33722788468275,14.268778330856579,1799.413356118039,False
127,M1,64.22023330344473,0.7936379129646579,98.91433411775242,15.386114464688333,1798.3643411849716,False
128,M1,63.567345865211706,0.7357661452531099,95.61497415963689,15.00816400349564,1794.3457523480292,False
129,M1,64.69171396844483,0.8082125652585829,97.883005464701,15.32837640584344,1813.0768490937148,False
130,M1,64.56098921506528,0.8774868084634811,102.86036505088082,15.778294907742493,1806.5908512018516,False
131,M1,67.10763490989052,0.8379711031752447,101.8231211730362,15.741957321578965,1791.7618053349863,False
132,M1,67.5817816297938,0.8370486927888078,102.80768140785759,16.92131960029568,1803.4937925722725,False
133,M1,67.11700905345113,0.8497757064033481,101.59923148031227,15.96849045646169,1815.8777208407887,False
134,M1,68.28879626858007,0.8371717940934024,101.90407180918396,16.0495798284625,1799.9536742626788,False
135,M1,68.72993607082127,0.8963322160375656,98.79964960852436,17.019995284931348,1811.3186125784891,False
136,M1,67.87887438567334,0.879201034342288,103.74200989411071,16.64490204029287,1820.7226396761705,False
137,M1,67.10015712225379,0.8131111186891832,104.69400088272634,16.234866087178563,1811.3204932244917,False
138,M1,68.57041638214517,0.8638727784689303,100.43296658148073,16.434207164952575,1811.1439261755047,False
139,M1,65.61284410068544,0.8441216737323111,99.28566627533569,14.941743047328671,1809.9157129676687,False
140,M1,66.53400138436201,0.7785182326351681,100.22468413345156,14.810693997015619,1809.40796941043,False
141,M1,65.09394842404576,0.7741734022156845,99.53758211526602,14.6322857112817,1802.654770354605,False
142,M1,63.86465556235854,0.7718189541937894,97.34089802235881,15.204105990967761,1792.4586289665895,False
143,M1,66.32419284363559,0.8299118069425273,97.35465254408633,15.019639639202026,1769.801378000739,False
144,M1,61.81125641305344,0.7647199713255904,98.98993050499504,14.563567788441512,1783.3761862049578,False
145,M1,62.07898681318085,0.669718349345288,99.95383218710603,12.617009381118184,1788.3986370761213,False
146,M1,62.99858462550676,0.6884919161934506,97.53993520913923,15.041122959300939,1789.6516689628381,False
147,M1,63.577583802547906,0.782626841142988,95.58546126138194,14.653809673547906,1782.3647025657299,False
148,M1,60.58214674673232,0.7190592288884736,98.53114831145898,13.330063045503081,1772.5679500142164,False
149,M1,64.87016824808077,0.7970920082618578,100.69919567442922,15.076966964983262,1786.765412814,False
150,M1,64.51112028611445,0.719968162083986,97.29908290124908,14.52396108804795,1783.3960666762791,False
151,M1,62.72615446319678,0.6119008923430594,96.40752957727476,13.423581314474136,1795.8933277061863,False
152,M1,64.15306794988514,0.7382251978046674,98.31636613493195,14.778696008299661,1803.4533962963133,False
153,M1,64.27669907375126,0.7332038555605044,99.34159860196974,14.668658471629247,1808.2493608707787,False
154,M1,67.864837996663,0.8613808771978979,103.69261143397816,16.214932965502783,1822.4818667921409,False
155,M1,67.49145633521665,0.8368500707498912,98.82447534081805,16.170523725857798,1820.7726602367768,False
156,M1,66.55452498217133,0.8326585229252674,101.94163495304221,15.64611473488714,1812.8913183384848,False
157,M1,66.4667436584879,0.7950790077471863,102.4426451097328,15.742527747183578,1822.050775608708,False
158,M1,69.01422817826615,0.8427358290699724,100.99399286829913,15.171532322321196,1819.4491155551516,False
159,M1,67.03046018970929,0.776150867114724,104.9053072875099,15.235014836431755,1809.9099656436372,False
160,M1,68.7142786884995,0.8600516407916685,103.13195605800259,16.280063437295958,1813.2434869239444,False
161,M1,68.7556276865697,0.8548533275548243,100.93933391922656,16.35075464557148,1819.7182009775413,False
162,M1,67.93749014523281,0.8113415374316447,101.06812742433387,16.207422704046767,1817.2227900239718,False
163,M1,65.48340257609439,0.7903587399740131,100.78939868588917,14.503417470896343,1815.8523213216558,False
164,M1,64.67092333363942,0.7609103521383523,103.15234565993113,15.084536716146633,1820.688597543248,False
165,M1,63.80879373688472,0.8341702248827819,99.4404016666638,15.105514690212114,1805.2430205638616,False
166,M1,63.17076370951276,0.735802010234342,100.58415701891823,14.059230817638094,1808.2453633672926,False
167,M1,62.27794837372624,0.7235148797073256,99.58245027092924,13.823878916654975,1792.0836616391452,False
168,M1,62.333932932250214,0.7418718007892219,96.20316854491118,13.015156758465958,1789.4365500808337,False
169,M1,63.94283748027245,0.8011282155673457,99.439862815755,15.39468274818248,1785.7344171186794,False
170,M1,63.05081641708282,0.7624221363521798,96.39341237559707,14.092134799284144,1791.7855446131991,False
171,M1,59.8219538978839,0.7753308370392515,96.91618087605788,13.338238132086985,1794.017184626013,False
172,M1,63.019809815258355,0.6567761823834911,98.05787764606796,14.226510764570035,1789.1401901122974,False
173,M1,64.87303798950808,0.7169383036184424,99.73421356681217,14.221510847668725,1797.2436734464616,False
174,M1,60.90248358624659,0.6448875966988429,97.63883065680294,12.514133400914654,1798.8105754255373,False
175,M1,63.74609081624333,0.7852701536561233,98.04490620856063,14.038055979729094,1802.0607500112958,False
176,M1,63.663081113521045,0.8124967548183013,98.31819101495124,14.603950907950251,1797.0676811658227,False
177,M1,65.13046130013808,0.8071319079954499,99.3507360489526,15.97732160960909,1799.27459087676,False
178,M1,66.47349482049242,0.7611454149136313,100.76023052398176,14.792119469112588,1812.4999253449425,False
179,M1,65.9722805711154,0.7412594498239168,98.46255125625169,15.163772086810502,1825.6853462795082,False
180,M1,66.27061738472896,0.8348518874637207,100.069639389043,15.973195350747126,1810.1972685921917,False
181,M1,69.22509866976712,0.8951350110482164,102.22203672639326,17.07921392350112,1800.628390484408,False
182,M1,69.57806291452088,0.8747181460542055,98.07805102084649,16.810768656206577,1818.3425007241035,False
183,M1,68.41438746426674,0.8628696066394835,102.98322682521253,16.203051099203332,1830.142036810806,False
184,M1,67.6868768519227,0.8729259445078311,103.1707444412878,15.123515924924382,1821.5261929896615,False
185,M1,68.91330145493002,0.8734124387331978,101.20871594311748,17.041926933243555,1804.1972238637131,False
186,M1,66.68978002438011,0.8028798751634546,100.95046653255837,14.798752305340692,1816.537215928252,False
187,M1,64.96064637121093,0.7436071956088597,100.62685874967478,14.447812257667225,1809.25532693555,False
188,M1,65.99750419626841,0.8105494425946465,99.69526107283482,14.973508074507127,1793.3825125723424,False
189,M1,65.93407373815654,0.7490768033361809,100.37063196739722,15.397207221730358,1801.7421161019986,False
190,M1,64.77939335158476,0.8057363431889268,97.62572677683909,15.702351916361685,1802.6790730699554,False
191,M1,63.475931649638405,0.8497461371132007,100.45942973010511,14.428272527328852,1788.3307888605536,False
192,M1,62.748089446159774,0.7005176026216611,97.06403468995295,13.285775268631909,1805.207811701428,False
193,M1,62.66065516052729,0.8165536158288776,100.29611167725817,14.250638074139646,1771.3821335763505,False
194,M1,61.470949987760754,0.7990876015049341,102.9550718035684,13.742356226798002,1794.0500954764143,False
195,M1,65.04089605095926,0.8418308560405433,99.0163033855631,16.0031552988794,1767.9369413675752,False
196,M1,62.83892797028489,0.7243211527832595,98.92114534376698,14.477875895115083,1782.8453128146707,False
197,M1,61.627615980680275,0.6485921051018932,98.38528895834246,13.350794184048743,1784.3858771735454,False
198,M1,62.26497327542532,0.7231401576416632,98.04245605811994,13.409750475520415,1785.7626462988353,False
199,M1,65.67215260248693,0.8326468048107641,100.66695385516165,15.452952010849849,1806.8386187240205,False
200,M1,63.85834450131999,0.7349280322589152,101.17266230226447,14.680688167611565,1798.898535872463,False
201,M1,63.792641012342976,0.689814505596085,98.3688473155524,13.653177100267694,1820.78315393375,False
202,M1,65.57446323596491,0.7343249065645019,102.73750504095239,15.28486835759932,1823.3961132137824,False
203,M1,66.0214560477748,0.9350289517173436,100.53859239940684,16.726445756116313,1812.8421634725898,False
204,M1,69.09814441842593,0.7726441268561125,104.43679074577592,15.722337057052217,1805.767026047358,False
205,M1,66.88949845295964,0.8335566003892546,101.05595951013201,15.54496472880622,1814.451244443128,False
206,M1,67.92337563571674,0.8396222083983162,98.32292330853068,16.936225291354745,1805.9990671401993,False
207,M1,68.43706229696491,0.9148088111995522,101.47687815486323,16.382840493729002,1816.2906679842467,False
208,M1,65.42655759667157,0.8721785172299509,100.01610651396209,15.306528684601197,1827.2047053693225,False
209,M1,66.17426209747141,0.7914505799322079,101.29166792862016,16.09495632838423,1807.922359417736,False
210,M1,67.62899365738213,0.8862875127221241,103.43703234156183,16.86561919010048,1799.0237620290889,False
211,M1,68.67736923462398,0.8629259659001798,100.26034502498021,16.4838987510949,1802.3671673086478,False
212,M1,67.15032384759144,0.8619885520739942,99.55767241672417,15.36803859296104,1815.153710215314,False
213,M1,66.2861689265899,0.8068078794272925,100.36512911720504,15.825188184992621,1797.4818647447478,False
214,M1,65.65074051521064,0.8558235334062331,97.26190479160385,15.26115632878011,1806.4698383520154,False
215,M1,64.81744687409746,0.7938628841555093,98.10626281096883,14.66109958974571,1783.4170185624994,False
216,M1,62.48975789530079,0.7394744913787871,100.89286946503611,14.10913867599114,1793.958801061357,False
217,M1,61.079377138114275,0.7763108499718452,100.65878066055382,12.927024190806364,1802.6550523029605,False
218,M1,61.41514275131414,0.7712090147803545,97.03618256185459,13.844653376528209,1779.382621266711,False
219,M1,62.132468737680895,0.7724809233812746,97.28493969918541,13.01025245653532,1781.157349482164,False
220,M1,64.12807474200491,0.8235987614856015,100.24634715922254,15.718434313984304,1785.3673730693451,False
221,M1,61.53992958910749,0.7838660590942724,100.43345180543986,13.84190857824987,1786.3572716689405,False
222,M1,63.629951666665605,0.7864199888780118,98.31877550858354,14.249898208597665,1790.259328220895,False
223,M1,64.8452562882447,0.867257283939482,97.82804971102131,15.39186608992079,1794.1447992558547,False
224,M1,63.05739618201821,0.7997519000135753,98.13576304899021,15.140117521296068,1806.6497235721083,False
225,M1,66.06959826990628,0.7422343122309879,102.5054575152242,15.358242828284208,1811.649139181145,False
226,M1,63.828196598087075,0.775736888397794,100.85331487513504,13.204174866662798,1803.454712436975,False
227,M1,67.94756793376511,0.8528604531243766,99.60739361219338,14.899930942386158,1808.2808339207395,False
228,M1,68.03501579720886,0.8659621898404039,104.6504628771302,16.100044118946013,1817.4846169237228,False
229,M1,64.42905658514545,0.8042850356749176,100.48613212998164,15.224094178325497,1826.968571599578,False
230,M1,67.07490103403825,0.7538369585109075,100.16732267704728,14.947156614705843,1824.4907939302325,False
231,M1,69.11942604638755,0.8953500445203133,104.24302174374967,17.58525994770078,1807.0772485038303,False
232,M1,66.6748605165098,0.8111904835684153,103.78137784378421,15.518789793419115,1821.1020267386114,False
233,M1,64.19046698851534,0.822286285047625,100.21429538319182,15.42341824399024,1809.8164286158028,False
234,M1,67.40213841076616,0.7986836061979418,100.38079560054986,14.967600874372009,1824.4690669195504,False
235,M1,65.88039782152532,0.7615990518567214,102.0117354641087,15.57160987734539,1807.0669310174653,False
236,M1,65.8701082353713,0.8285989670696358,100.21356545141231,15.627881176386957,1779.7756269188683,False
237,M1,65.29031226578839,0.754722248190903,102.43050262376909,15.768332882447362,1775.762441597423,False
238,M1,65.01486540517415,0.7883181588372734,100.9833781655534,14.564979860247353,1802.9577472233736,False
239,M1,64.31773013118399,0.7935320689594959,97.92026986434136,14.194251495825887,1809.116631579043,False
240,M1,62.477218445421784,0.8233181165335428,93.55756374442466,14.408645254905078,1793.0643087244955,False
241,M1,64.83468387496762,0.8221885916966727,98.85022046945899,14.943544076241482,1787.9235774070357,False
242,M1,62.39703684432204,0.7530505937076284,98.14912357331353,14.207014969400296,1786.014054590536,False
243,M1,62.59805693711867,0.7691556580700925,102.1994244061821,14.092707860988103,1782.9853004299528,False
244,M1,61.910095871723385,0.7516032380024389,96.22197152560264,13.693357386486168,1783.3118217464337,False
245,M1,61.20823129648719,0.7771112448065428,97.69675891567276,12.935377732842364,1777.475729167899,False
246,M1,62.14263934832863,0.7162622085984632,101.34656268494324,14.250301822111673,1790.9828712690003,False
247,M1,63.55399527666039,0.781915089696684,98.89778340924381,14.606525097476515,1795.0773372735428,False
248,M1,64.34881044904978,0.7178934903677354,101.3024354438163,13.898272699525549,1792.1560496065388,False
249,M1,63.39746706516877,0.8358383038027202,100.23258485641277,14.626749756058496,1805.2783936258704,False
250,M1,64.78915587051851,0.7287016125239599,100.0134285713457,14.727716010514403,1814.825404120172,False
251,M1,66.10086433973663,0.789485951073622,102.28398862953662,15.423513146011759,1793.4617895433794,False
252,M1,67.22607160767336,0.7595502422945458,100.66807965015451,15.61615703090383,1813.106267168521,False
253,M1,67.20419082754294,0.8552177661275675,100.12197159531841,15.656978586675583,1811.6365843986703,False
254,M1,66.19047141018432,0.8412235528746116,102.78834334918325,16.21280392229675,1824.4621354209962,False
255,M1,69.21600088184239,0.8563587508743254,101.58071913501745,16.96363077074016,1818.6061677816144,False
256,M1,68.41344765970717,0.811431472384136,102.88535150416601,16.404478013040634,1816.9771225464617,False
257,M1,68.42547441429403,0.85987912025456,104.52248822685678,16.592849294611597,1795.4078546192673,False
258,M1,67.70596379686239,0.9227547407026522,103.30750261213176,16.847431177308277,1814.112842986373,False
259,M1,69.15147214285743,0.8159021970694254,99.4147961272772,16.63047956952441,1796.3251470449945,False
260,M1,66.3216963647511,0.8521911841856474,99.18002056477602,15.634380119748874,1794.4060409736032,False
261,M1,65.47749948645465,0.8520380038552681,97.50930564478595,14.794631313055541,1797.8137117488277,False
262,M1,64.34911388816818,0.7486125330731982,98.57119692751797,15.32604791477742,1800.1778239598393,False
263,M1,62.89586883178349,0.8264488426804126,97.89690557103305,14.801032168820335,1786.6574124935678,False
264,M1,63.18874140789626,0.7912835783196814,99.40173696034552,14.166766182219037,1806.4830644292995,False
265,M1,61.69129207879574,0.7514748572565905,100.73634708949969,13.916688016095064,1799.426512532372,False
266,M1,63.51092904207997,0.7930264478695235,99.25475869103803,15.137715206092663,1777.2500873665736,False
267,M1,61.61839344597895,0.7636097046825302,94.12788636425348,13.13581857200966,1788.2690461921102,False
268,M1,60.7078058502794,0.7450821338161169,97.12876775216075,12.835960531591839,1783.6130399250455,False
269,M1,62.89245229486176,0.7824640297002822,98.77403567517355,14.794875859187568,1771.9209005645403,False
270,M1,64.02545046005682,0.7215381205899346,101.00962006804285,13.849546128318103,1780.7716405497197,False
271,M1,65.56532242037346,0.8166876189232808,100.09011944142767,14.403216816451353,1796.7172804106892,False
272,M1,62.308352309071545,0.7723292062702976,100.56497745849131,14.403755340952843,1798.2960545632106,False
273,M1,66.26901539363014,0.8950661233772336,101.06079413520203,16.083895656426428,1788.4001474556824,False
274,M1,67.75564485396848,0.9042152508171347,98.11772640505015,16.166295401484415,1796.2542849906204,False
275,M1,66.05395533540492,0.8819081075616282,101.96275263625509,16.51937889791381,1797.5308942847923,False
276,M1,67.58721628265707,0.8766922803603233,103.2458612269291,15.376282570582088,1809.4495022171766,False
277,M1,66.93117665333051,0.8508698142903407,99.83547316454566,16.15703669407785,1815.8216893551455,False
278,M1,67.2547974407296,0.9109436118063029,105.10900460874605,16.143421183985005,1827.2865975395891,False
279,M1,67.97253125956405,0.9067652815418358,106.12966198267321,15.403200380652596,1819.0526193749631,False
280,M1,67.2663270647495,0.8186071831180922,100.1386110538302,15.18522323139307,1814.27029705094,False
281,M1,67.59132086387092,0.8784805073115232,101.05056309255784,17.62523949321962,1802.3626217798897,False
282,M1,66.25703014594666,0.7944008697391425,99.5666868006996,15.865977650149588,1832.2728598325705,False
283,M1,66.98578876099981,0.8211892735660152,101.57915144151686,16.12364953133214,1803.8784141296755,False
284,M1,66.8887492487823,0.8280396906166795,99.0951964729216,16.175068259856623,1803.0381930792182,False
285,M1,63.29982428401921,0.7341817071144596,102.50819287462257,13.474918280215649,1792.4516156062818,False
286,M1,64.99676424089249,0.841604884590011,98.71439309572624,15.691024169795277,1791.503972252421,False
287,M1,63.56460250829919,0.7829879771264608,98.92440772658782,14.66552427226413,1789.4015684983794,False
288,M1,61.65427156979655,0.7363361138251093,99.8660073068703,13.865681929611334,1791.224851545665,False
289,M1,62.79503499258425,0.8253767880259544,97.64221560823141,14.241622164347318,1796.2842147370375,False
290,M1,61.95656554340739,0.6690470532942464,100.77758545475673,13.679130846709727,1793.5613655906634,False
291,M1,63.24664212481155,0.8316037425420908,98.27268621340214,14.247502919736062,1774.7145652125168,False
292,M1,60.55508948394831,0.7500922696285862,98.30845328296792,13.838886396301882,1774.3084454183172,False
293,M1,60.83341822549075,0.7563406951224662,99.43404432487513,13.773861680039538,1787.7093604710699,False
294,M1,63.008362561288195,0.7258931339868956,96.0640644814211,12.573204476062067,1795.4427759924629,False
295,M1,62.54560646893942,0.7997070299757807,99.4423361402291,14.634067941880538,1785.727546130493,False
296,M1,64.04953704026475,0.8874036797467872,98.65476261650528,14.869857057817512,1789.990531346648,False
297,M1,65.7384867981349,0.7688003305313741,100.3346459022184,14.969160755294311,1804.2181493455448,False
298,M1,63.70338321124955,0.7919993800692446,98.14376986738769,14.397862627099654,1800.016882500176,False
299,M1,66.87622763844253,0.8716052514282243,103.8936367949398,16.624593114442273,1809.1201903067965,False
300,M1,66.6788489629195,0.6902674691498595,102.30287896999629,15.080247874460168,1807.3362629712071,False
301,M1,69.31057079760019,0.8693108657000576,101.51891952324085,16.29664675218454,1824.0205645378858,False
302,M1,67.72341174905921,0.8713954295650774,101.76246206421365,16.847906978325657,1814.035805943283,False
303,M1,66.23588050724727,0.8161299849922654,98.90523666704074,15.665927041331699,1812.1476496544472,False
304,M1,66.91572142468983,0.8333984694113736,102.61451147457781,16.195178201904437,1813.661201662631,False
305,M1,68.15262181241162,0.8208541051916677,99.75946807283415,16.28523775576792,1802.4787481751014,False
306,M1,67.19390262077539,0.9386207964591889,103.26078871076596,15.990211762355854,1809.5158216383845,False
307,M1,65.54880880883243,0.8423011074618969,99.72261874656864,15.07408030861151,1797.2403917617369,False
308,M1,67.63791895036235,0.8462934326686695,103.85536217104918,16.443839616119256,1807.391848809031,False
309,M1,67.3246573766945,0.8495997667628528,100.16105989223539,16.44419871458003,1792.04424303774,False
310,M1,64.67454377119313,0.8353656045982008,98.48970295842796,14.68156446369843,1784.884732405201,False
311,M1,63.19836690334982,0.7653084392427821,100.73615546941798,13.023860869597984,1799.9396978058744,False
312,M1,61.142304705684445,0.7855271435369855,98.06281746839838,13.603091405652107,1794.6142658766667,False
313,M1,61.55577826385636,0.7605968383579939,101.51674550380199,13.00445099993013,1779.7759709867378,False
314,M1,62.49821568600479,0.698962097566103,101.58124033037674,13.632468109635504,1790.1467149920027,False
315,M1,61.908008175095375,0.7670811347282378,96.7957593322845,13.37349157705513,1784.5971440349692,False
316,M1,59.99990056452762,0.6352032555349679,99.8933411436165,12.947240017333971,1791.021636123293,False
317,M1,61.64941207793683,0.6810640442364423,99.63974014729736,14.315565051071301,1772.8830482967983,False
318,M1,59.90005716365714,0.690855031142398,98.20898371068208,12.426869270554976,1806.0577751599938,False
319,M1,62.76067516893244,0.8173430911309568,95.37170207294815,14.103495458987279,1790.8565840685571,False
320,M1,65.90098962554445,0.882901737099582,99.99723234072597,15.678837373125445,1792.1381307054637,False
321,M1,66.16901252834361,0.8670751121119775,99.46400855293554,15.460606567009295,1808.0461170565995,False
322,M1,65.2527590299283,0.8115069884984623,102.83746602016728,16.154814580143782,1800.674539868455,False
323,M1,67.59657592376945,0.8529378377487,103.45808981626239,16.20855933958404,1810.702240005674,False
324,M1,68.15025878657677,0.9306043474908617,100.01495205396468,17.003301760017013,1814.5241181805645,False
325,M1,69.00294683104816,0.7954804630359799,99.47835197411759,16.46267936487007,1802.543921292626,False
326,M1,67.96702054222489,0.8409690967084584,102.41964709429003,16.52157884528419,1807.8219038351435,False
327,M1,64.52884429184115,0.8166731496480609,100.9616592422617,15.478397874287266,1819.8696908731706,False
328,M1,67.6929584037034,0.9044240577610962,103.66330843651383,15.614215675971803,1820.9828336452804,False
329,M1,66.25543398553566,0.8910889015447474,100.62554603854913,16.112094705977114,1809.64338994232,False
330,M1,65.82442671237422,0.8078883532378526,103.71401374415645,15.375704722274037,1823.3061165452223,False
331,M1,65.74427993128535,0.881317731601912,103.95024680676728,14.395392895502484,1816.7551516497192,False
332,M1,66.6122348368421,0.8390134607910348,98.34422397774213,14.88431638467038,1802.6830599662046,False
333,M1,65.3989749353571,0.8081278658705465,98.24550469184082,14.519685753681248,1795.4427934159626,False
334,M1,66.14492323356352,0.8881809492318912,100.05659737961771,15.169627548474136,1806.9974619639397,False
335,M1,62.32314865029694,0.7268085302836955,98.20913754570151,14.230881380883085,1790.1025165534522,False
336,M1,61.250385627063906,0.7571145617946241,102.07667958523585,13.988056680626952,1794.6530182683082,False
337,M1,63.649990480490025,0.7878531536980945,98.6844424390841,15.011697611948987,1761.713359628834,False
338,M1,61.429772458599,0.7424804593702472,97.75901186710384,13.361118574346644,1785.2878736778466,False
339,M1,62.54592618108429,0.717588262512759,95.65072599918174,14.99062617501494,1781.6997185545536,False
340,M1,65.2753701702239,0.9066453380663645,99.454815173358,14.56176739812716,1779.432082418954,False
341,M1,64.24455619172775,0.8454276172495081,96.97827330257971,14.33790701353476,1789.8759092967696,False
342,M1,62.78934417427077,0.8869550923974943,97.73988979426355,14.89961996137386,1790.9577594974041,False
343,M1,63.23279267966299,0.6950766012260509,95.08686908669216,14.228307259379454,1785.447012376004,False
344,M1,63.768855909809375,0.7306107794586334,99.0543627353349,14.3965761198769,1805.1596037287884,False
345,M1,63.60483458441755,0.8757017921980333,100.20119573966011,14.72909188221969,1799.613860899011,False
346,M1,65.34540345795298,0.7833376232560931,100.42815386973477,14.815313668314735,1819.708303714275,False
347,M1,65.7267001712824,0.825491610905776,98.1483596071869,16.254523761696635,1805.4294826399064,False
348,M1,66.12395847938546,0.8061928298265435,101.39613940049114,14.589870744891128,1811.6284004808178,False
349,M1,67.96660251272779,0.768558369043127,101.9442050644373,15.649092074509051,1820.7893056924327,False
350,M1,67.29741425926976,0.8502100363953186,103.33643550082893,16.074873876231507,1805.549391615362,False
351,M1,68.81166735341172,0.9555433299127793,99.33219859055751,15.276363048849664,1817.5866133265001,False
352,M1,67.04739205901741,0.8054786859116051,102.17711176200326,16.094986665749897,1813.9717699726168,False
353,M1,65.871935754085,0.8968830876673101,101.94050650657081,14.783158141719412,1806.5716752603068,False
354,M1,66.45445235712786,0.8592701593095539,101.13965128578008,15.190316927095317,1818.3229543991704,False
355,M1,66.30459610101498,0.8690740994795537,101.53106102820294,16.221601172850317,1812.8582497944542,False
356,M1,65.58269669015483,0.8735610040630915,98.5409087251205,14.745206291191097,1794.3762423470869,False
357,M1,63.745349113120355,0.7857757517743973,98.52078106320553,15.443929051657955,1805.785508712326,False
358,M1,64.5252591538638,0.8345164335610579,103.49250376449953,13.969236380815122,1806.547884524175,False
359,M1,63.189153436276044,0.8313937199452381,101.15530941482251,14.513521260081152,1795.590183839989,False
360,M1,63.62197742195245,0.9195324853102216,100.27879673816135,14.666917347825752,1779.9104660538217,False
361,M1,62.91401915055982,0.8147689913079138,99.16552963508175,13.292020648865913,1781.82306488369,False
362,M1,61.084531603852945,0.8000732003213766,97.29594614879969,13.226173926131011,1782.5345382504463,False
363,M1,61.94618463870828,0.7663895665118451,96.54220896791513,14.19608566142207,1791.9394030605065,False
364,M1,61.941770792019625,0.806591521336465,95.81185582007707,13.826789810452555,1770.4669050156642,False
365,M1,61.492330108557745,0.7907683606420218,97.93330341870464,13.765134199456378,1788.8382416801414,False
366,M1,61.72560919495728,0.7893700454752786,95.57144841420127,14.158684368142003,1792.1165444880166,False
367,M1,59.789094425883924,0.7703162929220007,98.26805182383795,12.688189626396877,1782.582125476186,False
368,M1,61.25533275596824,0.7441492552169314,97.25461640683491,13.920065198285426,1812.9321088918293,False
369,M1,63.56895346446995,0.8568656841275355,99.42629998590809,14.545348639885601,1801.6172909615311,False
370,M1,65.80045373971598,0.8820011919919287,99.69157502782606,16.091881798805062,1787.6752883287393,False
371,M1,67.3367777115941,0.8628456153885152,104.6801050956497,16.808288345287416,1798.9318997334824,False
372,M1,69.09665145518457,0.86489324083555,105.1473154644373,16.29219881635689,1814.337827480008,False
373,M1,66.87681145845053,0.880258071478799,99.78873727204119,16.681608646336617,1804.0487651632125,False
374,M1,68.83455258562545,0.8833406832112088,105.95047438031024,15.572293107036174,1798.527781842626,False
375,M1,67.01138609471187,0.888591890792862,103.32115943963653,15.398783858141257,1811.5844358024442,False
376,M1,68.93228898231037,0.8034143178916845,103.3477100972684,17.10321420056639,1806.621907863407,False
377,M1,66.55436855108874,0.8092860138193902,103.67047057791943,15.86511654640497,1816.3076302041156,False
378,M1,66.91774228707737,0.8275213293846146,97.13502075622397,15.79568506222082,1813.1727688008305,False
379,M1,66.42492076039831,0.8489267638061957,101.62148010600696,15.864818435619197,1799.2500191197753,False
380,M1,65.98751425373487,0.8291132477296851,103.89568888169536,15.757020008713125,1785.5312625168604,False
381,M1,66.26869689838988,0.7754911029898266,99.57010070075025,15.058866199283536,1791.8293209982367,False
382,M1,63.377112154883704,0.752789483505039,101.78611512036343,14.394448677429546,1790.6712120167565,False
383,M1,64.40991114333647,0.7463790936088935,97.90068404418898,13.690056419848167,1792.215903470295,False
384,M1,63.46490784933986,0.6892018353717247,96.64884627549976,13.274428890948924,1800.7623472933299,False
385,M1,60.100108101549786,0.7272737266941963,99.12858204502469,13.208000225525462,1777.5530397956416,False
386,M1,63.721489458615906,0.7999354342009785,98.08441170298092,14.97499898260246,1792.4386155859092,False
387,M1,61.592686879264775,0.8041746629229044,96.8397678815807,13.381548513481116,1787.983866969035,False
388,M1,62.39595048480666,0.8147263326034574,98.0986519419201,14.13244896283685,1789.1141153745236,False
389,M1,61.00399220444767,0.7819287206999845,98.88572297890457,14.680935421268524,1764.7021579157733,False
390,M1,62.15699802950225,0.7754534158115727,100.31528641719177,14.204595540645357,1784.9945701456998,False
391,M1,64.0831415593693,0.8108878283614407,99.26874019054287,14.697293040097165,1794.3993213815531,False
392,M1,63.87174062202816,0.8222330874228426,99.54614753882434,13.619720318168293,1794.000120632326,False
393,M1,65.70653181917305,0.8830556432028045,99.9830957695567,14.877942406428238,1796.8254564631889,False
394,M1,67.62826319293947,0.8470724224026419,99.79935810664053,16.861801546073494,1794.4789637836977,False
395,M1,65.71083451069707,0.8128552526540692,99.3902955809453,15.13183313219425,1805.223586811273,False
396,M1,67.91358484787392,0.8647329630450026,100.79739677824708,15.384579698586442,1805.2487609044683,False
397,M1,67.38024451132893,0.8610233734994018,100.45041676766917,15.915993514227535,1821.0001406930119,False
398,M1,69.10951260150927,0.8454209937362995,101.24866671253473,16.181172688458144,1806.4526360648163,False
399,M1,66.94712111077806,0.8711171222534368,102.88336385030247,15.547212866605806,1812.5425490596049,False
400,M1,68.84435612442286,0.9593174347081704,102.68614344079487,17.2188512798082,1818.5131527030612,False
401,M1,66.059542992777,0.9003354214108586,101.85161060637736,16.38642793625481,1812.0366765238184,False
402,M1,66.9962745304891,0.8957866268659795,99.45795297632368,15.37387854248193,1810.0705863153387,False
403,M1,67.67525735279976,0.9521622842651722,100.85043292374704,16.11590186996842,1820.4454011349526,False
404,M1,65.84605357751477,0.8713172928055878,100.24688026133043,16.347050682573347,1780.0269632623945,False
405,M1,63.78728482639419,0.7933913990882067,99.02981251912384,15.961008254150727,1801.6630767513352,False
406,M1,65.18534920021686,0.8327682978117393,101.02797099341775,14.634181966283117,1793.8928202196741,False
407,M1,62.100092010195375,0.7661078681007416,102.27097804936486,14.013149254226335,1811.8036604240149,False
408,M1,62.76222127177883,0.834311837888251,100.4683702521636,14.145821029066203,1791.4960027083544,False
409,M1,63.30650102044231,0.8042298365141903,96.84789683353867,14.896024961783825,1776.868033790886,False
410,M1,64.09482092890444,0.7563393225356616,97.72838477811146,13.907830871817087,1779.9300465810936,False
411,M1,62.29160784367714,0.7868117563110205,99.52384576443173,15.030240969749457,1772.9601886396251,False
412,M1,60.764217994686206,0.8477453103502898,97.70825730431598,14.47898653839359,1797.4810276990154,False
413,M1,62.70568884732639,0.7466423435968436,98.38357591424135,13.838593933477522,1788.139813486672,False
414,M1,62.94157948810293,0.7972633684079028,96.3870132483969,14.828498704604632,1790.2519641405822,False
415,M1,64.01742113738612,0.8805427887829589,97.17241888117543,14.65892981181196,1785.77804975538,False
416,M1,65.51817494678279,0.8724712599546418,101.00860556912185,16.380363194523962,1795.547696560037,False
417,M1,66.22733782218866,0.761872702346713,98.69726938413605,14.856798549211018,1791.9746615802594,False
418,M1,65.41893184575889,0.7704226126747494,101.6307994733111,15.576880607001836,1804.852782795113,False
419,M1,67.12399550800676,0.8596334964968488,103.13663540460988,15.841221966566966,1798.866196359888,False
420,M1,67.74076827755466,0.9081067267218031,100.35379397078106,16.86561981739153,1809.8364182188582,False
421,M1,68.72190395889895,0.9079746596810475,100.52755709510437,16.635631898303387,1808.0048925981062,False
422,M1,67.03723668989116,0.8073532700961874,104.48147140331757,14.875435833834258,1819.6298435487518,False
423,M1,67.96465161432775,0.8690618854052913,101.72582240579614,15.914416118252667,1824.9674609974845,False
424,M1,67.72631500343816,0.8720204432651066,102.60342640567477,16.739944504221867,1815.0595801292814,False
425,M1,66.87309123725261,0.8066136734070267,102.58802842423766,15.890925020995452,1816.5736535194903,False
426,M1,66.11575796373512,0.7613841665437265,100.73289901417844,14.920990156201567,1811.2238081709286,False
427,M1,68.50599966447611,0.8935859588736904,101.62559623989554,16.76509148155018,1797.1004389155325,False
428,M1,66.6044611713495,0.8937988009131231,101.98099060341995,16.1258808822825,1800.0966708999463,False
429,M1,65.36851638415165,0.8333402265425742,99.92009578057757,15.321257883478742,1794.240973969272,False
430,M1,63.12323464784135,0.7876416379286283,95.95531305380031,14.166400375988827,1799.5964303119838,False
431,M1,63.65957894931764,0.8629295944424611,98.34508513365303,14.503884632373493,1788.7402137749855,False
432,M1,64.15997549189181,0.8017809510091736,98.09093644003076,15.322929545652146,1780.9517570032235,False
433,M1,59.699457192363894,0.7380965316502364,97.06229570041384,12.460374661754626,1781.7600904038256,False
434,M1,62.30897388424986,0.7802941838273015,100.0584991232681,13.716229461863703,1788.6835354629632,False
435,M1,63.67403566901124,0.8768911390890622,95.33186232476368,13.88262269599457,1776.107811297932,False
436,M1,61.259137835043745,0.7468774294167576,99.11123531486751,14.01925000608176,1782.441539648196,False
437,M1,62.754364041708826,0.7842679525175089,96.30976981172348,13.973118134549399,1791.585570943462,False
438,M1,63.11528462757886,0.8303394430232117,97.50226233060793,13.630144257651631,1804.5607831120183,False
439,M1,64.72158491552564,0.9647028211585258,100.31636282628492,15.579596964700638,1798.6348207512292,False
440,M1,64.18528251424505,0.8771947901277308,98.12797039332996,14.25856593874829,1800.8587665935224,False
441,M1,65.3903018560643,0.8959349477869325,102.43877466065133,14.75246640014006,1809.8196631192886,False
442,M1,69.00554958807467,0.9638734425659569,102.94502024628822,16.30869888586498,1791.3365959759333,False
443,M1,68.77097760681195,0.9096642334898938,100.69791261838094,16.679872283875408,1813.5328087710784,False
444,M1,68.47572786796154,0.9057557684289751,101.22894779915445,17.240604200362792,1811.0531936151567,False
445,M1,66.45235936872595,0.9201657718445099,100.62680677315537,16.288916805656978,1815.2066696221318,False
446,M1,68.33375940831633,0.8926744299526594,97.12681026287483,14.61487815922855,1816.1441934739928,False
447,M1,69.18725314877541,0.8747482164190681,100.87113879781953,16.189009442266997,1814.6659064791484,False
448,M1,69.21407924699618,0.9003721304034622,100.94345158676819,16.990216775314536,1800.3923538698662,False
449,M1,67.55774478741252,0.8844412318404565,101.94559670520874,15.276774220889024,1818.2628763082762,False
450,M1,66.83969194176792,0.8657887406157033,102.80757508078891,16.67655591646039,1810.0177559193241,False
451,M1,64.44813569564649,0.8319227755196047,94.70381495180422,14.386934028883669,1809.6278853196695,False
452,M1,65.96421153922323,0.8428529402872481,99.12712167891391,15.883874837726223,1791.5418660018167,False
453,M1,63.152358003957815,0.7887915991262133,100.89499169040451,14.136987102450579,1806.7753828458553,False
454,M1,65.23306142993577,0.775793052579262,100.71446551333439,14.426782468592878,1787.4795484599724,False
455,M1,63.86927698601966,0.8573237855522731,101.50305164563935,14.012793805113184,1803.2935078207436,False
456,M1,63.541676570202455,0.7338699991226328,97.36801116091247,14.659852843564074,1787.3154413972413,False
457,M1,62.59461493604025,0.7369079670268681,96.01625604037432,14.361082704712043,1786.8460879808185,False
458,M1,65.35489720388969,0.8617085781135833,98.56440565380106,15.795107084156289,1760.4661000287297,False
459,M1,62.17043324735355,0.7421255880378724,98.67259119425353,12.793617587589752,1792.0040847683863,False
460,M1,61.93163147033187,0.7575395007534483,95.99055885781326,13.47970877334408,1785.0650742000826,False
461,M1,64.03006976202637,0.8884898815103688,96.90779600583963,14.945169633092373,1790.633132614965,False
462,M1,62.11100872942276,0.7505691768613213,96.23735587974696,14.393974789708944,1799.7802203814767,False
463,M1,62.62435157593877,0.8038543494418096,100.5944163365701,15.514756026742536,1778.3072636577378,False
464,M1,65.33094090477157,0.7885708056677772,97.35583085952999,14.937157829194968,1783.5738160340425,False
465,M1,65.5461174516128,0.8068550703582775,100.19555341264173,14.911610744473307,1793.1469336365383,False
466,M1,67.51691140020668,0.8651933439596134,100.57686768253973,15.526055047511809,1807.520851070899,False
467,M1,68.52928652132387,0.9291043715076293,101.04405054756818,16.441539946094984,1801.1805503285993,False
468,M1,67.63982458182033,0.9330113624414618,102.28631996829657,16.682926186219394,1811.0366322268915,False
469,M1,67.739948662311,0.8720269763855801,101.87122334792757,16.539759995606367,1806.3601272100914,False
470,M1,67.69867702099238,0.9027702234511414,99.65480477992244,16.339152257212593,1808.713466135139,False
471,M1,66.79456833279424,0.7934290658356864,99.86993195690935,15.490191921097276,1811.7571766587882,False
472,M1,65.71021462492503,0.8301576004107706,102.27168595024715,15.951168084537303,1826.5332845031844,False
473,M1,68.09514764723018,0.9213094696124489,105.29376981535643,16.77225144501171,1816.0241067880083,False
474,M1,68.59053538537611,0.8432603138292262,102.99761808080524,16.22167467920757,1811.992098070362,False
475,M1,65.37990288579205,0.9400388360177825,101.25841293964412,16.02458648804943,1822.1501937156909,False
476,M1,65.15160645243301,0.8400958589847741,101.13032843856045,15.015718631532312,1813.9666050981778,False
477,M1,64.08506224059138,0.7704948996391912,98.27901572202474,14.462502975722838,1795.0539930777925,False
478,M1,64.25029423147502,0.7859300565607564,102.16622855764864,14.641644261060872,1803.089644195641,False
479,M1,62.78974892097823,0.7793815900222644,100.7593926336526,14.187120688641503,1799.7230112539903,False
480,M1,63.958468985817824,0.8677604365072031,94.72607586985788,13.892924409029533,1794.7865302778966,False
481,M1,62.03474109195204,0.7032499610973842,99.32640464941731,13.562434907695007,1781.2350450912397,False
482,M1,62.42883237154039,0.771519382953058,94.80678428104224,13.862106173696045,1790.7429383170208,False
483,M1,61.98011285818384,0.7481852970343341,98.06772183846192,13.636954031548912,1783.490220405021,False
484,M1,61.865708275819415,0.791779401788648,100.20198734322912,14.424596872541676,1798.3562122187282,False
485,M1,62.45326155240045,0.7720054474220962,97.03592594918777,13.463025192946922,1786.6909317528484,False
486,M1,63.239092560032184,0.7089712992816519,98.88141459133985,14.046635825704378,1790.6664860294009,False
487,M1,64.32591594090768,0.7558731783579904,98.72063908670182,15.525000460162705,1800.747721623724,False
488,M1,65.85139130390885,0.8299153953532973,93.98275958420433,16.627180355007777,1787.9124635914197,False
489,M1,62.193614117321744,0.760380071087313,103.32639827832044,14.250340879118514,1815.3534794980521,False
490,M1,63.46255837361738,0.8443956145143967,101.1084854097853,14.762878935665073,1822.98523019052,False
491,M1,68.68713561167112,0.8781403027019865,96.5171117815064,15.775522244761992,1807.9209739289456,False
492,M1,66.36684225744965,0.8423511447252007,104.3743287714698,16.46688213715383,1805.8593775517752,False
493,M1,69.49794229414927,0.9526270436223311,101.09867111184919,17.16437321776229,1805.167438234463,False
494,M1,67.67565041360234,0.882216421544892,101.15034981229259,17.047236310286042,1809.5795267821075,False
495,M1,68.60988755431705,0.9745814859327336,101.27172409280793,16.940372956977114,1815.975147682177,False
496,M1,66.66838369675048,0.8266740171936069,103.46177985717593,15.37779507137076,1813.6579544097767,False
497,M1,68.36639519860545,0.8579240154002424,102.86906823931369,16.806211995535545,1825.862799356368,False
498,M1,66.87185285279209,0.882185087136081,99.86144474756951,15.562047570421466,1811.56710026829,False
499,M1,66.42029696995708,0.8796050135024838,100.53215933642991,15.761961878193015,1816.590868266824,False
500,M1,66.75412943220212,0.7834538592632819,98.17094282945554,14.234949624977293,1805.7994683000059,False
501,M1,62.96485524523799,0.8739301470477817,102.06078670164933,14.549568038898618,1803.4546488883677,False
502,M1,63.8397365224844,0.8164903076137213,100.08860862544861,15.185073881818033,1799.3592798466416,False
503,M1,59.66360871572988,0.7129184589674397,99.78818440058537,12.696666413058646,1799.584757950525,False
504,M1,63.06905637343045,0.8330451937530162,96.23316758003202,14.547532428444185,1786.1800577425156,False
505,M1,63.765346540757044,0.8221712957498021,98.33174450523104,14.0209192588533,1774.1198215390068,False
506,M1,63.087351698871785,0.783081289999132,101.33094728528037,14.600345611759353,1777.4866559064083,False
507,M1,63.3259356884474,0.8453895752575001,97.060096058951,13.056818937472036,1784.686926303149,False
508,M1,62.7229262440999,0.7591188391266689,98.00671548212742,14.56180427764774,1798.9778187716356,False
509,M1,61.07314992398571,0.6389693877204696,96.98030992756526,14.44296908871719,1790.507460827026,False
510,M1,64.18976310770888,0.8212271825663132,97.42257632148613,14.861230674792067,1784.0886499345404,False
511,M1,62.81448815134915,0.7912628578968284,99.13825378163101,14.390614944531912,1798.2053785963267,False
512,M1,62.771387701012614,0.7641649073188527,98.8180302332487,14.447969063398018,1803.3358724870309,False
513,M1,65.27097590609802,0.8665341977891367,98.49709721694512,15.120614901271999,1800.6960247679897,False
514,M1,66.14930871990552,0.779503992238027,99.47336840689717,16.58852983571866,1800.9608283829186,False
515,M1,65.0627720048687,0.7814080264839712,101.4848536871438,14.662631673520561,1797.3279941115063,False
516,M1,64.91045665686697,0.8516300734236868,103.51850458204129,15.092189451779934,1827.5683424380852,False
517,M1,66.2236046956551,0.822438980199174,101.91680643811642,15.078539199430793,1807.013256856074,False
518,M1,70.48990518820548,0.9773743617558739,103.40835538758333,17.393591131283113,1797.502000995464,False
519,M1,67.36599154228375,0.8732719449794009,100.76805597161255,15.757369549796929,1806.2317296244848,False
520,M1,68.26060156326218,0.8163060644119315,101.30636109163598,15.977350885900314,1805.6181262159375,False
521,M1,67.69883724295421,0.7892461603511776,100.00686793286337,14.963188413854937,1809.293811722748,False
522,M1,65.68918558604548,0.8326848533602197,101.19017754619297,15.119923295120964,1809.905842817183,False
523,M1,64.65110500322834,0.7260611951594851,100.43072013984384,14.349848076404113,1821.9309781106826,False
524,M1,65.67377221654915,0.8979698496209623,102.79885640068092,15.56943979697479,1793.365779605394,False
525,M1,66.71871756033055,0.7855312220382084,102.49572201186345,15.125348491988433,1797.4616025470336,False
526,M1,62.07277535728388,0.6682143388955751,98.09260007920093,13.318489035449934,1799.6136691944118,False
527,M1,62.690720879925316,0.7443586760052748,100.07417290957169,13.715732096791918,1793.3999961539366,False
528,M1,61.11212725816533,0.7759975723698871,98.09557042867218,13.53188537802207,1791.687253560609,False
529,M1,61.671606037025036,0.7699565299261102,96.16912744924534,14.022731659591123,1801.7994495718315,False
530,M1,62.83442816017224,0.7662295029446812,97.09027467811703,14.417335594052775,1781.7562122907063,False
531,M1,62.81829673088238,0.7801219764419829,98.93533649047743,14.302944658271059,1782.588298280973,False
532,M1,63.96557533490169,0.7398193157166526,98.99118622790886,14.827717364344235,1782.4196657163359,False
533,M1,63.45407617194371,0.8118218446108695,99.85463346242791,14.53492097912545,1794.1951345785926,False
534,M1,66.2215112240723,0.8536223419966035,97.62046434070768,14.937544467488793,1794.7847786651175,False
535,M1,62.297820892933586,0.716560807936784,98.26097282205022,14.196959089937488,1797.1067758058905,False
536,M1,64.52695816692948,0.8079118631045192,96.05690955151788,13.627543695345821,1801.21515144688,False
537,M1,65.48883916885939,0.7792162678847869,102.00575779813957,15.618898927848223,1799.1498100028755,False
538,M1,65.72183549652725,0.8441109080321922,106.80750272400529,15.077621898536398,1799.3678582089149,False
539,M1,65.3255169516301,0.7990737235748516,101.65412078764368,15.22325443314836,1806.5834495197578,False
540,M1,67.49738824796115,0.8303689197324928,96.96441376861308,14.374605607845035,1823.533896347531,False
541,M1,64.28442551604067,0.7495036907769322,101.2398996174027,14.89422144331936,1801.831109485442,False
542,M1,68.69435107763879,0.8407102251130684,102.1190798432658,16.861690771592368,1807.677388589237,False
543,M1,67.99643424604899,0.8662000208879144,103.60283769237371,16.03839023795263,1822.1910448267847,False
544,M1,68.30984957056519,0.8516087095110222,102.95506990638391,15.498255485326048,1815.665074704065,False
545,M1,66.83102350923951,0.8330625358446577,104.3856175247322,15.951130922916398,1814.781729759063,False
546,M1,67.13296457994034,0.829773562580398,103.11099618228137,15.418587471473211,1816.7164882959412,False
547,M1,67.79449316458565,0.8533782667409322,101.96456702813036,16.289220356557387,1816.8024430624373,False
548,M1,67.18709095785334,0.8490329043135055,99.70770465862647,16.400000371211327,1807.1704276011087,False
549,M1,66.93334679367521,0.9333690415453285,99.42725325417906,15.974376081214961,1787.284965619501,False
550,M1,65.17663172326465,0.8444196777386749,99.86430169732884,15.066767267204101,1804.53273420553,False
551,M1,63.7259656184113,0.7937573467070973,98.1929573361182,14.614911790871801,1789.6466783176766,False
552,M1,63.23996669113961,0.7647557918199739,100.30912981261211,12.772881625562363,1787.4662513526962,False
553,M1,64.28374136368134,0.7371234820517517,100.00155843376677,14.906371284682773,1780.4056546850732,False
554,M1,63.68048137052492,0.7686933801803343,100.0682743492375,14.442959361839256,1769.090393918928,False
555,M1,61.88690272776104,0.8378228967473338,93.37160799669807,14.133486172468873,1786.9922930951464,False
556,M1,62.62030583708281,0.7198673957100723,96.52381704445045,14.05947381078127,1781.4611976818,False
557,M1,63.53035662871637,0.817831585398038,100.46083058274611,13.835792284710688,1772.7270118354324,False
558,M1,62.255047576768376,0.7870627400765495,98.74011171108998,14.047928606737111,1793.2785083303581,False
559,M1,61.43868215559175,0.7069654879519872,98.55173598751269,13.027383670381349,1810.376917082779,False
560,M1,62.98490746351287,0.9040171551271245,100.95425623120667,14.869900438249065,1787.1004425820843,False
561,M1,66.19416164158375,0.8314940729608936,99.13917143507852,15.72075600358111,1787.9511919721022,False
562,M1,64.77805104011263,0.8502761218645283,98.97293635949406,13.975077491427161,1789.7026515543128,False
563,M1,65.31527194888407,0.7940139111260952,100.1059541498965,14.845665588638305,1818.9002646880167,False
564,M1,65.65240997349875,0.7730864097138003,98.26915431147677,13.840304653110472,1819.1176230395802,False
565,M1,68.88256106301263,0.9183875416466595,101.69989589891068,17.076438635228104,1801.4081368094974,False
566,M1,67.53134428967228,0.896081527343505,98.4478747075716,17.10623167742013,1820.3991113934705,False
567,M1,69.07175312995678,0.9232764987021013,104.73300878008673,16.0698430261154,1815.7686779113951,False
568,M1,67.62094386223959,0.8779502444205297,105.06128270017432,16.18636831111441,1835.114881396752,False
569,M1,64.64984610543074,0.7984485441313052,102.88075956090627,16.0966051352909,1812.0493832692182,False
570,M1,67.44059623016,0.868884413959558,101.78651276180135,16.118086131217307,1815.43830786898,False
571,M1,66.3215817227665,0.7736048804954961,97.38728563640466,15.170139458727043,1805.854980766288,False
572,M1,65.72704021366413,0.8891447046114512,104.25872886834,15.207359084814277,1812.6264599521955,False
573,M1,64.9163233205093,0.8680215844879959,101.27150036574665,15.311783013660063,1791.9537041985698,False
574,M1,63.798270511948346,0.8581495968311073,98.2077889057683,14.773634450417203,1805.116693172141,False
575,M1,65.10347656516493,0.8446579318270016,97.9649331010401,15.353087334453331,1784.5793917897647,False
576,M1,60.33047017790848,0.7749510046561324,98.57375083032895,13.128312563090935,1793.3715600487346,False
577,M1,62.59999030856003,0.7033171047383863,96.9555480389805,13.71296979710401,1786.6030529144412,False
578,M1,62.34073134008206,0.7363263132381398,98.73766587408254,13.331070317935753,1786.493733331575,False
579,M1,61.882778030870135,0.7503936444571353,99.48109838940265,12.770797356076887,1784.2127149429277,False
580,M1,59.67460446567992,0.6121642599448109,95.0670098131763,12.291053278016783,1786.9930139482315,False
581,M1,64.60857935669401,0.8106928639990185,95.69823978054187,14.256415328667542,1781.4319931616,False
582,M1,62.340575547255064,0.748038982568741,97.10599386668706,14.26331973197449,1794.3214587748178,False
583,M1,62.569166926286385,0.793046917673131,100.59670111171339,14.380807166877108,1792.967573497919,False
584,M1,64.87504189485232,0.8051643437083725,100.13898967345989,14.942794166818604,1800.2333998892702,False
585,M1,63.57203471005897,0.8507784892687357,99.97105570579559,14.607296288342965,1802.0966294769971,False
586,M1,66.59273203336168,0.839417351758742,100.20474273335272,14.410265089814168,1811.127032268696,False
587,M1,65.77437879633396,0.896713436555961,103.17373651255193,15.638321864172752,1802.7944233469068,False
588,M1,67.37062323081027,0.9196798576767667,99.88802898868433,16.904291950600935,1816.0587122851323,False
589,M1,67.67927810533313,0.8490395558053896,104.45822648043753,15.972684864937015,1790.967302945032,False
590,M1,66.56455664019849,0.763279381075348,100.30542278706598,15.19817349984651,1804.4410495866227,False
591,M1,68.6966152450481,0.8924201230189637,101.54363603593133,16.510344248384094,1811.5592632922414,False
592,M1,69.39785758517253,0.8845523281580846,102.66879824575751,15.891257686958198,1820.3194964677964,False
593,M1,67.99796914968941,0.8865578626273078,104.22007429014602,16.325408613378055,1823.0639081732895,False
594,M1,67.96967352747656,0.8361120107888995,101.74156478841175,16.068080530663636,1808.755630053045,False
595,M1,67.33198868589945,0.9630035155975738,98.88357984982507,15.66334032337984,1813.6833890402063,False
596,M1,65.53729779933575,0.7984410190701869,100.32506976252107,14.19658055252198,1805.9714327448833,False
597,M1,64.48663962625047,0.8933501137970936,97.15430963326634,15.463646890787642,1788.8357318380413,False
598,M1,64.47197752698649,0.7792835792855243,101.4620530031025,15.828344477170493,1800.3648388109473,False
599,M1,64.83184185804477,0.8127159998508198,99.18173778471254,14.687392796569304,1795.8973260538667,False
600,M1,65.09910112656046,0.8473845990636907,99.0758198948739,15.5514662603797,1780.4229806139772,False
601,M1,60.568432342400804,0.8059116773803454,99.15879647830464,13.35766026487386,1791.1896836333556,False
602,M1,62.87049950069584,0.8865526536907161,96.06533145383716,13.936106292896246,1786.6170165892663,False
603,M1,61.494799316323935,0.732827376091284,94.43573423461085,13.083244876380967,1785.1645659465512,False
604,M1,61.415969747555536,0.7345155942313064,97.26331220602721,13.04192853565731,1785.9045026100011,False
605,M1,62.14627832486969,0.7422660269950991,97.19493218704855,12.805008794322745,1784.2064881834413,False
606,M1,61.4912956989905,0.7569986736470572,94.85673970387892,13.852532761786936,1794.6399346375508,False
607,M1,64.51924312656978,0.7926528012162727,99.26979059171097,14.463693798436868,1782.9839474151825,False
608,M1,63.79326278021904,0.7865390514128554,101.01298255226583,14.084146186465428,1792.0818380092348,False
609,M1,65.4917584974282,0.8275439039709271,103.11303806908498,15.580959311752364,1808.0927251020082,False
610,M1,66.14997589523584,0.8851129814240664,102.197155200411,16.433110095230948,1796.3424392733873,False
611,M1,66.61989209119734,0.7987900218541241,100.58807611635123,14.83662784057711,1819.4153143631472,False
612,M1,67.66363793692106,0.9427441706520834,96.82226607951604,16.181017734610556,1796.568896279026,False
613,M1,66.74519588941531,0.8530404381604219,97.34873241961522,16.107868509564366,1795.865824581898,False
614,M1,68.07303754542062,0.915189992408836,103.6546352950539,16.486877195831436,1816.891309190641,False
615,M1,70.66914276006877,0.9730001864130793,105.44823441034953,17.895772669512372,1805.1436782485255,False
616,M1,69.56271127918323,0.9197380889424268,101.03817156788226,17.32791665264519,1807.8292075404454,False
617,M1,69.16608790999058,0.9282248421259314,102.07505356334086,17.503265643137258,1800.9150958291625,False
618,M1,67.8176322237968,0.7944630998912976,102.58689794684334,16.294379687137482,1812.5568438006505,False
619,M1,64.6007097419628,0.8132996909695752,101.04168606661186,14.073275113464355,1797.0061658395532,False
620,M1,68.36862168934908,0.8468526377354127,102.23193427370137,16.136890590227054,1800.3000843852874,False
621,M1,66.04475492185689,0.7223106480605148,98.47199376187831,14.519304243095146,1811.9506725483732,False
622,M1,63.57946301591677,0.8179584968345501,96.43637815642506,14.519205769443552,1790.8809002788078,False
623,M1,64.47429804013528,0.8305248555761214,98.70334911600811,13.989351034704994,1795.0649391904549,False
624,M1,63.3716520513039,0.7537565078173265,98.87117863744187,14.626874462848832,1767.3217971676875,False
625,M1,65.53527500052803,0.8671143284146853,94.04874538595136,14.916781097486957,1771.1699455625528,False
626,M1,62.32866620031512,0.7766390796936496,98.18133197974291,15.205844118340146,1777.8678916810231,False
627,M1,63.486123143123244,0.7883913971234686,103.37642232331665,14.526687421091083,1784.566580462807,False
628,M1,63.26693567503929,0.8449429290641728,99.62995698080603,14.554986496321776,1779.1462477079215,False
629,M1,63.18515751078628,0.8538897351159149,98.00488078455939,13.983779706139709,1785.7169576877056,False
630,M1,64.55648115150456,0.8527943593332652,100.07831903959413,14.625415260533673,1785.9631337424075,False
631,M1,61.745933887054996,0.7884851582156946,99.79160513316336,13.428334101024605,1789.2489949162202,False
632,M1,65.17045645392285,0.8520449185417447,100.3791739679297,15.688589611394212,1790.99047163968,False
633,M1,63.520403896701964,0.8961714088473188,99.34661180466819,14.796636279873118,1790.0947266861733,False
634,M1,65.23412785002206,0.8676032014037227,97.71619045712625,14.887642731782355,1809.1052226957308,False
635,M1,67.56579475524227,0.9518205099799715,99.37658174112666,16.544364969826216,1810.336050769325,False
636,M1,70.32609079416926,1.005999589971189,103.24431438048028,17.15373674556575,1798.2790776598372,False
637,M1,66.81208060026482,0.882488874407671,100.43070878914929,15.688720968627544,1806.9279621614905,False
638,M1,68.55029115028135,0.885835984843071,101.10233506503825,15.923201638652102,1810.3653990277612,False
639,M1,71.19949978224163,1.0267070008322687,104.26373093420625,17.89978812569593,1803.6592493534672,False
640,M1,67.24464068583733,0.93692069371449,103.25933202093398,15.954166551408376,1812.5129536994784,False
641,M1,65.97608137871751,0.9040028104538992,100.25678467240049,15.145443012786295,1816.5265457383032,False
642,M1,67.08464310098655,0.8523385299063672,98.38886141724983,15.07694959063287,1802.5008238180942,False
643,M1,68.81714553114254,1.0081854334420572,100.73970616590566,17.196798600839116,1801.1127623476332,False
644,M1,66.4056320879811,0.884832807071254,99.05976477352331,15.625878317229361,1808.6108454442995,False
645,M1,66.68813448128965,0.9115380149360715,101.40301918209238,15.571433548391582,1793.0668728836595,False
646,M1,66.21172857924347,0.8855719629026013,96.73881884403623,15.3328769166023,1802.8624945335564,False
647,M1,64.98914072907507,0.770161290144429,99.41596457359668,15.403185266738095,1795.9663893723434,False
648,M1,62.06574452599831,0.7923256805052391,99.29520476548146,14.067068570298714,1796.2447288161604,False
649,M1,59.3757007168097,0.7454056018700167,94.33054367415306,13.809379160001654,1793.5965393847678,False
650,M1,63.084081786069106,0.7930663650407284,98.77465847064494,13.960185177425776,1780.8904867174322,False
651,M1,60.435346113541875,0.859951416068555,98.14813764242497,12.982968195951115,1795.9300710246755,False
652,M1,61.72454364450998,0.774890197358027,101.05727647917311,14.329293605575565,1782.4255274319419,False
653,M1,63.89645196980836,0.8741138170854235,99.81201823939661,15.891044943526538,1776.0855758763407,False
654,M1,63.73092820034013,0.8468504426928251,100.31385493378085,14.144385807267525,1796.5031890877556,False
655,M1,62.24876983042682,0.7969821605045825,99.41428501466488,14.136844154499439,1795.973980773282,False
656,M1,64.27611937199687,0.7641603103386176,102.33455993323942,15.09504851438162,1779.6368113935741,False
657,M1,66.85649908457243,0.818281999480683,99.18195702642106,15.428252463821167,1804.6027276391944,False
658,M1,65.53253677401439,0.936799572843996,104.0910332936126,16.2977296058788,1801.935589578702,False
659,M1,65.17574446927608,0.7855569124899436,102.66190943673143,15.259439493778393,1808.1023699519976,False
660,M1,68.54983987887607,0.8809838866802617,98.45877390387783,15.919553808885304,1809.2977115852332,False
661,M1,69.90695692548378,0.9301265798236696,101.18760285864786,16.968904512534934,1807.6223923351856,False
662,M1,69.17089146968183,0.8523056639168386,104.71602795591957,16.840549735793616,1803.8275617169513,False
663,M1,67.53011144782805,0.8843871238596916,103.84702878456694,16.236127062933527,1823.9222803000648,False
664,M1,66.23148505436481,0.8718982213027775,101.34504800513739,16.087706157979948,1829.8046656092406,False
665,M1,65.92683970932809,0.7500723045764688,100.52154111097283,14.462097122022692,1829.1556222206366,False
666,M1,65.728731305388,0.7919761994427524,102.56439849296133,15.499646906501034,1816.1453445630243,False
667,M1,68.1396652139707,0.8760488196250132,98.70881220423125,16.899317683730924,1792.3240645884146,False
668,M1,65.18532818163466,0.870121793099164,100.56046114961634,15.647822950711705,1798.848256177789,False
669,M1,63.37258543939136,0.762643155700787,102.29549146524923,14.515619745676757,1788.2603997616138,False
670,M1,63.78837662756267,0.7047683318083581,96.73800861218281,14.380430554768086,1795.3352740811122,False
671,M1,64.34507897601026,0.8593084451970073,102.0756322485163,13.742533023401254,1792.3006939605007,False
672,M1,62.471499578856374,0.7346234678352335,101.91458369288914,13.852460357736417,1790.8276454619775,False
673,M1,62.32350514447557,0.7395623711019053,97.05884063082583,14.50133250064643,1776.0502339784778,False
674,M1,62.07733706063289,0.7186821044809344,95.73674909228004,13.337405458617388,1784.4424980071378,False
675,M1,63.07558759469179,0.7038355523190966,98.16192298314206,14.14130830816043,1769.5506825895066,False
676,M1,62.553065645355844,0.8678709870698447,99.40401818036779,14.929178143056324,1768.8851769262965,False
677,M1,61.52786176942867,0.7966909626915489,99.7254259770499,13.467218337493147,1786.874876404752,False
678,M1,62.7643986117389,0.8081989539834873,97.82096284473005,12.86405421207167,1785.2818028102834,False
679,M1,64.6776090314157,0.8390877867495155,97.30182034750374,14.303417459738826,1798.4212977157308,False
680,M1,64.41220960118444,0.8938369155275092,101.28702305482464,13.777832754605162,1810.2787416458468,False
681,M1,65.03368608337252,0.7473087382096971,98.53464482950616,14.892588133828736,1805.4987676537176,False
682,M1,64.8170134604138,0.8292557184657822,98.41227004806586,14.997277390430996,1812.7783498338822,False
683,M1,67.28702280643638,0.8371264567304794,99.53910323468148,16.01902012610119,1806.9758952073225,False
684,M1,67.86498500381335,0.7506934044348736,102.55459916413925,15.445066895556439,1792.8934971520848,False
685,M1,67.41591089655536,0.8046637688666974,100.48257965162527,15.955533665442202,1807.6893217177378,False
686,M1,68.67654904416094,0.8674225304722986,101.13255289673985,16.599359842062068,1813.4857179842793,False
687,M1,65.88041227373238,0.8244952596690799,103.42739745911115,15.04162629948144,1833.2558858628067,False
688,M1,66.36266045998876,0.7922918177007547,99.53746635280959,15.108141600020144,1813.829048856663,False
689,M1,66.3350301227633,0.7954549529911907,96.4772468541709,15.09415020960323,1808.873645121387,False
690,M1,67.56112769145889,0.8785359317334066,102.2607814399776,17.023619367826125,1786.7234071017683,False
691,M1,64.7465266576409,0.776162152039349,101.21941240365608,14.043363852829232,1809.5219467532634,False
692,M1,66.61929323659585,0.8900131063066268,101.4079776935145,15.389278809165459,1800.4269414925775,False
693,M1,65.16513831848434,0.8301183196799544,99.04444364174486,15.494598921142268,1792.4252554003297,False
694,M1,64.31148085814385,0.8836854829330897,97.19469615571424,13.945353822021259,1794.5106227231543,False
695,M1,63.2930177940662,0.8434840273777391,98.11021333899943,14.171229189305379,1803.2608204389257,False
696,M1,62.38582158387374,0.7692382514395297,96.32870241138033,13.810997995891999,1784.578893816015,False
697,M1,63.234033658853015,0.7364045073884101,100.02470530835369,14.062197848491088,1774.2914558466182,False
698,M1,61.499392499070666,0.7595818611559133,98.46208129246983,14.128173562091522,1796.4153374223208,False
699,M1,59.977930870571186,0.7727018266452181,101.16863223854428,13.533013127198894,1779.6790067028237,False
700,M1,63.680845232142346,0.7032623227396764,99.8729693057137,14.80796247205263,1782.9335315681456,False
701,M1,61.02396726237182,0.7263091967586636,97.6077819731366,13.866290131211992,1802.4933557819672,False
702,M1,65.15657121636036,0.9289918502659329,101.72554706090298,15.066460857574626,1783.8137802689703,False
703,M1,63.5681331216278,0.7934659713840985,97.67559920404364,14.847035491292228,1800.5619762906963,False
704,M1,64.34184565770313,0.7514179229588268,101.50726114400524,14.644686728513946,1794.7996946480762,False
705,M1,65.70976192487088,0.7913026980133671,102.1682395402808,14.835884871297246,1803.8543903370828,False
706,M1,66.7922422198039,0.8342969604712586,100.4194904939192,16.51822151622632,1804.969607143397,False
707,M1,64.30710389100912,0.7723634796357258,99.1757683059992,14.715434301740963,1818.5137983842371,False
708,M1,66.03153909352169,0.7598935663956498,101.18066758511831,14.535606381769762,1804.9346924439988,False
709,M1,67.84953535628865,0.8236620685445994,100.60787872137612,15.872447533338333,1821.9152039950282,False
710,M1,68.26465426337505,0.864435224097249,102.17130187177186,15.940162112623526,1806.177759500928,False
711,M1,69.36293427413814,0.8185369191904148,103.07115009941958,15.885735158936551,1810.178943768615,False
712,M1,68.05051793787193,0.9164141854676235,102.57261145120746,16.25298133261484,1806.8649071402424,False
713,M1,67.02296995600764,0.8835316205371547,101.76696075279166,15.606208101229784,1805.0312480317355,False
714,M1,65.94109305843976,0.8137686907133863,103.01029507345417,16.05533358664075,1802.461290672059,False
715,M1,67.9486118131655,0.8659702382815283,102.00857339319455,15.961643216768243,1800.47649468308,False
716,M1,66.18086721321237,0.8801048277815073,103.97649029535616,16.598429300443303,1813.2295570541044,False
717,M1,64.5237561331552,0.8225136406900231,97.14078931952304,15.507538254265718,1790.9296417286068,False
718,M1,63.95031779086239,0.7885747607521792,99.58563482587041,14.081814726576125,1810.37006900033,False
719,M1,63.33537800406394,0.8550675294867358,98.13797873487766,14.99343175620531,1783.246246397742,False
720,M1,65.051521939812,0.8564693295064962,100.89703400976518,14.725465670754918,1795.230384516618,False
721,M1,62.69868699887398,0.8249706013183981,98.58489899751174,13.810519520503,1770.4111981663193,False
722,M1,63.28083911945458,0.8157588038703006,100.9415520483905,15.19010486245478,1784.001085915653,False
723,M1,63.88083612912837,0.7799938265263434,101.27038087973327,14.536647102544704,1782.9798290110873,False
724,M1,60.51475537131662,0.6804074238184652,97.5972897004558,12.64925332993985,1797.8912138975033,False
725,M1,61.7129424236022,0.7547156046614721,100.08324799823062,12.82412769444234,1771.6988348854682,False
726,M1,64.22424171177039,0.8970550904878283,100.75448297739747,15.02143365764313,1782.4520390159132,False
727,M1,64.52354287594373,0.8309195555089245,97.84090697436544,14.619043145307055,1776.4545916690324,False
728,M1,66.48258273649768,0.8102612185147058,98.75381907294123,14.882979473526694,1797.5741529758607,False
729,M1,65.2522869138429,0.8308744897020383,101.51174274905684,15.455962388884526,1784.1052157325191,False
730,M1,63.96039743283379,0.7876665363727212,96.77776586633924,14.876029093965583,1794.249517522454,False
731,M1,65.80461900857244,0.8612334057244678,100.39393530311942,16.20802327711633,1808.502155624546,False
732,M1,68.25639402699248,0.8797827729098018,100.91414018621776,16.812219357238398,1808.501540964516,False
733,M1,68.67451456960882,0.9427985991180466,101.5957234122306,16.196517048585832,1811.7329203289237,False
734,M1,67.1197653169008,0.7514717661458197,101.66603908674016,15.932675804449659,1819.5615996113415,False
735,M1,68.06816219637349,0.8206103466222681,105.60183388415152,16.10529706813534,1809.301147094584,False
736,M1,67.33065806244434,0.8806586051986749,101.09457134789945,16.51174434244273,1826.2136448652222,False
737,M1,68.9740024680747,0.7793523254184576,99.56928230006487,16.32028944458217,1811.1124166696766,False
738,M1,67.27139668192204,0.8674595365353582,101.85316207572173,16.679611036102187,1791.7179374012244,False
739,M1,69.95690657181304,0.8496223575186982,99.91751909783099,16.634221198127367,1795.4270590242525,False
740,M1,67.08741308349667,0.8539618927366917,102.29739058072056,15.944303453193767,1796.9452767658215,False
741,M1,65.32798128985186,0.8085099779921087,101.4912243279744,15.538642636396812,1808.9304867480191,False
742,M1,64.42805203200832,0.806874866112195,96.9959492284433,14.71601977604194,1801.3476771747576,False
743,M1,63.42664293358805,0.7931512001078215,96.57406603605624,15.85099080922184,1795.8013926579458,False
744,M1,62.64621846165794,0.7621100946041258,99.04931140120726,14.030565305041955,1779.5136688652362,False
745,M1,62.1406428750617,0.8568229848897697,97.44511864649527,14.044314881295941,1791.5571635594047,False
746,M1,61.91501810975627,0.7577524343776063,98.02317449037336,14.172768348310125,1777.76454323943,False
747,M1,60.445021166088914,0.693610936225183,100.43479540630072,13.043464434943544,1785.0216158975943,False
748,M1,63.3593721675038,0.7933108126985595,98.09216917659813,14.407920300956656,1785.1534101862492,False
749,M1,62.3092199176887,0.704856707645835,98.94275087244152,14.235333816951949,1773.9297135751806,False
750,M1,62.50122237208298,0.713706603651424,96.01273576616528,13.818531380421577,1794.1705387096627,False
751,M1,63.50680808067412,0.8528352332444257,96.59508477451611,14.816266782565306,1786.7505988327719,False
752,M1,62.946086667062055,0.7997959457299791,97.51453715613414,14.204220043942243,1785.8731771461978,False
753,M1,65.97519359908924,0.8650626983187879,99.44019813392879,16.367299842806045,1803.3045556848463,False
754,M1,66.5324282442227,0.8922523993356425,101.7336636973343,15.609876149165178,1803.2663756617753,False
755,M1,65.76669344051069,0.8068285283492942,102.74567925102879,15.387188528555566,1808.7595173328352,False
756,M1,67.05110290690153,0.7537411338797769,104.29954067051709,16.05509611573217,1799.6058423938618,False
757,M1,66.61298960441408,0.8941851350590589,100.04226563769541,16.627119135526254,1819.12116832148,False
758,M1,68.43841945360812,0.8871395849246881,103.71547544202292,16.845067619436108,1808.7906195815945,False
759,M1,67.7051295876876,0.9533521516882201,100.43389519036785,16.260038695876712,1804.2080408638442,False
760,M1,67.76055742540187,0.8294858737124238,99.14901106710653,17.332258963710988,1815.8008011959107,False
761,M1,64.17967295161209,0.8070620719036844,104.01141918711402,15.182756716550047,1819.9240205578142,False
762,M1,68.34606430503193,0.8395381075520888,102.53172370031533,16.184642747480055,1811.0022891585409,False
763,M1,67.21490435197518,0.8793147595518476,99.89407084694253,16.247624676058262,1809.188948052896,False
764,M1,65.68925244339374,0.8454597622734105,100.2559704470635,16.141141046986988,1795.0206962475136,False
765,M1,66.39115242012132,0.8109889773225618,101.5724698094085,14.667759327679745,1798.1799223217358,False
766,M1,66.98845943256535,0.9103705717932196,103.35670964002087,15.035807427732987,1793.5253129371117,False
767,M1,62.869078525015105,0.825382334241103,100.6652427588975,14.205580924469816,1799.2348780926616,False
768,M1,62.3666849447921,0.7856188989893144,99.8372445523264,13.37151583784443,1780.0820094331336,False
769,M1,64.72514321790776,0.8249272987649905,97.03429143172514,13.622659875623862,1773.45516523558,False
770,M1,62.81833628942641,0.8401639849257041,95.57935579591003,14.697348642439174,1789.9710857833852,False
771,M1,63.47241186140645,0.7257194999208072,98.17317399270551,14.123435941501743,1778.7138977406025,False
772,M1,62.83402133778671,0.7496342328746607,95.68027163643644,13.517242728544263,1768.0440002071068,False
773,M1,62.34400707447403,0.8199505721170629,97.63772640723897,14.51039794282827,1789.5245840681725,False
774,M1,62.62568702370608,0.8271974952632039,101.27109662415332,14.443369489605496,1778.987318872303,False
775,M1,61.897144263362335,0.8522837984220122,99.19668337495892,13.480674361372442,1790.767500261151,False
776,M1,61.93556031616844,0.7134222410562496,96.79260485200955,12.936271913029115,1803.1207067192845,False
777,M1,64.48658758439736,0.804985930557263,96.58249177500667,13.92068983654083,1794.1475042084662,False
778,M1,66.64956744462407,0.8116329840226235,98.15419047973846,14.553238271803448,1791.0099264878609,False
779,M1,65.28810659442414,0.856402197548955,102.10964021498037,15.259279786889781,1799.8895223727266,False
780,M1,66.3238927325039,0.887102471334162,96.69394516902783,15.502754262647349,1811.4500861422534,False
781,M1,66.31784247096121,0.8180211776721649,99.39945936940148,15.440455513826057,1802.9564688285122,False
782,M1,69.10771855066382,0.9357746359508102,103.10088998885085,16.953722882500692,1801.2296589003056,False
783,M1,68.55998904933276,0.9025649808478451,100.97723891790092,16.529204220071087,1825.5447385296402,False
784,M1,66.95786593812066,0.8219766841395815,101.88415073529144,16.387321496018153,1815.058303423771,False
785,M1,68.8716752231862,0.8734531040548629,100.24132400611099,16.914017506466156,1804.3603829888766,False
786,M1,66.89879919789803,0.8526163215205897,103.03422866443576,15.739184541514229,1804.4710413644573,False
787,M1,66.8791148538733,0.918749074819804,105.15953886186287,15.151189207279272,1810.1326010348298,False
788,M1,67.4862333283751,0.8985381224871628,101.91531390392278,16.016084859972185,1800.547132874157,False
789,M1,64.68844182731918,0.8255062719840763,102.48170664618868,14.815329639518584,1788.4411882613651,False
790,M1,62.92840544452341,0.7863660547276655,98.38225502221383,14.075830118384445,1790.8117035276964,False
791,M1,65.31631595293175,0.8011529487115042,100.2015885229707,15.085753596785835,1786.4734364034352,False
792,M1,63.40728394100186,0.7844357163209008,98.83676005312199,15.202655237945457,1790.5656337622638,False
793,M1,63.88879333018755,0.7481443031120776,95.42730911882535,14.859110196272125,1791.183398874475,False
794,M1,63.31366899023517,0.8475633200749034,98.15894280672585,14.627773221538218,1790.6184501058767,False
795,M1,62.283978446188165,0.8026023482789989,98.27183521396265,14.74449609321966,1777.9610391482208,False
796,M1,61.819950914637246,0.835432466930461,97.13076160092288,14.13941686251551,1781.7992100763388,False
797,M1,61.90264753209069,0.7944055915217784,97.75108645305235,13.97926767772113,1788.6205505425858,False
798,M1,61.963356028951004,0.712088231439193,95.03732547604324,13.802135124791612,1778.5449969330587,False
799,M1,64.26378083466614,0.8048271742125898,100.26140259678408,14.897403404891284,1781.0643313739056,False
800,M1,64.69365893003128,0.8763783877869714,98.20198683197363,14.53180240100625,1800.6692665520945,False
801,M1,64.68846733810119,0.8124209508453326,100.34937561580621,14.237809879038599,1787.188889604414,False
802,M1,66.08261775472656,0.8772514112454205,99.87569288136142,15.937055977481107,1801.800923439795,False
803,M1,70.53057739283157,0.8886689823999473,103.74376340530561,17.229562737640844,1798.7778144761048,False
804,M1,66.28168595784756,0.8221396567994038,101.2831691426146,15.370106048076341,1799.0151529563973,False
805,M1,67.76403919908171,0.9338204965813101,103.30980701695782,16.129119457747816,1809.0020546664537,False
806,M1,68.55700577037206,0.9049750161424676,100.1347167219637,17.07048993859097,1814.291709423562,False
807,M1,69.91283029336691,0.9273769483619944,103.60355222344045,17.562835214115026,1821.4194723719713,False
808,M1,68.99382733837807,0.8733509565446055,102.61210821403719,15.831922940838439,1827.638706766622,False
809,M1,69.89706358929243,0.8860733864300945,101.90189354290007,17.441245124658405,1807.9405606498158,False
810,M1,67.64835140878778,0.8933924123706558,100.81933802130033,16.3176325330366,1804.8889225263547,False
811,M1,67.27279474182765,0.8490039707391505,101.66756441400014,15.461152498150758,1806.1010480204336,False
812,M1,64.33979367479719,0.8027395650000951,101.40707098259477,15.008871986606941,1795.8509903425067,False
813,M1,66.09084552842478,0.9115109269810378,100.08624056954767,14.426367006167673,1790.5681010929611,False
814,M1,65.09287175896645,0.9157396524287376,100.07318189712007,15.35887258740189,1783.596665125128,False
815,M1,64.71688851332368,0.8867674708638694,98.60126561299994,15.096219283394781,1804.6170656429915,False
816,M1,64.16451446883165,0.856821786439348,98.11044871484101,15.778571503740404,1781.0260251284417,False
817,M1,62.59868449054782,0.7101853643120977,95.79760193352695,13.789283061760646,1786.6650375870117,False
818,M1,61.858244863786254,0.8306069031598226,100.19796377625697,14.285895212028878,1795.2880396905848,False
819,M1,60.52616469638989,0.7386484523671021,98.69483293984008,13.535843614034238,1777.9681064307276,False
820,M1,64.21969956235446,0.8385151132055675,98.668589352436,13.680141839747371,1786.9992756299323,False
821,M1,61.74858843857204,0.7733471765289499,97.80627166476566,13.818980729318321,1792.6977275805436,False
822,M1,63.298251685489156,0.7467987942807962,98.11712981483588,14.032328934885392,1790.899484845203,False
823,M1,62.076860137560814,0.6850873792282837,97.53169340619324,13.229963458701238,1794.809633363014,False
824,M1,63.66502242724669,0.8074316649120815,100.91427732229536,14.668177463140873,1803.9177122067754,False
825,M1,65.43544496794118,0.8617662232228028,100.58987142039119,15.997225252736616,1811.6566233262063,False
826,M1,68.20500045522303,0.9101128231492754,101.19646060333436,17.049125221029705,1795.1987403939943,False
827,M1,67.76177001150947,0.9158387228578903,100.91864222392798,16.124717625824946,1826.7098454011957,False
828,M1,65.56104258026116,0.7633375045716719,99.65003988764241,15.080738298191994,1825.4585290424382,False
829,M1,66.96673393721197,0.8696693690774739,104.14149296364108,16.381128998973665,1798.972506482625,False
830,M1,69.20170959226148,0.9195723173519044,101.7530545586236,16.05898104159855,1812.3345148241474,False
831,M1,69.16820674133277,0.9217490010604615,103.70840314584396,15.982801061699895,1809.5641955007263,False
832,M1,67.77103282497366,0.8166984281484535,100.89766041631707,16.863562605009292,1823.105555034285,False
833,M1,69.19013864864237,0.9096618660224839,102.38383485000324,16.10527050347912,1827.3338569176287,False
834,M1,67.42726351449934,0.9176313745387039,103.58090566685166,15.710457139515624,1814.2019932119158,False
835,M1,66.8454539886792,0.8660363778533321,98.48795867138489,15.597157139639698,1806.8501108698024,False
836,M1,63.39292928957569,0.7509151955369133,98.54299287710167,14.131555201527213,1802.8990629852055,False
837,M1,65.48499038325843,0.8572507825930239,98.18130789228346,14.771451344203578,1808.6816167220668,False
838,M1,62.39877267938938,0.777786259299701,99.64352348461901,14.076643915670504,1792.7697503735246,False
839,M1,62.45393926280926,0.857208197455415,95.88043006051032,14.738571506517177,1809.8039650595217,False
840,M1,63.756621243529494,0.7694545428352116,97.8258018383081,14.259613189593209,1796.4021327621313,False
841,M1,61.752696174776865,0.7463387065780145,95.23962905681715,13.278362339534159,1806.3802421480411,False
842,M1,60.86809234095842,0.7715867378269124,94.97893732666792,14.120877588518693,1786.4642148841006,False
843,M1,59.919329696816604,0.7905797145287399,102.01716041484977,14.396116370402193,1800.5828890730058,False
844,M1,63.783621600645276,0.7736429148004486,98.08060753729478,15.044633274607303,1776.6031039407646,False
845,M1,63.21885249176525,0.7861013825137465,100.67440712511548,14.01143120203111,1787.9523989797963,False
846,M1,60.796722866508,0.6738205357354334,100.16511738342325,13.022459402666465,1800.2742778582408,False
847,M1,64.00794937199265,0.8019972884577898,101.97349743330024,14.925821705938871,1787.5662173146543,False
848,M1,64.28692512463468,0.7978591933339608,99.36948451096966,15.153703200477054,1791.9300968953437,False
849,M1,64.40016754551661,0.8123936396143253,97.91143220324489,14.23892488085379,1813.6061666278458,False
850,M1,65.7664914737068,0.8547497814678231,104.48179413202044,14.993763946833173,1795.408970124599,False
851,M1,68.03364738998259,0.8804440476668189,98.24700575769813,15.629727617933327,1821.756312820821,False
852,M1,68.0949201241508,0.8971599210929666,98.236590840333,16.69503621784941,1804.528292893533,False
853,M1,67.73642664777975,0.8941358885774823,103.06795583004451,16.445282372350277,1805.9261599468562,False
854,M1,66.44480364315774,0.8294969362996433,103.27179560423505,15.395485372016335,1804.8902211304423,False
855,M1,67.92450440325152,0.8352416165917804,103.52649055670099,16.885170965714074,1803.2459560285556,False
856,M1,64.72034332896669,0.8365856740758045,100.9275514938015,14.707475727818736,1809.7787357246375,False
857,M1,66.32059050009488,0.7476507554348446,98.79469087361817,14.994146791608758,1816.9069802093866,False
858,M1,66.510130085174,0.8529547821835887,101.70386438409373,15.804085320051929,1814.9978209685555,False
859,M1,65.51175594650512,0.7962944159238441,102.59629798564917,15.20168453691485,1814.1367606707424,False
860,M1,65.16264532969562,0.7960419168201417,100.24940658644348,14.833000641109411,1804.809589152724,False
861,M1,67.0395158778003,0.8999552948895755,103.4422396826923,16.644070102777782,1791.7321987604423,False
862,M1,63.46607137204058,0.8260747325773301,99.49682932939031,15.262833360492277,1806.0088609069207,False
863,M1,63.181735299457145,0.7236735084745055,100.39936752990447,14.212110736294273,1795.3782859832215,False
864,M1,60.63044662264824,0.7196695811063268,96.64442489974606,12.46700037460105,1796.2820275639353,False
865,M1,61.60892005854171,0.7754324617992154,98.82355215281709,13.052214242899401,1787.686342220368,False
866,M1,60.35684420625968,0.699361924068952,100.35090045074794,12.733875862875811,1783.6639815997232,False
867,M1,58.77910111059486,0.7314825650539262,99.82788514557723,12.300430150662292,1788.5629981807676,False
868,M1,63.18237100670161,0.7326505003793298,99.5581388117754,14.370884269851448,1779.4975079775957,False
869,M1,61.72166929736431,0.7242671927884113,98.00180209587953,12.973433654890874,1786.690051971268,False
870,M1,62.998031561397035,0.8233313785458196,97.57996774758627,15.473071258994407,1815.5760650815716,False
871,M1,66.51211237853751,0.8748888988766532,99.90920037673116,16.74259134116671,1793.4447713244876,False
872,M1,65.75146600169144,0.7929530032303518,101.53547888950423,14.991550545061642,1786.3626412334318,False
873,M1,65.00515180538412,0.8404891382785019,101.59943827806605,15.035414757341444,1787.6940660449106,False
874,M1,66.45785353916246,0.8729125715441175,98.70931144085228,16.120465861865632,1798.0409995919251,False
875,M1,67.66850731220067,0.8344668129273709,103.27052057000328,15.41121776546384,1808.1266419501017,False
876,M1,66.06836646885556,0.8456049698668913,104.00392518244499,15.470603442427572,1815.3722932316236,False
877,M1,68.3173491202477,0.8605501286130919,100.45073561777963,15.420873608857192,1813.9524287923048,False
878,M1,68.90087663394023,0.8825429340039362,103.19093387565084,16.880296111722576,1796.8538835922334,False
879,M1,68.50688787657188,0.8765783223391759,100.13211559246707,15.460599110853376,1800.5336715255673,False
880,M1,66.70562512259106,0.8173986321200536,101.815039078379,15.132075003682557,1813.6157552637278,False
881,M1,67.18951903729719,0.7443983433829521,101.2356967493491,15.541678730745677,1809.5042172195144,False
882,M1,65.54951446565386,0.8038928774172571,101.73262122279847,14.790464475252328,1794.5633155624644,False
883,M1,66.07412973574033,0.8670756995627448,100.95441822857232,15.482484709731294,1795.0309227404937,False
884,M1,65.67237575598672,0.8506171607212787,99.82854320913007,14.909104118766932,1802.5889913798462,False
885,M1,65.14657198355633,0.8317580381362507,100.98206699718331,14.920937769519798,1787.4283663350495,False
886,M1,66.13157430268394,0.8160391363141497,95.38597181733604,15.159318702201235,1787.4505102995963,False
887,M1,63.62797046693916,0.7251344591937452,96.946026464624,14.370365726940559,1795.044389444672,False
888,M1,64.13128216976928,0.7662306012436433,98.85158986935625,15.058422356924954,1796.317067971476,False
889,M1,62.50461304338069,0.7324649647903505,98.19106474490597,14.615315239167941,1777.731480050103,False
890,M1,62.80034906923016,0.7319845662342421,99.31803142400565,14.06338560936105,1782.7556216148234,False
891,M1,60.67585198064481,0.734534759746512,95.72785511404601,12.29378904114511,1788.8106339155142,False
892,M1,63.518139328954206,0.7942377361934121,95.82129427191109,14.425986404980165,1774.525901748822,False
893,M1,60.579632374393796,0.6849992095702419,97.75857112574911,12.776260034313246,1784.5309779300012,False
894,M1,61.57298373809951,0.7745374205084337,97.23113693463216,13.323394546161028,1802.6443087157963,False
895,M1,63.37369157627512,0.8511123095446644,95.60629559363781,14.348552313669705,1783.996978589405,False
896,M1,64.50219094628979,0.7372114156408652,101.03905712703657,14.369606078942681,1795.9502694040477,False
897,M1,67.46847291770159,0.9039987170647792,101.27849890041499,16.10040313377224,1794.5882675705477,False
898,M1,67.47829289742609,0.7949402644700903,100.34827393990338,15.427276180010326,1815.4605719832782,False
899,M1,63.158528397152246,0.9239187038887967,105.36245180225842,14.741309432688118,1809.9232957656438,False
900,M1,67.9755459498276,0.8820587635711656,99.80472370786201,15.807177220233696,1822.7709531837838,False
901,M1,67.74457865300951,0.7812377579333087,101.89164694942167,15.942789461374774,1821.5882691342426,False
902,M1,71.46275043790273,0.9749139039210524,103.68047582479741,17.195464323179635,1803.2592255710513,False
903,M1,69.15538689691431,0.8920007512886645,102.48224117180965,17.311214042345853,1814.7742965789616,False
904,M1,67.99418210605937,0.9184837360194872,101.26566426156155,16.67823744678627,1803.847541820112,False
905,M1,67.45892716730694,0.9312239302177555,101.74168418716735,15.70518566048261,1811.7502414991168,False
906,M1,66.09489732923599,0.9062082528841168,102.13140713931585,16.221305705977286,1805.7503313323461,False
907,M1,66.36743192996353,0.8171253869091334,102.88841405964655,15.859944662814467,1814.7837289316785,False
908,M1,65.56311044374738,0.8211048837652835,99.26321256379782,15.629862927552187,1798.1133877222646,False
909,M1,62.99620553515196,0.7775906134123496,98.9812086058836,14.242537288133388,1808.8677551462092,False
910,M1,64.13896405276647,0.8488074534706298,98.22833108529167,15.361581308241297,1793.9994179693524,False
911,M1,65.15963348286238,0.8144895022454022,98.21770392493437,15.513548174552726,1795.431968290156,False
912,M1,63.18426597476432,0.7817731841698577,97.56596678731445,14.352841845933527,1769.59911182955,False
913,M1,61.162815894026274,0.8363948009939819,96.99510740489222,14.061551193971724,1784.9760507099513,False
914,M1,61.4945518770321,0.6886535590380795,100.8834409852751,12.50303970822157,1788.9307155046401,False
915,M1,63.157587066662344,0.8567012324496346,97.29175801472907,15.075122751919315,1800.458524771562,False
916,M1,61.7489337817863,0.7306595549981962,97.0529212786393,13.665599040158883,1800.1021019105083,False
917,M1,61.26028441010385,0.724973908065906,101.97016719958866,13.257890115505347,1789.607886752065,False
918,M1,61.81029802925988,0.6856774743408973,99.77235643328974,13.327425699199992,1792.571856883448,False
919,M1,63.64822886323487,0.8088596089207398,93.72087198117154,13.80609054056157,1779.0542484978407,False
920,M1,66.2356481678946,0.8530807895068945,99.88465543271171,15.425158134429019,1792.430417444703,False
921,M1,64.92949367525434,0.7770875467987545,99.68286678645913,14.903018229479073,1789.9954138301398,False
922,M1,64.16318715028976,0.7870466317847454,97.29940238965769,14.957103954277407,1817.3171179047408,False
923,M1,68.8003514230507,0.8723076828355735,99.15003085773512,16.355663221046754,1791.6764168265302,False
924,M1,67.84777025888928,0.864599084717343,103.07517883078663,16.65186138090238,1807.8206703715036,False
925,M1,65.87758773951498,0.7955657177484183,102.11524205123065,15.298171699689957,1815.342927277021,False
926,M1,63.606756259000676,0.8009061317212558,101.23429329689415,14.36809874592109,1819.2534783157523,False
927,M1,69.54319561770708,0.8520832101945479,100.68121693363781,16.52986188675709,1808.8986823117043,False
928,M1,67.35992719317538,0.8684322440163579,104.00755026734475,15.842047529045365,1813.9139983383288,False
929,M1,67.30961353467279,0.8638002463027068,102.0886198149988,15.978202737591742,1801.200957296942,False
930,M1,65.94483389073417,0.8581353589264188,101.26683257313606,14.581012988652459,1816.9539358674358,False
931,M1,67.1881838030286,0.9053533647312164,101.4825035923032,15.958996005910686,1813.8801384728172,False
932,M1,67.07640268832967,0.8728711600197115,97.95213037901878,16.10028408309696,1791.4312335270458,False
933,M1,64.81838518563211,0.7924666870286021,100.92489547733761,15.782364224509601,1791.6742502908978,False
934,M1,64.16350605431171,0.814043353379728,102.05403114351454,14.54600798760272,1786.7587082613747,False
935,M1,65.10393414960669,0.7243446438643463,99.70013950213236,15.004257531891174,1793.7438137574088,False
936,M1,63.01831987348037,0.7538764664309627,97.85560980643758,14.46620920823388,1788.5572285666526,False
937,M1,60.99545476196055,0.7533262820118268,99.83779016215418,13.023226861858916,1781.3519741684484,False
938,M1,64.48338396311826,0.7128905928796243,96.03380574416711,14.47373245695073,1768.1711927876167,False
939,M1,61.78858821190366,0.6996431628437154,96.74631778565023,13.724521365977756,1785.0887881872056,False
940,M1,63.58794592276331,0.6975379937798484,98.63297309783651,12.933030339294705,1793.797176267287,False
941,M1,63.33598576715861,0.7658775653796422,99.25972771407714,14.091329147970766,1798.0899388936043,False
942,M1,64.42976440033661,0.7398732565411962,99.52536284707462,14.787040908802853,1784.0958776153052,False
943,M1,64.32144811630148,0.8033485688691469,96.2819393036745,14.88187994511341,1786.7473649996914,False
944,M1,65.84074745492929,0.8436770019109556,101.05125303677394,15.744663348547448,1804.6460052128834,False
945,M1,65.74234511169297,0.8573297758067905,100.49871733365046,15.070741709108471,1812.9695402622942,False
946,M1,65.07812646718739,0.8597247164610224,98.83248778420455,14.30888439789881,1799.906847568483,False
947,M1,66.5366025573055,0.7853779186877323,103.96685698804345,15.798363530802728,1799.6808364230924,False
948,M1,64.7866935377134,0.7811678511119831,100.72044967466641,15.66121283183711,1799.1507268148457,False
949,M1,68.27371698869533,0.8602929649219088,101.73041616068642,15.848765011593375,1814.6415925886001,False
950,M1,69.18896790716633,0.8053338421203816,102.71195953422223,15.001792603857531,1814.4284836734812,False
951,M1,68.65874705621418,0.8365109891859941,102.6478756462263,16.127329579967462,1807.526609108717,False
952,M1,70.20294267661066,0.8687650723394197,102.83581963844473,17.036760697174,1808.786556748929,False
953,M1,68.73971077008645,0.908915051669849,100.94415965002618,16.50198787115717,1799.3322451330846,False
954,M1,66.22922413981047,0.8918285363820035,101.89191141326114,15.694934930819995,1819.6269567127426,False
955,M1,67.93284255933774,0.8061097535574201,101.41220079956778,16.608175488233698,1802.7461960835744,False
956,M1,68.40459854125909,0.8703098725276985,98.77125470877897,16.165825843104685,1805.8890273689008,False
957,M1,63.664091291004254,0.7469160239685825,96.61702258221233,13.730401399790754,1792.3663431098364,False
958,M1,64.3646489660307,0.7482555221811393,103.66118397520363,14.981431121976268,1788.4400830782538,False
959,M1,63.57442909647602,0.766882732585079,97.00255650151082,14.967152102665354,1797.7393888173835,False
960,M1,61.726452130725875,0.7282683328897475,96.99387286467945,13.869600840383729,1795.1304597530707,False
961,M1,61.60299455081137,0.7358948383777006,99.31998259392768,14.146236845687826,1788.2392360450099,False
962,M1,62.31371979121431,0.7547759758125454,98.48197418325933,14.073055852941978,1777.3327031212575,False
963,M1,63.18115965279349,0.6929937347589772,94.89989090548376,14.698442117092862,1777.9685220260455,False
964,M1,63.03522594613285,0.7409484522902885,99.25516967817587,14.266373155745882,1788.976000094461,False
965,M1,62.81899851764168,0.8103692327525696,100.0304028133627,15.082163215526295,1782.736544646438,False
966,M1,62.29540056708182,0.769520607173547,98.90417693245672,14.546078633238059,1783.6493428697406,False
967,M1,62.75910574868255,0.6357035489839999,98.02690698254524,15.014084242528938,1799.210218460541,False
968,M1,62.99833067315777,0.8175280727215621,99.20148518208892,13.650607150168721,1786.2678577531883,False
969,M1,66.50160246548369,0.8206922847212862,98.55322988470749,15.820168337308374,1790.9327272542293,False
970,M1,64.40100688868492,0.8184590709388478,98.08846713857348,14.939569976263472,1806.0245775366795,False
971,M1,67.20688639070417,0.8083079472779825,101.7661734788909,15.186633419012024,1818.7494783409015,False
972,M1,67.27662025974753,0.8208985520680896,104.81771947891929,15.838811133338954,1803.5125097533491,False
973,M1,69.51302760599097,0.9243597625136187,104.05370943801856,16.462846893798094,1819.0955883620397,False
974,M1,68.485731852092,0.8795923521123906,102.86479892395057,16.763729440264814,1808.774530671952,False
975,M1,67.79657193442344,0.8855038550608797,103.86654371712477,17.03784082953087,1816.864790668604,False
976,M1,65.670839235142,0.8621571505327374,102.72760435160919,15.834719101919418,1821.3464441168035,False
977,M1,68.52585035167698,0.8686187018338367,103.70559780687232,15.172974986339836,1820.825973962999,False
978,M1,65.78451622286585,0.8445951255806764,102.9834956211071,14.976720183853757,1816.656126697863,False
979,M1,67.5199822474746,0.8841531523513094,98.9405990400255,15.445262268369593,1810.4052395553983,False
980,M1,65.92314789223225,0.8349496332318005,99.28854739944165,15.25265598758993,1801.2671033098106,False
981,M1,65.6602901015195,0.7697254789414033,102.51922887092014,13.838373351650477,1811.708925975605,False
982,M1,61.919710047416956,0.7513926936840253,97.18125872558316,13.903891605855419,1812.3342169671757,False
983,M1,63.81544793548132,0.8681379195800392,96.02042649179826,14.882445230790047,1785.853069547024,False
984,M1,61.6522618497252,0.8031346830652476,101.02481247934888,14.77024496656751,1773.433395974428,False
985,M1,62.98219390412327,0.7796813435254633,98.50428505657098,13.41720533679537,1794.3910519967706,False
986,M1,61.35418494528348,0.7501400604273781,98.86035474790177,13.100411900308009,1789.8318108560575,False
987,M1,61.503585728943236,0.7352997413835115,100.24001941856878,13.852912394791648,1780.9392959320298,False
988,M1,64.73281521406072,0.816961030162479,96.56187110978053,14.030921708824517,1777.0219990594783,False
989,M1,63.120928883165,0.7681834199591618,98.68546356005446,13.797841081473354,1786.907645983634,False
990,M1,63.23570388334325,0.8150783587774677,99.54986696933685,15.4696582703003,1779.8534161721404,False
991,M1,64.20988333316437,0.8269648162808236,98.6441572572408,14.531488736889484,1795.2345084827846,False
992,M1,62.31654822822769,0.8575231613487058,99.11914991829462,13.93245010213177,1794.674241845606,False
993,M1,65.09867172474577,0.8986144180066051,99.71739260398331,14.977576934129374,1799.5305077682287,False
994,M1,65.95984662413603,0.7838170286430967,101.29605799608211,15.138403784069315,1781.7502783520738,False
995,M1,65.70826664955997,0.9219203739927241,99.77747979916154,16.008241492510454,1799.1243902143226,False
996,M1,65.55697705853603,0.8467488544787489,100.7237017637105,15.357432024983742,1801.6620927895342,False
997,M1,67.40262164192704,0.875134783878137,99.63952865233696,15.987381512930158,1805.3643999925675,False
998,M1,68.60206009228253,0.9368113582339668,102.37006860894574,16.606966523363308,1814.3316292972343,False
999,M1,66.69233942197599,0.875118476451528,103.55242472155193,16.051977575790282,1814.7416129204437,False
1000,M1,66.7983324522681,0.9576636137854199,100.59684479573022,17.11874097119434,1816.4846399256649,False
1001,M1,68.17633905562691,0.8641921054989906,101.49519556178771,16.551231374642807,1804.4160477702042,False
1002,M1,67.74898374799166,0.9288502540119422,99.56482678128293,16.48347928828827,1797.2728284381203,False
1003,M1,67.36522684139487,0.8954459223709844,104.84546381681035,16.552171482560222,1802.9669422418926,False
1004,M1,66.25007284005525,0.828914699820685,100.44744890706299,14.923429953113448,1797.1318248492998,False
1005,M1,65.78127611149918,0.8644053617882368,100.74109170189129,14.55792062464548,1803.5518695368153,False
1006,M1,64.39793426749142,0.7386947207085046,103.31273426149228,14.659293395714236,1801.0326512722584,False
1007,M1,62.60089721107659,0.7865038387485885,97.99190438534146,13.094632784799927,1800.8534308452795,False
1008,M1,62.34801114004101,0.807713703014821,97.99796550861673,13.628297896920207,1775.7815016702536,False
1009,M1,63.91522465098351,0.7416052922955213,97.13693306116299,14.622474719002147,1786.0643333276607,False
1010,M1,62.08970555279816,0.7545994694283124,95.74298266179932,13.72656524810896,1775.401230109635,False
1011,M1,63.554715781047875,0.8710735751196728,101.33768603146612,14.599985958981772,1786.1252335758663,False
1012,M1,62.38143841383236,0.7478454588920127,98.58606593403185,13.376798942484749,1780.8818026086524,False
1013,M1,63.28268025779103,0.7335024205087938,98.4097940535723,13.90567702292516,1787.6410205566615,False
1014,M1,63.464651211637374,0.902140209754976,99.72543436039783,15.023061762722145,1791.5158972206134,False
1015,M1,65.01413247621133,0.8037631943374671,97.9147159179841,15.377076743522652,1789.758310047811,False
1016,M1,64.98991223068191,0.935039241614563,100.50255592433984,16.000075324584166,1801.103842058001,False
1017,M1,65.69370318665136,0.8435567443916834,100.69203765141776,14.002293795971138,1791.3953988302464,False
1018,M1,66.76662090246087,0.8754034868332339,102.62002152212474,16.29406121847161,1793.8622209007817,False
1019,M1,69.3616069914022,0.8469354648731634,101.05649152800142,16.35603260479356,1823.3695281737243,False
1020,M1,67.9174551059686,0.9313303470180581,100.8654110906455,16.225687969531716,1813.708748959592,False
1021,M1,69.26637595311533,0.9309089500384997,102.32818070758935,16.303700805768397,1821.4853567955115,False
1022,M1,67.6571055921001,0.8908303305495411,103.63029333389368,16.947747342817387,1813.4082049379067,False
1023,M1,67.90557329632585,0.8587014359429403,103.92125602920133,15.90766263902188,1808.8008344155492,False
1024,M1,67.6516870228766,0.8584379232323394,101.14620321265438,15.900638207351612,1826.0509711419572,False
1025,M1,68.91569064814533,0.8675111317040743,100.96208480970182,16.08552777422612,1819.0662840257362,False
1026,M1,67.8026943226561,0.8561911593847318,98.8451390604379,15.710181636428539,1811.3787687039257,False
1027,M1,67.58863597125344,0.9089093438302867,100.34934501289659,16.302365405316007,1798.219702558606,False
1028,M1,67.05982901030715,0.855262177033467,101.33667094297337,16.46595225574738,1802.969259178098,False
1029,M1,66.05924473391893,0.8310104345429432,101.01575739866801,15.582774465502489,1808.3934969072882,False
1030,M1,62.32037785639377,0.7876872720432986,97.24834648514619,14.684332603243423,1788.6789757993781,False
1031,M1,63.037012457852924,0.8026689585662258,95.80947824814879,14.229969531824699,1788.0905721556385,False
1032,M1,64.27458362428767,0.8033937921835553,97.19218492038146,14.817845229266128,1780.8593419351862,False
1033,M1,62.26069462733469,0.8080933900641193,100.97027298774942,14.351022330215168,1791.0751006569296,False
1034,M1,64.25985812519373,0.8739238884120013,99.63932767361538,14.328792274163403,1792.8039685752094,False
1035,M1,61.62901535828843,0.7360714646115609,97.67179548115634,13.96817700993181,1777.6415508839157,False
1036,M1,62.0561566147995,0.768817002829039,101.78439622753734,14.055168280223432,1787.4232975484551,False
1037,M1,62.48262304607209,0.7649623618442855,98.53272169372457,13.618710509519214,1801.4832779428166,False
1038,M1,64.35430400798342,0.838753889235304,98.11207770401354,14.994577859935058,1783.2377449256746,False
1039,M1,63.582290467582574,0.831652267744814,99.83155332624014,14.738562680599923,1797.4781544466114,False
1040,M1,62.675417085672805,0.7830280587965386,99.56643635266366,14.67748246878541,1788.7040996700898,False
1041,M1,63.86512909956747,0.853830178351187,99.66370227308833,14.769068012002586,1790.9632125404787,False
1042,M1,64.20547469486414,0.8112369774014194,101.98982441538088,14.721375728030827,1803.0511552824232,False
1043,M1,67.54253292710867,0.8354937117259631,101.19821905250787,16.363627270032097,1811.7678236015054,False
1044,M1,66.62873339417057,0.8269093463453924,101.20178529168162,14.492898922221912,1814.0518021125158,False
1045,M1,67.11508266983697,0.8529042919228655,102.34254907676898,15.418700401061294,1806.7165106536547,False
1046,M1,69.02348293595641,0.8719938986873987,104.07111138206587,16.852549814628315,1799.2286738570428,False
1047,M1,69.89783995555678,0.8475596031704278,99.89359399390811,17.413100937835587,1815.0912976279094,False
1048,M1,68.12034549322516,0.8483438654418357,100.36539227236936,16.098998061053226,1829.5631755771255,False
1049,M1,68.81930042935348,0.9169851567568448,101.40802449128208,16.601835786747323,1821.9027102313312,False
1050,M1,65.64057613455664,0.8173936816248196,99.6517665064122,13.796748134828231,1815.3896798694657,False
1051,M1,68.20871644958805,0.8160158614363074,100.93684540202504,15.67465249265731,1797.8975965640443,False
1052,M1,65.24663665069185,0.8033690598087458,98.87867982192238,15.207628542820245,1805.0587643675358,False
1053,M1,63.617416431766905,0.8297400416309872,97.93976161575604,13.562948709246786,1793.302528231395,False
1054,M1,62.9485682549424,0.6903053073016083,96.72120160042098,14.08413624184091,1792.751497743247,False
1055,M1,65.32348830897011,0.8233517316499899,99.2276950501682,13.901678250090848,1786.4474848488292,False
1056,M1,62.52820726397574,0.8233067159931092,101.29415409307877,14.395242309813366,1791.7599430806606,False
1057,M1,63.4671328882455,0.8738925710068595,96.62704952256314,13.980845347080098,1800.3297937303112,False
1058,M1,61.719874826904615,0.7158947085575864,100.67479082303412,14.101650924967753,1777.6509032462516,False
1059,M1,62.6722706579927,0.8344698127696075,100.44024894965871,15.159152488676678,1773.826428805441,False
1060,M1,62.214931784948334,0.7745540527889461,94.84121779885989,13.741962870539679,1791.7628878405349,False
1061,M1,62.7683423357526,0.7416280654495815,98.31247553335629,13.206490636244,1783.3707433511938,False
1062,M1,62.94459568231011,0.7359066915577012,99.20916393269769,14.181280901906058,1800.046459253635,False
1063,M1,62.74702774200146,0.8223158556684834,94.98370836710448,13.699331511811968,1788.3998332165365,False
1064,M1,66.04061888726788,0.8658156437910943,100.40390446418317,14.822325365550261,1782.7070478240078,False
1065,M1,64.10286933062503,0.7668958104727926,99.43560096280854,15.119212198778095,1800.9053770764856,False
1066,M1,67.00800373539428,0.8123819579072857,101.10211185953125,16.505528500317162,1793.2611773918543,False
1067,M1,65.61739043625929,0.8672748445848618,103.656457736283,16.245304113261103,1794.266187474611,False
1068,M1,69.09867343418506,0.9169765461498269,102.416254101835,16.569666492263288,1792.6186876634451,False
1069,M1,67.93943696117977,0.8781692069513833,102.46793502139232,17.082643616453144,1808.0533151128848,False
1070,M1,68.28404040272555,0.8826664248476163,99.7427711373865,15.97995449868573,1818.2145410651644,False
1071,M1,67.3330152634504,0.8919897308308922,103.35980317762855,16.1461066974296,1824.7442178755605,False
1072,M1,67.52751633870301,0.8872448751056755,103.29794899692534,17.31431394999722,1806.8226407051452,False
1073,M1,68.50034670356484,0.9309501465430657,103.96763079447001,17.25002602628091,1802.7084144436797,False
1074,M1,65.07747064559337,0.8908174862912913,107.08501727099389,16.615693489408674,1813.8025124397443,False
1075,M1,65.63771236190235,0.8611585640307824,100.62681265791286,15.194860525683453,1819.7652628474414,False
1076,M1,66.6067501103566,0.838506143047053,102.0277807418568,14.623839651995109,1803.1621507527727,False
1077,M1,66.09165269923955,0.8687304864330578,99.97082880589682,16.28600641763427,1786.6643736710676,False
1078,M1,63.9073688577806,0.7912242135604441,100.34255293011906,13.986537974228726,1806.2452394989677,False
1079,M1,64.32705337638407,0.8232902397054735,103.41548170283332,14.471223293781852,1780.7743652954607,False
1080,M1,63.64571400036142,0.7948139864832279,98.33897936098307,14.700235841102863,1787.2223509803084,False
1081,M1,62.32010696617752,0.8345583841276013,96.32592116733153,14.453687121191031,1790.8413287533715,False
1082,M1,63.32343220762825,0.7573495727864014,100.20223635798669,13.965415307678281,1794.3480397631788,False
1083,M1,61.13000433724174,0.8135682733874329,96.83750042839463,13.674473576263859,1782.251340566169,False
1084,M1,62.930347678730584,0.8078271853143354,97.6507124152448,13.260993834630865,1779.0022599642593,False
1085,M1,60.66315060628701,0.7949090876998288,98.70059221156534,13.337113678559547,1782.919436470495,False
1086,M1,63.24967029629039,0.8709675990734411,98.55225531757254,14.816169455917205,1776.6931144257026,False
1087,M1,65.0154058779694,0.8805556240943611,99.83748996250976,16.068209399691117,1804.5980909317934,False
1088,M1,62.88238085482665,0.768433778718809,100.84213498730884,14.688960038298138,1795.6752206494994,False
1089,M1,66.30793644258952,0.7776723208170961,102.51411091700821,14.923371892304074,1800.7772874277127,False
1090,M1,64.36369516874763,0.7616409912687702,98.17672449721867,13.590956555944187,1800.4928082133092,False
1091,M1,66.4731295895943,0.8240107894534068,104.93138999183937,14.744962948602469,1809.3245146981124,False
1092,M1,67.17016274341117,0.880950813861197,101.94514853457937,16.149323023497633,1811.725348821567,False
1093,M1,68.34953615374148,0.8809448648062281,100.65836855754725,16.68057526249485,1811.096830161811,False
1094,M1,67.60908422183306,0.9024468772265033,100.47531562801399,16.595922290004815,1824.0647178314089,False
1095,M1,69.95069896839227,0.8427562771464471,103.3493455610933,16.97196314469446,1809.2310191892552,False
1096,M1,69.14375788540285,0.8886127761109365,105.27873637494552,15.921586911790728,1822.9812624650679,False
1097,M1,66.83599160530906,0.8344840696329054,100.89869665363855,16.096531802879763,1809.9019457545403,False
1098,M1,68.00266826770367,0.8880326015498,99.97716210515111,17.33053321965008,1797.152493997034,False
1099,M1,63.70713889685111,0.7747509279914022,103.08069032353535,13.796197902274306,1814.0014837725178,False
1100,M1,63.70546836563108,0.8103086029018716,98.28661718319408,15.527438553694417,1790.478365943716,False
1101,M1,65.48803030638109,0.7748199801910393,100.87529093039447,14.695422244267943,1789.6982045925376,False
1102,M1,64.34421922292489,0.8283842895166392,100.63349832312537,13.963961954576098,1795.5921773606215,False
1103,M1,64.21544425033898,0.8151413395528329,98.78338083026465,14.69159581727464,1786.01429243716,False
1104,M1,63.249734664317494,0.7631836048801184,96.14873501058166,13.309252194831233,1786.3394006807994,False
1105,M1,62.631138718231384,0.7407330833300734,99.4598367982575,12.40488106425264,1793.1159314556237,False
1106,M1,62.751920168423815,0.780587025868393,99.10771478406075,13.49506518552899,1791.8402876866385,False
1107,M1,62.30177027095803,0.8444963051089365,98.20945499613573,14.333216838650118,1787.8154377524907,False
1108,M1,62.45364545336263,0.8075907687313513,99.92383966138783,13.855491994574935,1789.3199779840038,False
1109,M1,63.44039961729936,0.7609279711398744,97.60485164885955,14.294971247635067,1777.7899387575123,False
1110,M1,62.318578418649814,0.7580902924726253,95.59217703355735,13.34253103826741,1787.8485338640571,False
1111,M1,61.87733610021207,0.7192439984931945,94.63176293511883,14.132919963561354,1787.3122693990254,False
1112,M1,63.33870761460838,0.7854885518318049,99.85823986396301,15.014453551169408,1786.0802412927144,False
1113,M1,68.36543352938176,0.8092375828152575,99.3085002088889,15.701166646126488,1786.5788878061373,False
1114,M1,65.58209402203696,0.8675728160517333,101.9115873596802,15.465081636487039,1816.2535398495677,False
1115,M1,67.10400017939604,0.8668628598110881,101.96510866827154,16.200481850621944,1796.3863165089529,False
1116,M1,68.21967512968618,0.8791526167350914,102.00782715410601,16.05637042833204,1807.9159819677927,False
1117,M1,68.69369335026634,0.8270470683238872,100.97268239137716,17.742365733515875,1814.2936212911254,False
1118,M1,68.14903482642977,0.8216864985086656,101.82939519227128,15.596741781984752,1818.897349487075,False
1119,M1,68.94281400890186,0.8851513520398233,104.11233266330667,17.330815399732128,1804.6949737161426,False
1120,M1,69.26088382517756,0.9242116268237823,100.30663937181032,16.038600774382314,1812.927772094509,False
1121,M1,69.67769731959923,0.8450587203045832,104.7842104346312,17.154941588167457,1793.8242472512702,False
1122,M1,67.87271087055815,0.8235982891304346,101.28705232761567,16.176470135690728,1798.2959872121519,False
1123,M1,66.80293338563577,0.8023128981838996,102.32788648605344,15.739187773463977,1804.263345487118,False
1124,M1,65.11762093217027,0.8318636852392592,99.24795633646879,15.333601387105494,1809.8401750051626,False
1125,M1,64.88818421686052,0.7850824622300976,101.60402700734635,14.975809115816052,1807.2593149153054,False
1126,M1,61.968375111289156,0.7859484609308633,98.80981815441609,13.698734523787987,1806.65683498712,False
1127,M1,63.06745129892737,0.8296381097120024,98.9301420991209,14.252885129295942,1794.9879430947626,False
1128,M1,63.08064443388706,0.6842171254307436,99.18665119094256,13.890791809138143,1793.1679621136761,False
1129,M1,63.61135692685631,0.8357519499555793,101.71275862759738,15.133622062019567,1795.3553932231678,False
1130,M1,60.7441465352623,0.7601583438525442,99.1639373747169,13.750089167993876,1779.9840556665029,False
1131,M1,61.65393870416903,0.7859113610187166,98.44944971899994,13.692383505450092,1780.5389118798728,False
1132,M1,63.60969760301861,0.8327763887923956,96.54770746543073,15.193249013184662,1770.9486435960994,False
1133,M1,63.119606644001415,0.7338341482843059,98.14172936483426,13.98940839211323,1781.7953786033593,False
1134,M1,63.939219830044095,0.7764014891242385,96.62109252229428,14.598268633255444,1781.098226179925,False
1135,M1,63.45600043379241,0.7429491205992588,99.51759545849883,13.761946763879653,1796.4608599738203,False
1136,M1,65.26053487705884,0.7589828011614516,98.81953338851969,14.339707488169811,1788.5353541800364,False
1137,M1,65.94887482802511,0.8362690993133365,100.21052506912442,16.09137521419816,1802.346673930017,False
1138,M1,66.29658593725311,0.8427865729125957,99.30538029935504,15.41905112425005,1795.0508890662015,False
1139,M1,67.53603238972619,0.8236714675775486,100.84392257759905,15.185413328637472,1818.2001687595143,False
1140,M1,66.24617762015687,0.8189909843831468,101.60394703126188,15.242755527387887,1821.2295254786081,False
1141,M1,70.04316446956841,0.8297232130212682,105.2288219366993,16.671949903332496,1802.8470766729222,False
1142,M1,68.52789668595318,0.8563123873842088,102.94659693148749,16.328218681686664,1809.3898002902215,False
1143,M1,69.35480249079619,0.8475847252822523,103.52018675542077,16.702749699227486,1811.4516876959442,False
1144,M1,69.88919365890955,0.8442497798795564,100.41525574212649,16.91474650466874,1815.3365716828275,False
1145,M1,68.05697000400532,0.8702447186796113,103.57545118218398,16.343281133985272,1808.5838280992186,False
1146,M1,65.88428129692919,0.8671410329346723,100.29641437039534,16.0892177855121,1817.1859968231895,False
1147,M1,66.7643391457353,0.8174369240302981,99.19031797277977,15.643189384450706,1798.483903210004,False
1148,M1,64.47680528842798,0.7815591507259196,99.35948013843837,15.095058077003358,1799.5983031757378,False
1149,M1,65.07591985976454,0.8691473308895905,100.48618126248208,15.592454487019854,1806.069994753575,False
1150,M1,63.93657573604227,0.8012819728178188,98.55309946144757,14.458101822579467,1802.9671511493448,False
1151,M1,62.348916552126596,0.8005329361412272,97.92865511767675,13.868716507755495,1793.9309177575324,False
1152,M1,64.65234499951526,0.7973082663482605,100.17093747528007,15.207697825343077,1778.2146732058602,False
1153,M1,62.89806069888447,0.8165183711736299,96.91175266918768,13.943813992387675,1780.087665341197,False
1154,M1,62.49485064217847,0.7448818752021802,97.40792845254803,14.505061487606424,1785.3512690287769,False
1155,M1,60.82210221498241,0.7762713648591438,96.54781051715763,12.958041848067355,1781.7131868280192,False
1156,M1,62.56564430643864,0.8574164975943369,98.26916195278982,14.09687003508742,1781.7893325013208,False
1157,M1,64.3747688730381,0.7797085526185857,98.97915362902874,14.43550599275826,1781.8417674819934,False
1158,M1,63.10650501810814,0.7564577097310589,96.8440876770044,13.34172623079437,1809.0434144986446,False
1159,M1,63.901475838662485,0.801003582767934,100.91625128526076,15.118406905116073,1788.5554462415078,False
1160,M1,63.16727330295889,0.8380723829690471,94.19702628168146,14.20261857404887,1792.03719194709,False
1161,M1,64.40648600696223,0.7515397962707399,100.57053627944158,15.472822685681617,1795.9343350968293,False
1162,M1,66.49105871293825,0.8528549108496096,102.60583241248052,15.070048054361514,1814.738729854469,False
1163,M1,63.80439458820203,0.8231103176719473,103.35316240683707,14.619441262488849,1799.8613977730174,False
1164,M1,66.75321701699959,0.8259306387026877,102.1773486673692,14.710525235011964,1817.8459330541618,False
1165,M1,66.41954837866159,0.820551943349061,102.300947055783,15.079433710598193,1821.368023716061,False
1166,M1,69.53371794664997,0.8865994281108719,101.58677649433103,16.54871684075843,1814.4606155592455,False
1167,M1,67.34766592417672,0.8935417106919852,101.5760116644754,17.09982294544491,1821.7421255199215,False
1168,M1,68.12245422759564,0.8433037350190474,100.1048609933047,16.2628157395173,1807.9205105338704,False
1169,M1,66.10785234816298,0.7964065437000709,100.7909914427081,15.792190828333885,1818.4779368544032,False
1170,M1,66.71355215486777,0.8130237458773701,98.46066849304334,16.3538968113369,1803.2291755326469,False
1171,M1,65.85885705322977,0.8074101443962535,97.26945240559104,15.361391990904735,1813.8879045036563,False
1172,M1,64.28609929239863,0.8361015645590016,102.44479799612841,15.598895316908404,1804.7298569060233,False
1173,M1,66.08825086539142,0.7726914644394679,100.48960458518472,14.74365905547089,1810.4987524842034,False
1174,M1,63.696023308209824,0.7981991506619502,101.65087296167056,14.490884666055733,1793.7734532129396,False
1175,M1,60.91483951791427,0.7754029252934819,98.05687403647579,13.163493569966406,1786.6804438776812,False
1176,M1,60.98251204162353,0.7230641721512643,95.86280549836053,14.128128099267578,1793.6654849904526,False
1177,M1,61.63035037646069,0.7648159642836905,98.62587432000375,13.805843712459064,1787.005782204524,False
1178,M1,62.72464140081744,0.711454982375452,100.21186603246917,13.399588475370527,1781.6689117547219,False
1179,M1,61.566194582859,0.7501030469048461,94.27676795806917,13.202741375699432,1792.2621042519538,False
1180,M1,62.718408554560995,0.8582897270522766,97.95620114412593,15.202919876467444,1783.5693066103572,False
1181,M1,63.38106217593749,0.7996113930983171,98.32217977794394,13.730413553108047,1783.732133834723,False
1182,M1,62.74601679055429,0.904211484668807,102.32319150429079,14.001985936049593,1794.1186029813962,False
1183,M1,65.10620626633157,0.7800479512466347,99.54486552268143,14.811526638241283,1796.0442531176045,False
1184,M1,66.17035217196918,0.8355422433511047,97.51504349270287,15.259238950525992,1804.4896825952546,False
1185,M1,66.83209736797212,0.870418170589359,98.3825751247798,15.705521049899323,1798.4928329709596,False
1186,M1,67.67623026020482,0.8290822896865456,98.75530025948332,16.562105485403073,1798.1262676548545,False
1187,M1,65.86730798025593,0.8239450329119783,99.05945354010463,15.694081755385952,1796.8258122960917,False
1188,M1,67.77884908090533,0.7988743669999466,102.43989815089317,16.0290969215618,1819.5412383087273,False
1189,M1,67.20508360037789,0.8813491201415181,101.64566696348976,16.49504765027618,1799.8082299309951,False
1190,M1,66.64917300473974,0.9913810834126997,102.12787221665424,16.470844283713994,1805.2721691987517,False
1191,M1,67.80732199183639,0.8601149844587601,99.41513929988321,16.03930770124562,1811.225972901953,False
1192,M1,68.22642478637957,0.9012219174730502,105.71943828817024,16.265113073972365,1811.538872023375,False
1193,M1,69.1052332295183,0.9616550300721936,100.93409330463675,16.59441826477932,1795.585691984091,False
1194,M1,67.80082504184936,0.9541741243883668,99.06020642656655,17.048085111095034,1787.5857336625543,False
1195,M1,67.00396477907805,0.9050427853147629,100.4316861739346,15.90417083291517,1807.006812992257,False
1196,M1,65.45152610462478,0.8501851932344183,101.56888244815676,14.933394016425732,1802.805419203923,False
1197,M1,63.67559284972855,0.8113991736913375,98.67207540252811,13.703356616394649,1805.495045970247,False
1198,M1,63.88989670982249,0.8101808574173619,98.71031297322375,13.789836335671058,1820.4877247520512,False
1199,M1,64.5666928624901,0.7461999254700329,102.82143905953356,13.665603362290259,1788.8342189977436,False
1200,M1,63.296044976945986,0.8628463505570868,96.94802926274996,14.975181603975313,1789.8802140394112,False
1201,M1,59.813897996819954,0.6930028780317069,98.56468829783165,12.348870069641084,1803.4670434313266,False
1202,M1,62.15205139624703,0.7946556756383371,93.14882493460904,14.470248161487238,1795.9712723468265,False
1203,M1,62.157062524160764,0.842932597626941,98.48158469292405,14.3457562811641,1783.7045706397605,False
1204,M1,62.95495544250903,0.8159737695926182,97.11982500041907,13.864125231333732,1770.806153032612,False
1205,M1,62.435620024474446,0.7156488480921427,99.4335062080396,14.075336029610613,1789.900625744425,False
1206,M1,63.81571030298532,0.7363105360106463,98.69602598172737,14.3646047185566,1788.2611192613815,False
1207,M1,63.185701741703305,0.835764041790769,97.42767989869145,14.403687812202001,1794.6922403344597,False
1208,M1,63.39944931091709,0.7785596257929959,99.2182954672559,14.580381935544777,1782.085685934331,False
1209,M1,65.28584938417544,0.7974853716310247,100.21993820466898,15.887524624207892,1809.5331137280987,False
1210,M1,67.9268488503132,0.8436589217162088,100.15455815907636,16.01296783194459,1797.0574814779347,False
1211,M1,66.08864869586873,0.8308209004374968,99.22999887066831,15.51012019700201,1805.747738767465,False
1212,M1,65.33780063029437,0.8913971571904246,98.77104451679956,14.9914335655927,1830.5458750558166,False
1213,M1,64.87096619883728,0.7847930855812923,99.7164658955834,15.351881481529656,1834.2702776286574,False
1214,M1,66.6947416694016,0.8468982584682919,100.55705401865298,15.133358855601061,1816.6099250003085,False
1215,M1,70.4110393107922,0.9180327906850597,100.50531921694513,17.185362443845612,1815.4610924005342,False
1216,M1,69.36745026904532,0.9059680331574594,103.4041746752071,17.438733691485538,1795.6681127743886,False
1217,M1,67.11720715061399,0.831067578653177,99.01479306095432,16.67840443820654,1810.0578234569596,False
1218,M1,68.73040320823758,0.9456077230203032,98.03429298256876,15.980138367889039,1803.8653949402421,False
1219,M1,65.68470160864652,0.8186519623205887,98.14530924421965,15.407370421112097,1792.0811573695034,False
1220,M1,65.64241148554842,0.8457681082651975,98.3705445634129,15.118568080786545,1813.8904251621575,False
1221,M1,66.07297255892021,0.8362800499193749,99.3726659423585,15.720640595517446,1780.8223525360222,False
1222,M1,64.28334731645695,0.8888563316024626,100.49339334531345,14.499120142457604,1815.5064618602767,False
1223,M1,64.04907293690701,0.8056849801122373,98.54904250374123,14.707917929048193,1779.999099585311,False
1224,M1,62.114986019439534,0.7204875225371307,99.54889498110258,13.250108033336508,1772.986966388104,False
1225,M1,61.09785948486416,0.7740351038205004,97.66677786248064,13.1508908079257,1790.5315641924244,False
1226,M1,61.33998458087504,0.7693847329991467,98.11972900035653,14.370532844409352,1795.0548717008603,False
1227,M1,61.80651978139272,0.7172424476911914,99.84979749918324,13.850474354539084,1769.606960682683,False
1228,M1,60.06127929413146,0.7190554923072848,98.09010121753724,13.804305511559296,1785.0678460771962,False
1229,M1,61.55213938766473,0.7409431607649574,98.75656940084062,14.003806070485822,1787.8691816733187,False
1230,M1,62.292054204000756,0.7671935534431991,97.5621119422756,13.878993622055996,1781.644710585354,False
1231,M1,64.18607670787857,0.7462679946178311,96.9902725783742,14.577635344134887,1790.9306324198396,False
1232,M1,63.875672876767304,0.7522859860832523,98.74430735498007,15.233430763785698,1791.758636749342,False
1233,M1,65.9641227505404,0.8360153681052305,102.76977661048555,15.92336590300172,1796.842911170202,False
1234,M1,65.2356882220712,0.8294693733770732,100.63114765019556,15.880610301864893,1800.7481959380884,False
1235,M1,66.63350260597191,0.8697378801382617,96.4455520479908,15.65883747569245,1801.0298020328219,False
1236,M1,68.99935110050443,0.8410315104464442,99.26620872145119,16.664562170475026,1809.181504695106,False
1237,M1,67.59029711119484,0.8642085139306008,102.37343991129345,15.339964480956134,1817.4149786582527,False
1238,M1,66.61108302951031,0.8495187067353905,100.30710747749842,15.50251006346561,1806.7346641820852,False
1239,M1,67.39338364843965,0.8336425459023531,102.91840555487086,15.195995720815906,1806.4994993537875,False
1240,M1,68.43873220105937,0.8470298814306824,102.47019823535942,17.06053494188213,1827.793796883624,False
1241,M1,69.67993501602359,0.8866207929074759,101.07738029443573,16.434648182980574,1806.509241499537,False
1242,M1,68.19979526324451,0.8774055470713434,104.81766644995272,16.236619501001943,1798.372708872338,False
1243,M1,67.00834637570553,0.8162337994127496,100.32290480215707,15.580999217490817,1792.777757060544,False
1244,M1,68.09916316727856,0.8621082617695127,104.68127079596303,16.74224329037816,1807.2918723234845,False
1245,M1,65.6314356786129,0.7735518141659873,100.58871322240054,14.911143929255744,1803.035000666758,False
1246,M1,63.89480335017482,0.7608121492616127,100.4559356622165,14.492854498164139,1788.393957069883,False
1247,M1,62.12724006072129,0.7715433294188069,99.31662859985356,14.555951986253076,1804.549733008399,False
1248,M1,64.24087137442325,0.8030113706655093,96.86034865261743,14.64675454736081,1795.2927694320033,False
1249,M1,64.74564975854958,0.8396300836843208,97.96397549847504,14.539088361875105,1769.4907348315596,False
1250,M1,62.678385933665204,0.7639816391893496,98.73596473082168,13.288806393936307,1779.3315399940223,False
1251,M1,62.57808561976204,0.7252004704967719,96.05756056872093,13.48817316436924,1787.4368547100069,False
1252,M1,60.95570453368669,0.6807664558151911,99.44074108596274,12.922914900029316,1792.7966475738199,False
1253,M1,63.29378742703127,0.8180629124377116,98.4959514662306,14.430234405471738,1792.6283259579488,False
1254,M1,63.733813911903304,0.7541003243452638,98.69247945069054,13.917398824259594,1771.0089115201288,False
1255,M1,63.43308834735934,0.7458903866394238,98.80910905929855,14.243026471909223,1782.650860888513,False
1256,M1,64.75413809920421,0.8444511121057359,94.80712533318057,14.51250283313813,1799.9599257773768,False
1257,M1,64.31454337675667,0.8329958250819699,100.3709301049249,14.855956785066667,1805.1010423133646,False
1258,M1,64.77740423603798,0.7931751465100066,101.88442643359758,15.898129375493262,1809.6471087378607,False
1259,M1,67.30836957981015,0.8501721602664866,104.89602980725694,15.402993722055738,1800.6777029586062,False
1260,M1,67.93767014067012,0.843550625958252,103.13184987353038,16.128133195130516,1815.5282471783803,False
1261,M1,68.0551136195173,0.85272090667437,101.66769902414966,16.79799124189428,1811.0687625879784,False
1262,M1,68.7381280597134,0.9278153619686781,102.44121563955488,16.34813477825305,1816.0417961043322,False
1263,M1,67.793575393269,0.8552680710977277,101.19262809960323,15.786469770202773,1821.9681282999027,False
1264,M1,68.22262505930001,0.9003706040067889,101.64635532322063,16.258544985745857,1812.722991943116,False
1265,M1,66.15008396044946,0.8665419520509162,98.23796751461616,15.90145175480785,1821.525834765961,False
1266,M1,68.6419349933212,0.7962062516411036,101.86198161530203,16.518421679361232,1794.3216943765972,False
1267,M1,66.39050889928906,0.8212997361883875,103.79000712292647,16.031563938877177,1811.107345102721,False
1268,M1,66.05448838639411,0.9175258327784733,101.44186815394852,16.32462827149621,1798.055867494355,False
1269,M1,65.3755984143706,0.7683276145608189,97.98114292427498,14.505447705433854,1802.0676850184905,False
1270,M1,62.85341052848593,0.7775950317979721,98.6365202436291,14.370659051404216,1790.3333433449081,False
1271,M1,62.57119359280789,0.7309907153215535,100.66470890292035,14.73423796378538,1769.6359629084316,False
1272,M1,63.00906419196853,0.8200510918470864,100.96397971766301,14.082583520814978,1794.3868040828336,False
1273,M1,63.043882027578334,0.762748910334425,95.73041743484337,13.929965938827802,1791.7174152182615,False
1274,M1,62.58012612744661,0.8826038368786223,96.62973429910416,14.834347042173013,1795.8206791239359,False
1275,M1,61.761168158861395,0.7723761976133925,97.68651587766308,13.294541114674752,1770.5586582516105,False
1276,M1,61.27714994390627,0.7027304020870728,99.38893476396007,13.928695853721344,1768.5026798406325,False
1277,M1,62.80823408555274,0.7074994979248326,98.40325064617967,14.088573960554468,1788.6982799708328,False
1278,M1,62.61583951649268,0.8028337953528796,99.25639233126815,14.505138693495354,1781.9203579382827,False
1279,M1,63.272236352215096,0.8613687554406344,100.69586781595437,14.386722471814798,1789.3644450463044,False
1280,M1,63.25818996499622,0.8301122721487907,100.58331847438136,14.560056723903124,1807.865301842448,False
1281,M1,66.01816390980741,0.7920068531467526,97.67238033351113,15.975959100184006,1804.818462675642,False
1282,M1,65.39437809971824,0.816629987265203,101.54144311206973,15.284716739529946,1806.6398530349784,False
1283,M1,64.2285818947531,0.736463212989521,99.82888232410785,14.477595724866077,1820.0409098112013,False
1284,M1,66.8751666888155,0.8484203130946986,100.2784729528612,15.309262217414133,1803.5827927688367,False
1285,M1,67.27984601552578,0.8033491985480856,101.94190082601784,16.63811849356542,1808.4128319394358,False
1286,M1,68.0697187373137,0.8942472019061273,101.68685792551547,16.04240202795025,1819.0088692454794,False
1287,M1,66.60455321571804,0.8485039950358433,101.17668214462907,14.925392900423867,1813.828333588082,False
1288,M1,65.2455719471417,0.8332504724652126,103.10434468166034,14.379290044784359,1827.6120078491745,False
1289,M1,67.7696968707912,0.8841231160606401,105.17200168387114,15.240721830249626,1808.422931110781,False
1290,M1,66.6134755402794,0.950319632769258,100.96613404090645,16.011714511706984,1819.4085160611355,False
1291,M1,66.76745123549405,0.8185417831961938,101.85183299837263,15.754666609744982,1789.1716769980217,False
1292,M1,67.04373674759142,0.9317541895090603,99.35476415131839,15.871907386388523,1806.3257011241549,False
1293,M1,65.99334840692224,0.7688091238549972,98.0141524487372,15.784818165674347,1793.6080404283937,False
1294,M1,65.61856152458317,0.8609739180320972,97.78265982956,16.254937631185467,1784.6120688307722,False
1295,M1,63.03094173017229,0.7474770244196722,95.95814968110385,14.318320185771421,1803.7369961194129,False
1296,M1,62.17855698212223,0.7834034041113959,98.40428327246816,14.040568084647667,1796.5326531535038,False
1297,M1,62.31644283226809,0.8544233302288674,98.15801816446606,15.030821199956566,1778.0843709247586,False
1298,M1,61.98636064559853,0.7259781012239973,99.95890922591873,12.721980439346977,1779.5409949235523,False
1299,M1,61.800320152792736,0.6943217362420013,98.18536188707051,12.95685951190243,1796.8781195335393,False
1300,M1,60.82067821097202,0.7448155852389013,98.81391025077106,13.804525018102169,1786.7148376927569,False
1301,M1,63.23199733643215,0.8012593793976154,97.76584622682755,14.382845094371115,1799.5132692692707,False
1302,M1,64.01546885368391,0.8523779535388819,97.97327112905083,14.874078685697178,1789.628715287074,False
1303,M1,59.730137190417466,0.7104300361792801,100.00319907331016,13.73033375280469,1800.5122608008714,False
1304,M1,62.76120868642596,0.7575339744343604,99.62212346772702,13.8430748995777,1798.784996698602,False
1305,M1,65.88299311736488,0.8041809583410156,101.09740384985531,14.252259071028611,1790.1259295243808,False
1306,M1,64.55609906766648,0.8494423380993161,101.68258209270265,15.474115955468044,1802.266795371607,False
1307,M1,67.87806779415018,0.8778536901944668,99.21467303015379,16.6252099461767,1819.3776485816468,False
1308,M1,68.87640662591095,0.828377496182081,101.06970777701511,16.217438297891984,1809.8007479516832,False
1309,M1,69.06399147714059,0.8792893121077594,105.20317109663853,17.124122786861324,1797.8860468628657,False
1310,M1,67.3080716447085,0.8513348365374863,103.23580606900377,16.100916245969714,1812.584416373192,False
1311,M1,68.26327376088888,0.899136816833653,105.55646221294754,16.571768988736324,1818.3151325478796,False
1312,M1,66.85663538208547,0.9304031932188794,101.90297204386472,17.12496753194917,1809.4180053644857,False
1313,M1,69.64622340003596,0.9112505166627962,103.18076055108494,17.000730059601995,1802.1289106951785,False
1314,M1,66.6062668964211,0.8075256069862442,103.96858583937727,14.974392073573863,1805.7370181737126,False
1315,M1,65.75654726460598,0.9545949626226099,106.73294422017553,16.183959036689476,1808.523184179904,False
1316,M1,64.5221760518652,0.8572153970336318,101.56488065199207,14.556306063743826,1806.8908194966218,False
1317,M1,63.56460797417569,0.6971694176251508,98.49673267295842,14.733558514962576,1813.151969970675,False
1318,M1,66.18724856613832,0.8813513758869127,99.87545223487928,15.414777016971964,1799.907491261918,False
1319,M1,64.68917174381872,0.867730839962284,97.96033982872002,15.055255517822008,1796.7768233566999,False
1320,M1,63.63901566995374,0.8789305723296922,98.20254601478116,14.9350487247538,1770.084228961332,False
1321,M1,62.827781678983804,0.7757601257524593,98.54541630510644,13.273362817194425,1784.4193573361747,False
1322,M1,62.37784717075174,0.7398097959233022,97.32695320913555,14.402282000515372,1785.5185292349943,False
1323,M1,62.56659460558842,0.7878492730738565,98.82654397321663,13.7110456101966,1784.7172657577084,False
1324,M1,62.44326087513874,0.8250672987970575,95.37840211011483,14.285812291851284,1787.070488527156,False
1325,M1,63.800141197107834,0.7950978891722609,98.47824100756883,14.2955852406496,1782.0842356839928,False
1326,M1,64.81135698504606,0.8546617543781191,97.66801647942869,14.66981521638864,1780.8124178243856,False
1327,M1,62.57274062410714,0.746531523514583,98.16753082120583,13.635031248029982,1796.7659888289688,False
1328,M1,64.93031354643966,0.8657419464638161,102.69872931361208,15.271045131214075,1799.5606461605064,False
1329,M1,63.758249107586494,0.8144259831729854,99.04932906119593,14.912507487012489,1808.3532015107762,False
1330,M1,67.18863872320433,0.8432447526131022,101.05140632903078,15.999978797040972,1807.6984319226435,False
1331,M1,67.35403691706449,0.9308088530116444,102.25554085425368,15.749329743651092,1801.9490766884876,False
1332,M1,68.85278641359993,0.8655599999008563,103.44352290163937,16.34066575887231,1822.5481133613632,False
1333,M1,68.15126577396653,0.9077578271468445,103.94699670095702,17.32494929706856,1816.2888485688109,False
1334,M1,68.70459577179349,0.9583754175711178,101.34277995924585,16.784328694494928,1816.7465152483085,False
1335,M1,66.2558629572007,0.8374489720172188,100.5532160222463,14.792557307187646,1823.5656699587514,False
1336,M1,68.7396040973446,0.8720064197894808,103.83023410490455,15.801679670782567,1809.0178935889148,False
1337,M1,68.70843382787493,0.8914228868786517,104.37233116898945,16.491901234085624,1801.1230270632288,False
1338,M1,65.23882651080014,0.7477882940323554,98.73361035819912,14.12083107511722,1798.545662569798,False
1339,M1,67.18853124310975,0.9081129621267223,103.1064998285371,16.5469269525354,1810.6241504436598,False
1340,M1,66.42593482698038,0.8607336900390016,100.85462353625867,16.526778079026492,1803.1834918866996,False
1341,M1,63.22425968700404,0.7864503605817271,100.56389627271882,13.661933804956613,1801.8598603932323,False
1342,M1,62.607901779224974,0.8560019560878267,98.1465924591465,14.653129314667037,1797.2705703291767,False
1343,M1,64.84168570162716,0.8009658541758148,101.05176458237521,14.865433222808509,1777.7417749438875,False
1344,M1,61.01883794108968,0.7356001530192909,100.1907754231063,13.947187543128008,1803.5031422947488,False
1345,M1,62.23430918762317,0.7057361857424488,94.58326244924535,13.550415982725642,1799.6023818492731,False
1346,M1,61.83627716512265,0.7992064226494753,100.72802108829791,13.638247203566683,1779.7347919646847,False
1347,M1,63.15126738301185,0.7752184765216751,98.71581673214425,14.49513833340429,1776.9259291847338,False
1348,M1,63.22493117066249,0.8464152075913209,96.50608184075999,14.52107000113141,1771.0364370226832,False
1349,M1,62.48032423478634,0.7837830123809884,100.04124793919372,13.72649134964659,1786.1439354113274,False
1350,M1,63.26159575642812,0.7773209772441971,96.79270255246277,14.884213394652813,1772.0851736516593,False
1351,M1,65.20891180454468,0.800128852511197,100.74251340947231,14.642984516839732,1781.2531824205141,False
1352,M1,64.48107988967706,0.8817421849810272,102.31103193803253,14.780130440057095,1789.390338551546,False
1353,M1,64.28941423779551,0.8528895409034558,99.13630441849124,15.811325118894015,1804.30427718274,False
1354,M1,67.0706954968707,0.9224851986325334,99.68101821137545,16.145398625139926,1795.6220083886535,False
1355,M1,65.26101037263768,0.8072384234588398,97.78707339367257,15.209988410091126,1823.1636816395396,False
1356,M1,67.94360698641678,0.8106652946957184,100.38606235186217,15.60053556241768,1820.2296229887677,False
1357,M1,67.64392830838537,0.8478125547839233,104.85124039972125,14.987843747766012,1818.1157503666966,False
1358,M1,67.68076825772637,0.8786049619329909,99.8510334595026,16.278853800948887,1813.3030790449634,False
1359,M1,69.18006558814129,0.9026584135694995,104.69308685020023,16.320223004297564,1819.736410662866,False
1360,M1,68.275750759221,0.905301775890421,103.57745591611753,15.771384941403646,1820.1860980137571,False
1361,M1,70.38167369498154,0.981475981795993,101.82235121031948,17.62919749774422,1820.8455975290997,False
1362,M1,67.47919279377167,0.9158202180547472,102.79086531043419,16.211306460666023,1799.6858587719792,False
1363,M1,68.13514691902826,0.9254194579068276,101.32935291641645,15.845128990747922,1810.7401488260675,False
1364,M1,67.87778413607514,0.8145217254339817,101.44216454723161,16.68326046479848,1797.988591418609,False
1365,M1,65.2670660177082,0.8828972837740111,101.70005313808714,15.341891451112224,1801.1970683881812,False
1366,M1,61.980531513759,0.7850852428779348,100.02365849764155,13.970376050531817,1798.222380831178,False
1367,M1,65.15353303514914,0.8377182573036387,98.13811535544579,14.354109299091316,1787.0392269016427,False
1368,M1,63.845416063152385,0.8178380067457693,99.19213911578417,14.925775625671283,1799.7791483579203,False
1369,M1,63.38444578988951,0.7366969731312633,98.57407086903808,14.123427139275284,1779.202813031298,False
1370,M1,64.38713193591246,0.7998892523120552,97.89086905499653,14.74768272336192,1787.2331218981135,False
1371,M1,61.84116422987646,0.7964774195928528,96.70727933894955,14.06570557423137,1780.2074138681035,False
1372,M1,62.81364750557417,0.799100381533887,98.0537689666054,13.637818200617353,1793.8821176703955,False
1373,M1,61.75078100919844,0.7861774938069357,97.68899186882629,12.564046809583092,1788.9446265202541,False
1374,M1,60.570489307184594,0.7777010862248047,98.25705272216398,13.531591768479146,1795.3981098394818,False
1375,M1,61.69034461818504,0.7080633056244666,96.7037066919561,13.855674788883835,1786.4981837864527,False
1376,M1,66.05807393113375,0.9185450189391348,96.0413352696085,14.658578146412875,1787.9089417326152,False
1377,M1,65.66579387140362,0.8255554803568821,101.84159659950555,15.593799128614938,1777.7445516275739,False
1378,M1,65.56265613490899,0.9329469492020905,100.79887085650887,16.20732342771344,1814.8126543827839,False
1379,M1,67.18134294905859,0.8671622743956918,99.06567806574314,14.568411380968174,1814.9255587216755,False
1380,M1,68.14325180877712,0.8745283102232904,103.18181835921467,16.449997339813823,1795.8757259376612,False
1381,M1,68.52914838075394,0.8930132393132608,101.19276232573188,16.152153916158852,1815.0569705085652,False
1382,M1,69.9059234291514,0.9342370042608287,101.04537230288331,17.49405358078714,1800.4066994002987,False
1383,M1,67.0409046688908,0.9062483378001484,104.34402164346213,16.05015937314037,1811.9708004265397,False
1384,M1,65.70266375753955,0.7697142302953301,103.35857449867264,14.961908132263972,1827.2177283886908,False
1385,M1,67.11091661167481,0.841746136848278,100.9788225340566,15.724334326932826,1823.5969808826521,False
1386,M1,65.6473735236,0.7479429082947265,102.9506040468393,15.429825449470083,1823.1327170105344,False
1387,M1,66.19398927530389,0.8192890606664968,101.71619672366118,14.725373767455018,1816.9154340877114,False
1388,M1,65.52611012186063,0.8060075525917691,97.7959629516993,14.961304624485487,1799.7049167891057,False
1389,M1,63.26230778017892,0.7702179991374254,96.99430467094098,14.835658971519312,1793.431103531884,False
1390,M1,64.49992124986292,0.7770303551621409,99.74815213734307,14.11247898640514,1802.069146851026,False
1391,M1,62.74201444864528,0.7931404102753239,97.84030980192229,13.744655995901539,1790.6549033548583,False
1392,M1,63.130315684041996,0.7947157599871496,96.88712186462796,15.036752267204943,1786.0493933040957,False
1393,M1,63.483043934373455,0.8024557907063996,97.94073431472589,14.337023826192212,1766.94961908713,False
1394,M1,60.8962849512843,0.7778650196638508,98.60867395287538,14.533196172273165,1766.3424512547556,False
1395,M1,61.5567901942195,0.7759737457578746,99.45569563284175,13.674209322950578,1776.766162655299,False
1396,M1,60.7744591006875,0.7104805739859917,97.17172787168059,13.10413876794102,1803.508367553778,False
1397,M1,59.856681972896595,0.7913527417414331,96.33733147953342,12.622263212112044,1778.877648885556,False
1398,M1,63.253875549822595,0.7683120539932085,99.98769255093308,14.019802306626943,1794.666324655106,False
1399,M1,61.21567958390913,0.8278270468330496,96.93217230833656,14.680406288606743,1804.9331139087278,False
1400,M1,63.898409862398694,0.818467596812384,96.88667644796037,14.348194461354868,1794.8062322521282,False
1401,M1,65.33031685087641,0.8869834070821647,98.85120908094845,14.451034984907267,1793.5381956165247,False
1402,M1,65.58147342866016,0.8140394279048226,99.42413496575553,15.886252283477248,1799.4376745059208,False
1403,M1,68.42995252735412,0.9197107497130685,102.19667175416977,16.612419680199174,1810.6289373382826,False
1404,M1,66.8577704188185,0.8537427210836713,100.51136852237478,15.728041430965726,1806.3647318187773,False
1405,M1,68.73523855420169,0.8835107964379236,103.21478702246073,16.0124374644783,1808.223481035157,False
1406,M1,68.95194028016401,0.9367577523204453,100.98308912876372,16.415509054487327,1805.5587234992756,False
1407,M1,68.6768722722115,0.8406785771009566,100.9089704115916,16.582535058199085,1814.1809285081777,False
1408,M1,67.96091938283433,0.85140082909834,104.96963148446206,15.996896165688543,1831.6637638034356,False
1409,M1,67.55940576772002,0.8924228679680138,101.4820396712563,16.96135813785704,1802.885777199595,False
1410,M1,64.83119693638912,0.8937219597426815,100.11148085968458,15.422278957935683,1805.4772715051981,False
1411,M1,66.89128103301559,0.7952709291002914,101.63980269955451,15.813687647648434,1815.765352446099,False
1412,M1,67.07680099041926,0.8880527646128936,102.75117813242393,15.31425432727666,1796.558999653069,False
1413,M1,66.40957781414741,0.8801434636806276,102.60886578655308,15.371707461898461,1790.5147250878524,False
1414,M1,63.145522508948154,0.7813040152200811,97.72444075937544,13.70455314093561,1796.9747854486961,False
1415,M1,62.78053260588501,0.7960797837673692,95.52758257750266,13.957622093379573,1792.8096558967345,False
1416,M1,62.324140111972504,0.7766678574543969,96.36594377929083,13.874516237542956,1781.5609740913412,False
1417,M1,63.26979291023145,0.8743087618666069,97.39260191644668,14.551437447360128,1781.5126355919256,False
1418,M1,62.70396066962665,0.8048821351070491,99.9746963304839,14.354210189369281,1776.4765925601266,False
1419,M1,61.99158468760311,0.7657871939566412,100.25707676124753,13.443505264551153,1796.0549676621026,False
1420,M1,64.26357890867799,0.8591871550333782,96.8426925040856,14.346556795017856,1777.935851898624,False
1421,M1,62.62441341114302,0.830121865385181,96.69497393041523,14.911768806526048,1787.4926884744343,False
1422,M1,62.40790752181767,0.7902343262197895,100.63332314658348,14.01899502555683,1779.7301604226268,False
1423,M1,62.43896101112763,0.7851635906529351,98.48627862282139,13.065355943307932,1787.5714119174793,False
1424,M1,64.895934350641,0.8860129466747593,99.6380044197274,15.81289464893668,1785.1559958670077,False
1425,M1,63.23553723986355,0.8069916686545686,102.26556006566878,13.844156029192455,1807.649516408377,False
1426,M1,66.15431289817661,0.8631441608717582,101.7486119285012,14.559927897042204,1802.3135248998763,False
1427,M1,67.7844433315876,0.9071368709011685,98.84778194871292,16.24197647950291,1811.9107037436104,False
1428,M1,65.23453640744758,0.8866982469875462,101.88624719327501,15.364178974558003,1827.3609581398937,False
1429,M1,68.25441246187567,0.9216722899625652,102.14587428316781,17.126159337617135,1815.3147918999434,False
1430,M1,69.22933236976833,1.0179859949846444,104.15882713741118,17.914814177240338,1804.8693954347088,False
1431,M1,67.95778066919806,0.9591577437419495,99.89048566662129,17.872373708622778,1808.1994351349374,False
1432,M1,68.81707287398778,0.9458368575473683,101.68400908019018,16.726675677453944,1809.8442217070728,False
1433,M1,68.60405233858295,0.910532473531479,100.52579973703216,16.954163983921088,1795.6071017170766,False
1434,M1,67.07783603313267,0.8325618353820458,101.38719553517373,15.138495005214477,1811.7566720813152,False
1435,M1,66.3601788277657,0.8745647055313976,99.30758098322362,16.410004155234446,1786.4905614869294,False
1436,M1,65.7285504729407,0.8712303902964388,101.96002622072811,15.913981591642946,1806.9498628574001,False
1437,M1,65.30059842083509,0.8192486689423574,98.11470294200099,14.786045771127178,1802.7824412647349,False
1438,M1,64.44343438159727,0.7153557314004916,101.38995523173655,14.698944697991873,1793.4854530364405,False
1439,M1,62.971168365293686,0.7881700379199614,100.95624267616144,13.897806312494836,1795.5878117619804,False
0,M2,60.64771059280581,0.7189659659851695,98.97881827018014,13.302530500679984,1786.304731683135,False
1,M2,61.704264287368474,0.7411015601394713,98.85989474415078,12.542761167309976,1785.978812140123,False
2,M2,61.2839836238286,0.8388543672121415,98.36264883400969,13.8710104587788,1798.95967954848,False
3,M2,62.16296216907853,0.7327058302487166,96.46538411854189,13.553959947693246,1775.8974189513451,False
4,M2,59.6139713717584,0.7646859540496129,99.89211308078309,13.121536526126373,1793.0795306466282,False
5,M2,62.862474955218275,0.8202505105068768,102.02149215325355,14.202977556592025,1777.3838498879004,False
6,M2,62.94041340653935,0.6770438460258997,96.66947264688514,13.235953962168729,1779.8341292216717,False
7,M2,62.803707949748635,0.6499364890340783,101.96665196927337,13.918856989672872,1806.2470117239268,False
8,M2,63.935885331474374,0.8948275227125888,100.3113787479168,14.720679493840194,1799.5643892347348,False
9,M2,65.80747203826071,0.7704233295217449,97.79088808310422,14.648672757000288,1810.7061823474585,False
10,M2,63.67077688948116,0.8488620543919443,100.2162799328168,14.762999769786365,1816.8857727637326,False
11,M2,67.22936280671291,0.877612580883668,101.49085444965644,16.53523656663797,1801.5462554391672,False
12,M2,67.86027807729066,0.9554292720424662,102.89376449407919,16.529586264466868,1804.4968076651546,False
13,M2,68.4882879093703,0.8410815319572308,102.72487270833938,15.894718149397436,1811.1341312426143,False
14,M2,66.75652709764381,0.7944580392828184,103.55627139168811,16.071702359001502,1812.7667332158292,False
15,M2,68.2803654426582,0.8144956993225795,102.69938867120187,16.3099466062842,1817.6185290213948,False
16,M2,68.11002008534807,0.8208651317215443,104.31357459479936,16.42203367311405,1825.2639347787474,False
17,M2,68.38371581162865,0.8454611611555045,101.57161828383136,16.245912674174075,1805.1270631010827,False
18,M2,69.19485899579813,0.9180098468557045,103.02653639405628,15.3828349388127,1803.582728488127,False
19,M2,66.91715603311171,0.7673291710399925,98.5897196123044,16.42995586373401,1814.4343300247342,False
20,M2,64.95863328617966,0.8186639160195972,100.9042659620609,15.805212160388523,1810.5982262113353,False
21,M2,64.52002472530593,0.8546636478416431,103.70674489322512,15.527973408045405,1796.3792141437207,False
22,M2,61.482967122107674,0.7161735365141848,96.88188406394531,12.865930908881067,1805.5776675910072,False
23,M2,62.60736302115985,0.743466133842509,103.78327297699703,13.307817193691319,1795.4475162259375,False
24,M2,63.954394563122285,0.7486253645671056,103.18092547358229,14.691490555189754,1801.1295456344174,False
25,M2,60.957060258124585,0.6229929106203935,97.91139413801703,14.009960315874775,1794.7895227306785,False
26,M2,62.84686964872937,0.7766119309324307,95.29700417403498,14.35589342176594,1785.5292956435774,False
27,M2,62.57694526507526,0.76218181979247,98.84088610674401,14.306669180659993,1790.3826831082638,False
28,M2,62.51897348546856,0.7716352081618826,95.51318653635747,14.438913377650907,1790.4565585396938,False
29,M2,62.345205811790365,0.711746494178026,99.76065044438744,12.687419327273679,1791.7850123176222,False
30,M2,61.84125736405841,0.7610777333887252,96.54142869355884,13.806369758383402,1796.701244107594,False
31,M2,64.63210303803935,0.7923203718368187,98.81954035755597,15.138038832256546,1794.5511726734644,False
32,M2,64.2255515082106,0.7882561860884897,96.1232931419092,14.732561092931704,1799.6990180235298,False
33,M2,65.51954311578424,0.7533555316132251,99.44415716122943,14.771802796450482,1800.7153796146376,False
34,M2,64.33874303972907,0.8662022036465155,100.21460457723816,14.480624813371671,1813.7339451905652,False
35,M2,66.09481253518022,0.8763588545815387,102.02332326523496,15.561069693642198,1818.4873900605323,False
36,M2,68.07751102078282,0.8345581054432479,103.61204550158548,15.979475959378068,1798.772942829443,False
37,M2,67.22586390075858,0.7715584037938992,104.43124947647698,16.10935022477291,1817.630367107892,False
38,M2,69.50236018012116,0.9503836311756841,102.85224453611698,17.572215904667228,1798.1794292120833,False
39,M2,67.14830462699423,0.8846614724076444,100.41868841040565,17.066696412551703,1811.5230859253306,False
40,M2,67.22288973498692,0.8175629824932115,103.6130835422575,16.599336965115775,1808.0612874109675,False
41,M2,66.77174183293623,0.7910681873478327,99.18559454195544,16.141641460361267,1804.7044960082578,False
42,M2,67.07068850934283,0.8846224303930369,103.7523377357872,17.05710943286977,1810.186698316742,False
43,M2,67.39937311181248,0.7488260707230555,99.49469517111511,16.295555046103093,1805.4834189560438,False
44,M2,65.80060623376035,0.7932850657574101,99.98995812930794,15.683932062797028,1802.6430211713873,False
45,M2,64.29244643849269,0.7349695048919467,97.89235008989391,14.134498847314365,1802.4979946100668,False
46,M2,63.92886516899615,0.8509631029237569,96.81454009902895,14.298580943760937,1790.0854233694797,False
47,M2,62.055299470895264,0.6708743263496993,97.21822914426409,13.410140234910179,1796.5924152053879,False
48,M2,62.3461105390081,0.7828928762214722,99.06043944647838,14.329414879306018,1783.2757896093703,False
49,M2,59.538926721277385,0.6619173778713268,95.17858957896787,12.61473644010317,1791.7328162400763,False
50,M2,63.992005113853814,0.6738628236248768,100.5327836863453,14.767280622801938,1778.0805431066663,False
51,M2,61.36879674619961,0.8352839011191409,97.17470033627608,14.638683076433532,1784.9180634391746,False
52,M2,62.22424478639085,0.6913030455291933,97.62652329341942,13.922749482473144,1788.0546590512238,False
53,M2,64.93649534177572,0.7800780819882316,98.10830800990594,15.43802179590468,1779.3519144889042,False
54,M2,64.37488040005253,0.8441468261165522,98.96027715292111,14.908218419220029,1795.831805942803,False
55,M2,62.657221119731645,0.7716699144838209,99.32103145417577,13.75749801744771,1796.7979372967145,False
56,M2,64.6020221188354,0.7534927368128471,100.17595156536748,15.082683234511926,1794.7482034805532,False
57,M2,67.29966175483652,0.8154908174250227,99.91521886701058,15.775374416763185,1800.8603485061608,False
58,M2,67.55707113408225,0.8230747403085349,104.75089054376964,15.254839136469583,1782.4069484216534,False
59,M2,66.61674755105307,0.7703263399629421,102.85859466200027,15.529720935838409,1798.043951336547,False
60,M2,65.84878015185133,0.7784377255604726,102.02765059505235,15.487226341757415,1812.9626074676169,False
61,M2,69.3941513020311,0.8625731816344095,101.71972444491017,16.662971809695662,1807.313283618328,False
62,M2,68.71811304882092,0.93852027675004,101.814863413974,17.020197286153557,1803.241238727731,False
63,M2,66.57660120798306,0.855929109265892,104.25876668951734,15.101210885338,1815.0891479899135,False
64,M2,66.83781356325804,0.9318352548132262,99.63084483832108,16.738175521813528,1816.7282311464055,False
65,M2,70.04715063013593,0.903916898992096,100.78783938811094,16.382406128996507,1807.0949771042635,False
66,M2,71.0413982429222,0.9547975560766917,101.34323924708859,17.462988083165364,1806.4346167262781,False
67,M2,67.72860414341096,0.8394508079635091,102.67373165051512,15.233889224555691,1813.6069881414523,False
68,M2,66.99584531443745,0.8473000391537258,102.3195846949375,16.261020319392053,1798.4170391002713,False
69,M2,66.52287953428245,0.8184592304078215,102.68696329722606,16.04156649085955,1802.2530066785423,False
70,M2,64.08879438920475,0.8224767392897633,98.65368322172664,14.985624093135547,1788.3323818436647,False
71,M2,62.06243377140191,0.769314598923353,99.85282725904017,14.366549255190913,1802.0698353335633,False
72,M2,63.36141169890035,0.781384656630719,99.3337416953627,14.862412236675507,1794.0944338987806,False
73,M2,64.50109497463474,0.7507399893893524,98.91055488195074,13.824037194772908,1785.3694467947123,False
74,M2,64.60703247440463,0.8270356430915187,99.58554269456363,15.204417923774464,1783.98627213685,False
75,M2,60.45806055994789,0.7083296794567814,99.74176442644162,12.808878842306342,1772.77852248943,False
76,M2,61.18246850818613,0.7650505603207391,98.63918553719131,13.126161409447661,1780.1803653485858,False
77,M2,64.32895402357589,0.8069275863162547,100.08183790758851,14.450798604458518,1774.9869915594759,False
78,M2,63.4454778929735,0.8578338170809169,96.7608574743794,13.41313585712979,1787.453900053765,False
79,M2,62.27064759168709,0.7539130569496002,99.02887480963219,13.84549227807791,1799.294003306509,False
80,M2,64.12574566686519,0.8091767281763953,98.09483619300042,14.224163425911271,1794.676147449049,False
81,M2,63.69559800548804,0.7592539336347804,99.68002639568928,15.041398236485021,1805.753982072591,False
82,M2,65.06646119754211,0.8239284079179838,101.79911064108335,14.671605610273188,1809.648285885676,False
83,M2,64.22672374356983,0.8114274810718538,95.5906831362252,14.689367883723802,1789.518786057492,False
84,M2,67.65407093759963,0.8153020967854834,99.91235782450335,16.074423102929252,1814.906797251818,False
85,M2,66.78571775680992,0.8230264595122443,103.6326260047697,16.13522826012041,1811.568545563323,False
86,M2,68.64440771202786,0.835489257482477,103.82445065207432,15.87610519081017,1805.9503555153058,False
87,M2,69.04507773369008,0.9601447353011103,99.86654658958575,17.285776136479413,1808.6280798607515,False
88,M2,66.92487131858701,0.7416380253488665,100.10898923259626,14.694787442389076,1824.072447770875,False
89,M2,66.98618370024104,0.8236480375166163,98.7159732943572,15.509388789168172,1819.4245161530353,False
90,M2,66.78835230241042,0.7728974645132591,103.19709789818943,14.544665084999933,1812.8827859905196,False
91,M2,66.45900135062654,0.9078105808910935,100.79736723088344,16.545870781716104,1801.2009251883248,False
92,M2,67.57687216816893,0.8210665733376672,100.31130059675839,15.070549633022909,1807.4810616304005,False
93,M2,64.26270054174233,0.7673967390753414,97.31854298869644,14.691609268898198,1794.463561925457,False
94,M2,63.240332526784705,0.7131899694950178,98.89177985762066,14.186075792388706,1809.548436046342,False
95,M2,65.92249095966687,0.8361479951466706,98.37553368885386,14.223836537178267,1785.6916090630361,False
96,M2,63.516912885740105,0.8265278906173756,93.7236827458788,14.729671798282723,1787.879079811546,False
97,M2,61.18023958515603,0.7341349803985869,95.40093192680463,14.09071796934367,1775.1172195063593,False
98,M2,61.18990150608763,0.7754097566313016,92.77022517539889,14.056475583253112,1784.7763476504972,False
99,M2,64.76494854261065,0.8301242137523426,98.03362884997978,15.276717818037497,1780.6703592288031,False
100,M2,61.1038712131399,0.7460209830180015,96.96173462088365,13.755776846056719,1776.0679679550335,False
101,M2,62.83812366069222,0.7637889164049035,100.9116735828283,13.638127599747671,1783.1981396172944,False
102,M2,62.08372331021909,0.6785060886243935,93.93421493005063,13.379302271109932,1797.1645912291847,False
103,M2,61.107390104081446,0.7642902873082584,101.2427961818659,14.111693078461041,1803.8313004875918,False
104,M2,63.166635558873146,0.7686012164693065,100.00566072106275,14.288169807532817,1803.6328170427478,False
105,M2,68.26998230374802,0.8115234857563671,101.5284493438521,15.950907151251918,1799.7539249091071,False
106,M2,66.46372234635449,0.8353231213379563,100.17474581153637,14.929717549317317,1804.3744039007572,False
107,M2,68.37617064601851,0.9316642634873773,100.52641758598133,16.721037616242068,1807.6833340060268,False
108,M2,67.97321483107385,0.870125144820318,103.88255360007086,15.282344027424,1812.9649955480738,False
109,M2,65.89607388732699,0.8461418334502694,98.32955857961939,15.627740527791948,1812.6479404861093,False
110,M2,68.70345989733447,0.8540265323184189,104.11348092488997,16.98500156437058,1799.6963528492677,False
111,M2,68.94503803695055,0.9063172405859445,104.1907768527159,16.880826192223655,1804.242561556722,False
112,M2,66.09438755529317,0.8116730629878876,102.65183544074458,15.193078620997795,1817.2904546072234,False
113,M2,69.81341879476093,0.86131297897413,101.66874292981713,17.46545782123764,1813.7382777404753,False
114,M2,67.32808337901368,0.839714276709044,102.50183992457873,15.729412196569891,1809.8738204894735,False
115,M2,67.05034241110796,0.8625793710868955,101.65436473840737,15.8522284537279,1806.9936091552238,False
116,M2,67.02435516997159,0.8413852577878443,98.27191294582774,15.579896266607788,1801.3294538874477,False
117,M2,64.42672229694219,0.7443584233203122,100.32118486706138,15.123902224028756,1799.9196760038944,False
118,M2,63.587017403866014,0.8330047815571936,99.65943424475554,15.055914140950312,1786.3953865723151,False
119,M2,64.16569601524121,0.7855366884463532,100.11695749948603,14.82021106605382,1786.751697292305,False
120,M2,63.124752004643035,0.7874725625270392,100.44757315491721,14.32517515340451,1791.9640833930346,False
121,M2,63.54749111620983,0.7576619214679908,100.72543989884318,16.087652575073083,1787.87155253775,False
122,M2,61.10111063186569,0.7469060059893059,98.78076723102322,13.237883819098604,1782.93827639919,False
123,M2,62.721190642153225,0.7621500697428303,98.09442952162927,14.58046434627288,1762.9023652578,False
124,M2,63.00214809407678,0.723121555497867,97.90402240041351,13.302615224869298,1774.8306232994596,False
125,M2,62.18208010295663,0.81202036177219,97.49486919310233,13.848753005361704,1769.050587486674,False
126,M2,64.93503192906512,0.7830442152946817,96.46763266350678,14.081988917048108,1774.7126181429555,False
127,M2,63.21624302244558,0.7907138048185086,100.24318879509575,14.801972368496132,1793.9979109809453,False
128,M2,64.0761368334891,0.8439823211138783,100.53830442693442,15.259543983783583,1788.410232459276,False
129,M2,63.78987300277159,0.8171314895343937,100.74891168409589,14.745626149697317,1810.7203983035772,False
130,M2,64.29154910904056,0.7624846586839983,101.32202968892793,14.74662589121039,1797.437534265256,False
131,M2,69.50998685130051,0.8754049655801129,102.04696731989742,17.122117296744175,1800.6626848786163,False
132,M2,67.69129677870396,0.8414194250492751,100.20075477289225,15.829218900978727,1810.4663914190467,False
133,M2,67.31186899998897,0.8769981457521967,101.30134024508362,16.80718704351052,1812.4403709062533,False
134,M2,66.9054688411556,0.8188667987443625,101.80821377883248,15.951581505146752,1803.815927692393,False
135,M2,67.87555094425645,0.7929546178843332,105.16452656947769,16.641104124689907,1809.9341692670894,False
136,M2,69.52900878869785,0.9042379351732927,103.42792095579931,16.788729771865817,1819.2568263485878,False
137,M2,66.32148974096992,0.8917645958700761,102.427857649297,15.578954247877348,1798.7900527135455,False
138,M2,65.6520956607782,0.7503815666240907,101.50881044020247,15.40325888081494,1830.4753047112267,False
139,M2,66.65758860818028,0.785603080704614,101.08829200798631,15.683946301107586,1809.1350967438823,False
140,M2,64.88371482648296,0.7712939259038952,100.25407864503168,14.943836644016045,1808.6791440169252,False
141,M2,65.76434309621747,0.8068625614657551,98.67642098561487,15.851516755371255,1806.44994096758,False
142,M2,64.5016994999229,0.7582662520929908,103.45975094873553,14.36597638338957,1799.4519490990458,False
143,M2,64.03596604432833,0.7399019531126045,97.14119410726911,14.834875284167369,1796.7490407620428,False
144,M2,62.499530783877745,0.743893662380301,98.74098192283253,13.802382938544918,1773.0454668058426,False
145,M2,64.68059973559137,0.8047001563235336,97.51602794690818,14.629896190461553,1780.2877450774004,False
146,M2,60.52287314511683,0.6574501708129181,96.15125423740056,13.645034695000605,1778.7693373040076,False
147,M2,62.12930224052207,0.6415336653147309,101.44537985208423,13.378096067735921,1793.88316908612,False
148,M2,61.927913138198015,0.7518052539073599,98.5816282964505,13.71880575863617,1785.0835925341112,False
149,M2,63.251759406164524,0.7235531622315234,94.99338138102989,14.47514023186493,1780.806451251461,False
150,M2,62.75903126687743,0.8284915894387197,100.67325391805545,14.325278434481383,1794.4106907371445,False
151,M2,62.75679339390666,0.7936391763907317,103.68512963229084,15.490577537809875,1773.8518625233987,False
152,M2,61.10563439609732,0.6763683264461613,99.99674964653843,13.014230370932456,1812.6624859737599,False
153,M2,65.19370429198597,0.8593868986917318,97.09993459681411,15.415085856788876,1792.1717559908702,False
154,M2,67.50773831082357,0.8819203009287376,102.73353392471545,16.683846872239187,1791.3479437033802,False
155,M2,66.04624391295,0.7548478857985366,100.02009592720313,14.72387979102383,1792.553326606001,False
156,M2,67.55716661468398,0.8139238520935551,102.85956628918932,15.82937374271403,1819.1189792313178,False
157,M2,65.77200809124703,0.78883125621616,103.29861046216578,16.27026124021104,1824.34731546912,False
158,M2,68.45986825989885,0.8168017836594333,101.77802630503669,15.413635684261351,1814.6929116357435,False
159,M2,68.49663129713731,0.8353192926273193,99.80744626766781,16.30030053451787,1809.5461078011215,False
160,M2,67.22657269034812,0.87351292310568,102.13182909837832,16.1749929823663,1813.585470270464,False
161,M2,65.3050728891064,0.8251837685141524,99.73846821779568,15.284242808738778,1831.7492962835227,False
162,M2,66.89020089410702,0.8067358502911994,103.08584002429768,16.038182870682398,1807.884668909597,False
163,M2,66.47269394793601,0.8483843342096685,101.14684254538646,15.406486173945432,1804.1258818475408,False
164,M2,64.5611561945284,0.7259975760032998,99.38472955696291,14.169519317784047,1788.669887263351,False
165,M2,65.41910548334327,0.7662453681835532,96.85521241514958,15.695603904352199,1782.9743886311805,False
166,M2,65.946026152539,0.8194139422749573,96.92977603237189,16.522312539565707,1788.172161306682,False
167,M2,64.39430332849643,0.7554497984108679,99.19413079928074,13.8790363629458,1788.6876989278671,False
168,M2,63.25316151084719,0.8355095424923104,99.9428157998258,14.148809297934694,1794.4276256715398,False
169,M2,62.0325320808976,0.7364350013655788,99.04540267538641,13.035410664390875,1783.2444110927822,False
170,M2,62.59923364470121,0.7238274250170467,101.62369610224646,14.060970206076032,1788.9815328109594,False
171,M2,62.33954416253259,0.7865938105836123,99.4111017388923,14.814376175451216,1787.952914620844,False
172,M2,64.652510825215,0.7376553003809798,96.46135410486973,15.280390198986773,1792.047085024286,False
173,M2,62.70397599327287,0.7763803195702708,101.68776542522656,13.741058257446515,1784.9099164870647,False
174,M2,61.37695844298907,0.6472196099254484,100.56323762703717,13.48139706734577,1797.0101329906868,False
175,M2,66.14662556749691,0.7677030539478586,98.19619095171146,14.522972700082613,1799.5194439328702,False
176,M2,65.16903096008278,0.7977605631486017,98.99000243820159,15.831548452655174,1781.0797644928882,False
177,M2,63.24171190512607,0.7351988592795691,103.2737295103604,14.5297652091964,1806.0594137168903,False
178,M2,64.45402545080337,0.7135678473867049,101.93027233794623,14.879262238641724,1798.8382576247116,False
179,M2,67.15414127547858,0.8538170983401121,102.75451311566734,14.36179065330866,1805.3424633238203,False
180,M2,66.86335203886605,0.7144408868716119,99.26989630658815,15.279277335252056,1801.174391801168,False
181,M2,67.18152146533136,0.7991143149804634,100.88759349322484,16.032338449460106,1812.696100150297,False
182,M2,69.47173620292298,0.8575505630104956,100.4691310059972,16.76851333903901,1812.5963453953743,False
183,M2,67.33095241682915,0.8154538223995674,100.29223892131097,14.926807095566389,1832.4405236296425,False
184,M2,66.90175229441395,0.7609544141116857,100.84080050050459,15.355048174423134,1813.0045357457923,False
185,M2,67.23868642844697,0.8475108598204668,102.71638190640908,15.20781213254437,1814.8068710140678,False
186,M2,66.69779156498656,0.9085170012924368,102.70820344021209,15.433643079326211,1805.179417134882,False
187,M2,65.7834154142924,0.8339944559616591,99.81370620278513,15.313299090269508,1808.5459283975108,False
188,M2,64.05307302217783,0.7858618510105468,103.46499194640795,13.99561904732683,1826.0214078871095,False
189,M2,64.7057838660194,0.8095824190905921,100.1133755347715,15.552883121314396,1798.435863263217,False
190,M2,63.90885638483757,0.7868745178069942,99.0115176193049,13.932950372453915,1796.723785524426,False
191,M2,65.56856212611135,0.7975209873616451,100.24438346483232,14.464171513146125,1784.402641851827,False
192,M2,62.57626184291248,0.7646463816621871,94.78083241870794,13.950811488664266,1795.4613390312318,False
193,M2,62.76437323267631,0.8006754057827669,98.83836315411112,14.135903641376704,1790.8943741260111,False
194,M2,60.893575923794515,0.7069343834976807,98.44337392392725,13.286665992492516,1797.600314984923,False
195,M2,64.49830788757639,0.7579071400274813,97.65747781509238,15.226979094186865,1773.1927515196664,False
196,M2,62.250774249078724,0.7825966198961484,99.20523573875172,13.093703767965922,1783.1485937306115,False
197,M2,61.61587255057839,0.7692179176060249,99.23209962395684,12.85742174838161,1801.3712186056855,False
198,M2,64.68484846996388,0.7919032258604667,100.67578100156626,14.565513470190426,1785.871102446662,False
199,M2,63.561409697361995,0.8602570426996793,100.93310407628788,14.360305394364115,1790.3221105969387,False
200,M2,64.43201537120926,0.6996684875010487,102.34281136676442,14.98589745661472,1802.468801863212,False
201,M2,66.0221719455115,0.815738077422907,101.16617560978037,15.240053930452962,1800.5479207211768,False
202,M2,65.47854182879374,0.8479505938596561,99.34011554604943,14.530360288940027,1796.5803740460244,False
203,M2,69.2484508547588,0.8639831964125079,101.61964887935315,16.520806171823807,1809.3651932484695,False
204,M2,67.96750591066044,0.8899034934025318,102.24398118422599,15.802208425925096,1811.401438200728,False
205,M2,67.8605918371335,0.8158307949886558,101.02502830852676,15.747781981543858,1797.3751533071745,False
206,M2,69.49472433767426,0.9777179630212809,104.81083047527996,17.08793405997159,1805.1319069663007,False
207,M2,68.0967953899005,0.9098280108833187,104.92378929403209,17.117763405768766,1811.3227387691145,False
208,M2,67.65764861459104,0.9020153372618069,100.39578430368863,16.725674441538242,1798.8404948124319,False
209,M2,66.24742474370196,0.8061424302464661,101.00039601820673,16.23290917266889,1807.953645097572,False
210,M2,67.65221912600491,0.8527795275701332,101.82369583860854,16.86740488486012,1807.7477822948115,False
211,M2,65.15485049429317,0.8127214371371437,100.96139012609369,16.327183186963172,1808.5053462555059,False
212,M2,66.6375416659487,0.7999854233784498,98.21914835728661,15.821571626260571,1803.163424640449,False
213,M2,64.58050439181083,0.7850637711166897,101.73674880974883,14.542119776561666,1790.2621484731299,False
214,M2,64.08882518378027,0.8337369371934783,101.60680275882463,14.37476409460671,1817.4971935237,False
215,M2,63.70015151395938,0.7134163428759457,100.90186615030863,15.15917437782479,1797.9021036050897,False
216,M2,60.66704047712648,0.8123197780849433,95.24243898382358,14.029085961599371,1793.5738305561135,False
217,M2,63.54775965634973,0.7652383491849978,98.93965915771193,14.705700148062194,1786.1150353921132,False
218,M2,62.05286903710638,0.6460187709412846,94.49504734953796,14.061045497183521,1783.051380222384,False
219,M2,63.88466399318612,0.8147818874445492,98.3378544572753,13.760498454824447,1771.1501100394557,False
220,M2,62.30384052419611,0.7953807032044707,100.98653820582592,13.691993308991389,1782.5760150091796,False
221,M2,64.3455345363235,0.7886656838674752,98.73068431686443,14.801993556186401,1784.55922560413,False
222,M2,62.962640273981414,0.7799976608251795,96.92979633086229,14.5806605740299,1788.8639485905826,False
223,M2,64.66643116176799,0.7886991268424951,97.26363039486914,14.152029107977103,1793.600858994904,False
224,M2,63.88523044828194,0.7781999868979224,100.60227030096208,14.650590581876674,1805.822191088377,False
225,M2,65.52072510271839,0.8238787659191722,102.88402554331157,15.91702731361509,1782.1622464505606,False
226,M2,65.81487184529048,0.8348889358927148,101.35891730209843,15.553873008518515,1790.7509556542723,False
227,M2,65.41936130500464,0.8001823049795996,101.80993600139023,15.362892641571726,1798.3512650983162,False
228,M2,65.61538140777695,0.8937366398427102,102.71716805150618,16.46222003037441,1811.0033060693183,False
229,M2,64.83424221366077,0.7976403165450234,101.50700770862167,14.99514777106905,1815.8178900900905,False
230,M2,67.50308913760976,0.7893258674967831,101.33447819512236,15.830423273588064,1815.7046056836966,False
231,M2,68.11554285200916,0.862793372863496,103.55935985242584,15.803450394259885,1809.8060590096998,False
232,M2,67.50701703279209,0.8117520721334653,104.59917305383004,16.61226863773346,1817.6354552272035,False
233,M2,65.32654453315676,0.7986712600541195,100.32893612338877,14.963549137131544,1816.1159597976427,False
234,M2,68.37719153501635,0.9242428557919294,104.08496281771976,17.281161384757894,1807.9628870303413,False
235,M2,66.67706676282717,0.8774937301079369,98.80995522701235,16.283434324503865,1797.257635835845,False
236,M2,67.72664567009629,0.8178968064571652,98.16711997474424,16.55146962828291,1797.3664805092465,False
237,M2,65.62949876104808,0.8799997327187258,100.44549492930147,15.768746231826904,1789.631498680672,False
238,M2,63.956656224894104,0.8414650952307982,101.63319797989695,14.456391939337493,1798.7619742517973,False
239,M2,62.30345793352434,0.7825022269066597,98.56054361119644,14.607918894047652,1794.381911512608,False
240,M2,63.08708207948634,0.8294680519336985,99.02493053800642,13.631297106508534,1788.4409906351464,False
241,M2,63.70475086175833,0.7316648108669909,99.59615821033412,12.951621116897199,1784.4862996804734,False
242,M2,62.2583049943844,0.7954692446545167,98.3398005534845,12.860320921591278,1786.0952845023367,False
243,M2,62.39710955343543,0.7807676746422648,99.08393229441349,13.241860450805481,1787.6725873935934,False
244,M2,62.961977591947694,0.7794982532039318,100.10296756687018,14.818115464788775,1770.7521876562766,False
245,M2,61.71400034376246,0.7704922026336378,99.6223538289803,14.929335085852449,1766.208814265829,False
246,M2,64.09733188485383,0.7774771399839274,95.93284842692961,14.191337175839587,1786.219257026561,False
247,M2,63.654379949978974,0.7419700756182744,98.00059783405247,13.094798814414007,1800.9720347497696,False
248,M2,62.947962345763244,0.787683381574931,99.21153002893561,14.534818106472015,1799.9119556821004,False
249,M2,63.72057095391454,0.7854845822783212,102.9130198516445,13.750471751512752,1795.9887057244478,False
250,M2,64.78282552609436,0.8432453921865886,100.91993443461331,14.896880031695101,1815.9931629352536,False
251,M2,67.45548615489162,0.8386797003282374,102.77704752047516,15.968876900815557,1794.7688711339467,False
252,M2,65.95583107472225,0.8646702421420849,102.90506463819496,15.979451578252418,1798.137486522199,False
253,M2,66.86725237951327,0.8174772726865669,101.01412411299646,15.998730776065942,1807.9564014020423,False
254,M2,68.40032883368464,0.8950625542516321,103.54704763440101,16.05930413871802,1818.0002248889377,False
255,M2,69.18975172266214,0.8591324273949954,104.00868550092423,17.316219124952248,1818.9681156797953,False
256,M2,68.55613847521798,0.8238697410227318,103.44754639730243,15.146780547362981,1813.4336010849836,False
257,M2,66.09436342641179,0.8272393208607983,97.82308786837426,14.882697880409093,1808.3680791780216,False
258,M2,66.5243684471223,0.7854109606319601,103.3412018559925,15.066245278552943,1806.542011977468,False
259,M2,66.77272664510791,0.860939525669493,101.18431149633132,15.161964167175869,1811.9454743733859,False
260,M2,63.653324323976605,0.7724001427319108,98.65353454076349,15.030253431272618,1811.7891445392197,False
261,M2,63.959041958745466,0.748435194260095,99.96605294149064,14.733931842703143,1804.8747631785627,False
262,M2,66.74971684462568,0.7999046780346212,100.70075457921031,14.8000079054783,1801.125460404423,False
263,M2,63.529612888585156,0.7213273346286528,99.65947777678004,14.939846137546715,1803.7305843556212,False
264,M2,62.62559181568354,0.8034458957527709,99.46449978844693,14.748829742039234,1788.6520056201111,False
265,M2,63.61449388562592,0.7416294916600259,95.1665083008848,14.03303432831133,1787.8352867167832,False
266,M2,62.266671049192134,0.7060622205430968,97.04146092708763,14.039067774613391,1777.0750629142042,False
267,M2,60.66075746473106,0.8342463900775035,100.93579028595184,13.813653590343886,1780.5638997466601,False
268,M2,61.42753719311535,0.7783314290351608,99.35019077053043,13.682631297652854,1770.893459289348,False
269,M2,65.74972304933331,0.8000734110438796,99.02127950562648,14.43530159502465,1785.9398900834283,False
270,M2,66.74817796502067,0.7954107437591561,96.93415435870183,14.72553570443521,1767.8549753674051,False
271,M2,60.13222706147774,0.6597023103886103,98.5178233460515,12.637417822507183,1788.9939346133751,False
272,M2,62.85762920735044,0.8012323401801738,101.14683885392627,14.347830881619537,1804.0044908927237,False
273,M2,68.29333975739854,0.8996441286752942,101.46656751553573,16.6088412674512,1793.30330396103,False
274,M2,63.60571464353297,0.7981017146390224,99.31433834963639,14.480229832638612,1804.2570354891602,False
275,M2,65.97850754898096,0.7384225609462076,101.20649644461945,15.394109797045312,1811.862878227201,False
276,M2,67.79510205346118,0.8593481094814304,102.5011972422289,16.03927870337844,1816.27303298545,False
277,M2,67.22716575022734,0.8448937482234438,99.84682603166621,14.672168128057349,1810.5062945511804,False
278,M2,68.46952783622292,0.9165160588000351,100.42559968656083,16.56788449782994,1799.8958121595447,False
279,M2,66.43081987764202,0.7182939355342243,103.92002991821207,15.542626751315746,1845.8210589194903,False
280,M2,66.19182443938504,0.7795487012125805,100.66780245531932,15.506775350950033,1827.597942740678,False
281,M2,68.16675782018619,0.8826084222122734,102.69921934236999,16.729422301973482,1813.0139470582171,False
282,M2,66.22299602850138,0.7686371203841947,98.13240372502726,15.717440489217744,1803.4715187771335,False
283,M2,66.78798768599782,0.8154011802632841,103.50003329822275,16.42828058153535,1811.8097436253224,False
284,M2,66.92828607184208,0.8509945057228713,99.19507858464661,14.894049814021947,1799.2994928352584,False
285,M2,65.56118331818789,0.7875038815645911,99.30006244063567,15.780573580604708,1790.919011839544,False
286,M2,63.5712347665457,0.7230858684328983,98.81958827390159,13.487537423936704,1801.7599447857433,False
287,M2,66.20349023638488,0.7980757604414298,98.25424129177048,14.951751493628164,1784.336273768838,False
288,M2,64.50823960501558,0.8409777941554513,100.6883850695787,15.186187315339772,1781.8399463054322,False
289,M2,61.064219438205406,0.7302662398188889,100.01463081844462,13.72719075613109,1788.2051154760036,False
290,M2,61.49914080915759,0.7233749346750442,97.56160916427218,14.598547260966786,1789.5415061102997,False
291,M2,62.28888072946123,0.7538621426021983,98.53257214375652,13.125321546507163,1782.6653407022632,False
292,M2,63.35773142048608,0.8103465968951477,98.070234738997,14.575466848663083,1772.9626395808868,False
293,M2,63.98099283801538,0.8210596793276118,101.53762256110238,14.605596679862886,1784.6428542984904,False
294,M2,63.09103498189785,0.7817788462410764,98.34245788697197,13.722835448327537,1801.8576773345012,False
295,M2,62.04501741855793,0.7655350128835501,101.45126125816988,13.67512797869264,1797.642690574241,False
296,M2,64.97084777083693,0.8320339547432827,100.30911489379685,15.10096442527902,1796.6432266646182,False
297,M2,63.52772022992618,0.8759080760730794,101.56574178680145,13.581154456358828,1785.1135039634232,False
298,M2,64.39084999096173,0.8170482647272793,101.81634722208643,14.456482063947908,1813.1578078401117,False
299,M2,67.4084724551137,0.8628324870046913,103.0276568229948,15.87296063607203,1809.1338723278488,False
300,M2,68.7697902922393,0.863900304288848,101.53146092525542,15.696922981732401,1792.0854912474829,False
301,M2,69.08913972876024,0.8764577581476515,101.50875286665729,16.16750503812357,1812.1410709114377,False
302,M2,68.46022073578244,0.9092825846973038,98.9057049842215,17.140900080665546,1827.6076107951192,False
303,M2,67.9420742002878,0.8307577046852461,102.51432252963386,15.89993602596589,1822.6802243619527,False
304,M2,69.80200235543076,0.9307049633148002,103.31757535706497,17.73391778107672,1800.5294924456337,False
305,M2,66.86116670334687,0.8834710285782708,99.56881072257913,16.50716380960747,1819.5492446991823,False
306,M2,67.05883670990083,0.8677631135909193,98.06758371376672,16.60068087531312,1802.841956100907,False
307,M2,65.70804702442419,0.831637365304627,100.61265188955132,14.99447956451289,1802.7518502045568,False
308,M2,66.178711786316,0.7661155696117373,98.99579308415635,14.525861488466216,1804.8114456836158,False
309,M2,64.5433149756314,0.7526152468342111,100.64807595492098,13.932277675135754,1792.0591817149034,False
310,M2,63.82413677753226,0.8055913681315452,105.0110264680566,14.545273141392101,1789.7290247118478,False
311,M2,65.19872826451098,0.7448850975853694,99.22428308794987,14.852321496806447,1806.7410818939763,False
312,M2,63.77044002536974,0.7690899187773815,100.3471943776093,15.07839675628524,1770.113297741201,False
313,M2,64.2116466470148,0.7461764365283184,99.87176877391764,14.24593218599391,1796.0695459770786,False
314,M2,59.55432868474172,0.7155197889113649,95.98235241862064,12.71736889473247,1801.0350453828096,False
315,M2,63.87359157275087,0.7015978879053076,96.20870501288677,13.83579890619756,1780.11540742276,False
316,M2,61.929260856071245,0.8465333053296374,97.35962915357824,13.955711542497713,1790.95813292553,False
317,M2,62.82446330309443,0.7137844425464864,100.74890044362319,14.061783344741704,1787.843348234859,False
318,M2,62.450945437455374,0.758392113574402,98.70828731151178,13.788055477006102,1789.612895900059,False
319,M2,63.42650042886487,0.8114997320926441,103.24110822034139,14.549067533565719,1794.9644145527743,False
320,M2,64.66212309780133,0.8655012900637542,100.95764872462337,14.914324363430993,1807.0231682900271,False
321,M2,64.51566965768797,0.8025281753200215,100.25845062050354,14.801605554275177,1812.9151226885504,False
322,M2,64.82256173035024,0.8470416815109811,98.87839817173423,15.048677385714479,1803.9941372957737,False
323,M2,65.99771308004752,0.7826201768104776,102.7725050425202,16.28779222974847,1803.1030403532702,False
324,M2,69.26720993230637,0.847020874294294,97.66652565309039,15.82735394790349,1800.2501799013737,False
325,M2,68.6870633624077,0.833808848166931,101.82376102260079,16.40751724043974,1805.3026002393428,False
326,M2,67.79180642197409,0.8463477795394133,102.17040455071952,16.43191426060953,1825.3128466905334,False
327,M2,66.31594290318141,0.7947500968908178,105.27860697177846,14.479046123624498,1824.0336682053069,False
328,M2,65.27405199910008,0.8885911613326857,104.50219026010697,16.333097416235965,1828.57159886673,False
329,M2,66.83706088965823,0.873645945090943,101.74337131851013,15.757610480891433,1819.716682729718,False
330,M2,66.03350387412574,0.8750227525365578,100.60133973687279,15.776197157208825,1819.649829397902,False
331,M2,70.31812956208209,0.9767598269577029,103.85820063693285,17.710071912154792,1785.5218207235046,False
332,M2,67.14492980044503,0.8317751001005087,100.7190802043887,15.93303117641841,1812.9502797942341,False
333,M2,66.95569071510052,0.8261817309655838,99.69106899896438,15.321464071876026,1786.1250565519229,False
334,M2,64.17735712762261,0.7970773559270673,104.20453379825985,14.165871794108723,1803.19811394447,False
335,M2,64.40854326735419,0.8428075025423061,97.57036061897911,15.091979961589901,1799.3825887474122,False
336,M2,63.13951406591622,0.774906420982102,100.24828394661971,14.209679132944913,1778.7843065306356,False
337,M2,63.34474849533649,0.8087200449903638,98.54834588066247,14.372850507803227,1788.528848719814,False
338,M2,64.09294460059226,0.8009571925942998,101.50397019618995,14.70691562566816,1780.5917260901906,False
339,M2,62.34123949161087,0.721118516468638,95.10782640384798,13.343364064295473,1785.646929421434,False
340,M2,62.130635366431996,0.7797682974457827,95.57724985318384,14.372269879632967,1792.58985481327,False
341,M2,58.94220183371777,0.6999818802699873,96.32453759587318,12.150153114551895,1791.7192589634365,False
342,M2,64.57004101492412,0.7958834413313592,97.37827812535652,13.546413570831543,1776.680833163412,False
343,M2,61.7533471127516,0.7077983886015309,98.6871911036774,13.742250762941744,1807.147342307434,False
344,M2,64.1309882399681,0.8492211196303556,97.53582484110568,15.276873024798704,1800.7984436575948,False
345,M2,65.48599088911854,0.9158796945006435,100.84668541809701,16.355824441260708,1797.897310729259,False
346,M2,64.4651023749052,0.7891968267639029,99.05908430147605,15.144777929246516,1790.6723456873942,False
347,M2,65.70473548628237,0.7794138041056704,100.81268912248075,15.359550549145142,1803.3024592312167,False
348,M2,67.01066324882864,0.7934623006324479,104.80820306717322,16.02995244891042,1815.965674111511,False
349,M2,67.90563151726289,0.8863846695284286,100.37652035068463,16.494492988845888,1796.7715615758766,False
350,M2,66.28533417810245,0.8576767050926855,101.45130972056626,14.741503834922856,1833.1205612609747,False
351,M2,68.51355735142762,0.834873747684855,100.99290976325427,15.365048564057597,1820.105973051901,False
352,M2,69.6835852348159,0.8768607032008946,103.49485881046566,16.90048889326807,1804.3518725141223,False
353,M2,68.09267922628977,0.7821115214349164,102.04843407294973,15.077767485354787,1808.1969492272103,False
354,M2,67.17408333734471,0.8421067452955942,101.3785505624788,15.749453477192434,1808.4019067455233,False
355,M2,65.74816430250162,0.8124504345911773,98.60019786809454,15.092953079449494,1819.254976050565,False
356,M2,65.9486531936784,0.81589129911429,101.27465126670366,16.074614537428953,1783.910484486432,False
357,M2,63.768940716458275,0.7719451663434772,100.0807917544215,13.520129912729015,1800.7494147686887,False
358,M2,62.92815385506655,0.714758163021086,99.39148495313616,13.821195679365355,1798.71568806784,False
359,M2,65.12026041250631,0.7169405767029312,100.0114073393365,14.142169189256402,1797.8099541830622,False
360,M2,63.00970119154783,0.8010604293789829,103.03921946491363,14.154798332582619,1781.6476586033768,False
361,M2,62.68745737531494,0.7571352309334259,95.6353727326732,14.321063550143407,1793.2691901624303,False
362,M2,62.098455973517034,0.763756624739056,96.20654754340524,14.561512014509193,1784.6845744276125,False
363,M2,61.860102827750055,0.7727457306828177,93.77094084846264,13.687939766208217,1779.088325778961,False
364,M2,62.1696361210633,0.7573486748774928,97.16267514102218,13.95543068918121,1799.4631468101354,False
365,M2,63.902017089242534,0.6928535481686011,97.86701440671128,14.86035751236917,1782.927528421051,False
366,M2,63.1109149430952,0.8448223629993182,95.01624606680878,13.87740735067851,1783.5194975267816,False
367,M2,62.996688560639704,0.7856031379813513,100.28775567084928,15.106766349383262,1790.1941513438408,False
368,M2,64.85181502457237,0.7411071075589077,97.96295230587519,13.25746682969459,1805.9333567247388,False
369,M2,66.44861806827493,0.7998875328364254,103.6123307051931,16.43698159336878,1797.3708116406713,False
370,M2,63.65833229075325,0.7462908188386514,99.24298251466145,14.345228475940578,1813.6163531454565,False
371,M2,65.79403390954042,0.789691413527697,101.41554371363442,15.711765786192196,1815.2891476038224,False
372,M2,67.63587198506488,0.8944530202393637,101.2544228435273,17.565971191640504,1803.3047854270105,False
373,M2,65.64166647622473,0.762126258495689,98.95559028099913,15.592478304422883,1800.8766736345656,False
374,M2,66.17520318231978,0.7938756863594175,104.28044934209208,15.143570625926845,1817.4628902486313,False
375,M2,68.88003119523489,0.8535888083317628,103.39903381703253,16.081090844904896,1802.1204405551575,False
376,M2,70.0780617383617,0.8854859213132293,99.9324624359186,17.699597601411718,1811.9015006873892,False
377,M2,68.71064150142665,0.8202746462085173,101.14311954778043,17.070890107969962,1808.5540517464622,False
378,M2,65.90980134721032,0.764214226062154,104.10710565735545,14.883900774863108,1804.1051826198213,False
379,M2,67.54354133284929,0.7559360323259888,98.20171838960394,16.965889436994814,1807.9070049123768,False
380,M2,65.14804346505899,0.7583519634066848,98.0127788656458,15.151864777368418,1812.7533776900777,False
381,M2,64.37560727501635,0.7588544850390464,97.84905423535871,15.058414575429062,1813.2545612719537,False
382,M2,63.57987364957263,0.760420412302367,97.46165958501139,14.355415412393397,1814.67485232731,False
383,M2,61.59275461193595,0.6894011135116954,96.86588121793667,13.153846746812459,1788.7921874356493,False
384,M2,61.82017166233894,0.7537629954270056,99.11363568087562,13.731330419693048,1800.2568240263843,False
385,M2,62.13879799401721,0.693462938288842,96.92086027658974,13.079644822501919,1794.5591736491442,False
386,M2,62.97958503713154,0.7716911190555422,96.18239788453174,14.179851095522771,1781.5303320714172,False
387,M2,62.97802185787304,0.70240661495949,96.81961187149278,13.322113932104523,1793.3039307448644,False
388,M2,63.07537744365463,0.7327133059897759,101.84323316452023,13.675501355067826,1780.3320429548755,False
389,M2,62.925515751209474,0.7451735873128514,101.75159675366346,14.262631825158275,1795.750767292615,False
390,M2,60.34100919201217,0.6888413066449405,98.0670327554644,13.006194840271297,1781.474985080476,False
391,M2,63.8955866624286,0.7407386978995698,98.46699423856971,14.769891828989476,1792.1062691400628,False
392,M2,63.59021815972978,0.7324421373323151,99.34315247504213,13.963928480562272,1791.6300393189204,False
393,M2,63.680264281766014,0.6983428500264713,96.40414751745624,14.53048039283657,1803.820144365223,False
394,M2,66.54136531179964,0.7235180933055787,99.90155757232851,15.455682419253709,1800.5844239824448,False
395,M2,65.59192258904504,0.8172843794985165,98.46935527898447,15.71920676808937,1811.6495848365214,False
396,M2,67.09754763629859,0.7380054563960662,102.15278465532806,15.298023966983427,1799.5349063676915,False
397,M2,69.10686619769834,0.8093209592438675,100.09025050983055,17.17917677340343,1817.6424948686617,False
398,M2,67.86494934270942,0.7579597343761386,101.47733985916734,16.29983395315278,1801.1394911897187,False
399,M2,65.22885402657559,0.7904895594909196,100.54798829515448,14.633856873672002,1831.980101918568,False
400,M2,68.82949282826404,0.8292165312946519,102.26918411999974,16.468040682006645,1815.916610682411,False
401,M2,69.59551804565294,0.8737434600419111,102.9949559302655,17.59270790998839,1807.487713758442,False
402,M2,69.06140012986941,0.8384096360396394,105.07183059204051,17.120253489120667,1826.4453531749768,False
403,M2,67.0407565615993,0.8268248370145906,99.82039194476943,16.361938284720953,1801.3424445021,False
404,M2,65.36645904925051,0.7703804034620292,100.37261261672603,15.165774414665005,1816.1965105697798,False
405,M2,63.9238771317366,0.7544425562404957,101.04337842801097,14.38717266722821,1805.1533332138645,False
406,M2,65.10077036318413,0.7594242445533644,100.02323252402958,14.284596722136525,1791.8571088371032,False
407,M2,63.38031795759583,0.7042976211947357,100.6504670952286,14.26890453760259,1803.7806475668085,False
408,M2,62.02413928998054,0.7630351826521528,100.46030576773389,14.121400289241983,1784.6989350130634,False
409,M2,62.7268045982246,0.7523298780414681,96.14175531915224,13.612857998517878,1784.8287710529703,False
410,M2,61.25103063543211,0.7510342883076255,98.8996347603652,13.676041348484498,1785.8116262075423,False
411,M2,62.675729889861124,0.7548652682789044,97.58346505760863,14.05827498538331,1785.5860859203863,False
412,M2,63.5126184574273,0.741980805174366,99.40639786018032,15.222798988924989,1778.2908106001034,False
413,M2,63.223125770794624,0.7815539017220606,101.06850182057791,15.041878927760074,1779.7353026700912,False
414,M2,63.33606560069812,0.7318013854530736,99.58604852980027,14.920428419900547,1790.146551818321,False
415,M2,61.942512488825486,0.7894023196596675,100.56718501431408,14.034480318123059,1793.547720024073,False
416,M2,63.66980939225821,0.8276160279583675,96.2220654918268,14.282233606262489,1794.2364996264296,False
417,M2,63.85589583533907,0.7251000261760682,100.87246888865299,15.016247528277653,1795.118777706085,False
418,M2,66.69201548424867,0.7309006860181619,99.93763746092823,15.56051328522136,1815.2798112031758,False
419,M2,67.1371879883522,0.7407902250200561,101.25566715793553,15.21786678845907,1811.1674502380024,False
420,M2,66.66320963630842,0.8544430688462389,100.89704850932225,15.222200206184924,1806.901528509275,False
421,M2,68.12004939385761,0.8665378088235367,102.91447332057813,16.27156861978176,1817.5767037256778,False
422,M2,68.21034616396335,0.8087818003990708,101.90277554995973,17.045988007136437,1812.105702446498,False
423,M2,68.76837099344682,0.853088378435477,99.09853165095724,16.5166763726625,1823.6097631306786,False
424,M2,68.71007896918069,0.8506592335842456,101.60874653847638,16.24907159285905,1808.6331683407075,False
425,M2,68.97280941203644,0.7640390995084609,100.8363180894389,16.53218511489935,1815.8402575420298,False
426,M2,67.55381808117642,0.781033297208156,100.27554026088846,15.019157523816393,1809.8535831264564,False
427,M2,66.81400291978221,0.7771938228344895,101.68480665169258,15.322703570990596,1800.9337697184444,False
428,M2,67.2495481745668,0.8065824400641807,103.48400351962206,15.655447516469904,1782.8614504362197,False
429,M2,65.63962813080542,0.803168865447784,100.52904104103726,16.16928199790375,1793.9164781091713,False
430,M2,64.3000807029942,0.7253603427683295,105.30986538756872,14.676409925662753,1800.7773261832197,False
431,M2,64.59975262147309,0.7284286169070232,101.65344829544581,14.61378250508512,1786.1530175048433,False
432,M2,63.72976145133963,0.8018085610163621,98.1655237279755,14.180502268245863,1786.1123399847058,False
433,M2,62.77108831965384,0.7780432435284078,97.19674982788774,14.822830040618438,1793.9403764831416,False
434,M2,63.22800020056934,0.7468407309968725,101.51604997559619,14.938319457508786,1771.45775547339,False
435,M2,60.193292525085354,0.7233013427487365,99.94479898031665,12.75666110099717,1795.6237928373146,False
436,M2,62.06258946225802,0.6907209978292359,100.94365799345373,14.119274647161244,1767.6403896939787,False
437,M2,62.544887105664976,0.7982804618923888,101.41559523676746,14.937312947933409,1791.3776297262102,False
438,M2,62.21299651468668,0.7274077352577246,100.77245379111562,14.6210979642752,1794.0970056361152,False
439,M2,63.66940057932209,0.7693677320027947,98.06499820577751,15.251029339988078,1806.4825287965466,False
440,M2,63.60521860329124,0.7348547345629521,98.19317345778512,14.659751870642676,1796.8399821104936,False
441,M2,63.11104144277373,0.7515201193330346,98.86043895458553,14.896909960420434,1804.4912351386415,False
442,M2,65.6912862009661,0.8644755603377301,99.37480033380957,15.888277958245173,1790.679409829883,False
443,M2,66.26443873134005,0.8256716002498358,99.20388304843435,15.168245772297546,1818.217039722963,False
444,M2,66.88568146909265,0.721831952518111,98.68755781208516,15.300365840081078,1804.161230208004,False
445,M2,66.67799161742792,0.8603149730386808,98.00784583863364,16.914609616708955,1792.4614865981,False
446,M2,67.29748748526924,0.8379128664249348,101.46761520822326,16.07505399498924,1816.1644676007402,False
447,M2,65.79187534391585,0.7955585452729182,102.2663625916187,15.694032462039212,1825.5595636159026,False
448,M2,70.48729311766007,0.8654751189936437,105.79622446162934,18.172615977775667,1798.0475743479549,False
449,M2,66.68734711288866,0.7307893052349509,103.1553633665351,14.13194025083299,1819.0488396613725,False
450,M2,68.10795148878239,0.7865277122764117,99.57795969223626,16.03332243574405,1807.8135228323558,False
451,M2,67.99320210690244,0.8324354360542308,100.41247853351325,15.413520634217793,1816.6797830647906,False
452,M2,66.11088421257121,0.7578605157292196,101.25204287923499,15.710779995302701,1807.5030475031183,False
453,M2,65.86142393612019,0.8251049323618173,99.16287105786502,14.95056484929834,1793.746615093403,False
454,M2,64.12012574964703,0.8039951205200441,96.33291499279741,14.773020321756745,1800.880239508749,False
455,M2,63.60979867796539,0.7177840701998199,99.58011170461323,14.53141245441787,1797.1090198586944,False
456,M2,60.833720644822115,0.7728396683471285,98.6710507817736,14.221053611371282,1800.9053285632285,False
457,M2,64.2163183869736,0.8376477461144004,99.04118261400365,14.728056698482488,1789.3191805667936,False
458,M2,62.27408315366995,0.7073888713170737,98.31777569143016,13.135807766459296,1795.2889430821992,False
459,M2,61.00821423007434,0.7379026610417028,96.77759522822984,14.024180276440182,1776.8838396940314,False
460,M2,61.93869862055171,0.7208408671618817,98.79354315498959,12.957252172304612,1784.4588837144686,False
461,M2,62.60455342412993,0.7690705640676719,99.08822016046368,13.719897496406514,1797.498228577275,False
462,M2,63.49683146137135,0.7235893511920669,98.33247561560758,14.448523019148624,1780.9169056621902,False
463,M2,62.968222215494954,0.7269318597233267,97.3780608592766,14.174170802326707,1791.9520906170112,False
464,M2,63.56190981259378,0.7864792659564153,97.231532420327,14.297181403210203,1808.085600320572,False
465,M2,64.44336271695589,0.7623135557906531,100.78467931558143,14.784890345471103,1794.5183569791523,False
466,M2,65.468112068894,0.8002364068314445,100.91451848942283,15.646240797886186,1807.4690472508548,False
467,M2,65.52401502291431,0.7323742531928862,98.19283691846461,14.190271894763745,1810.9730274982126,False
468,M2,66.49238521442562,0.8065436417916817,101.61644934471477,15.702189364322466,1829.9386479418506,False
469,M2,66.82411606672845,0.7721661432246733,102.13333254279836,14.72443691538772,1833.0108954390432,False
470,M2,69.19936068581664,0.8336325709709759,97.94324937902324,15.776166665398135,1825.1414379948226,False
471,M2,67.18219778485839,0.842477710917985,102.4657077633016,16.579363426215185,1808.071927868801,False
472,M2,66.61018974523274,0.772991242979256,101.68521684581323,16.273269344747554,1826.8655230985905,False
473,M2,67.22988513278747,0.8857617642706458,98.22770732174098,17.044390150628317,1799.4695445294553,False
474,M2,66.19912706105453,0.846603544189567,101.95811083090871,16.820142804854694,1817.5423935505787,False
475,M2,65.36961561354552,0.8902054827174197,100.34453175777311,14.681863020322185,1808.0288293013562,False
476,M2,65.0343627393446,0.7705151801487001,99.77634468073187,13.76891502916321,1794.7172415279804,False
477,M2,65.93146754467598,0.7954513267617419,98.09309550328676,15.618009364425925,1801.460966005078,False
478,M2,65.82949951017417,0.7751512094195946,99.1498845346953,15.237006623675914,1793.4411947791282,False
479,M2,64.07786033604921,0.8566823612292921,100.0540809243825,15.414176226650042,1798.0784212324863,False
480,M2,62.43106892800017,0.6627214059815317,98.48257695320824,13.896465418431525,1797.149173542457,False
481,M2,63.66274843240752,0.7692429683116173,95.81244722702702,14.659992238345707,1790.1416964403736,False
482,M2,64.02301048492474,0.821908668984942,98.96492850660445,14.732244890519596,1777.356309042588,False
483,M2,62.75888297251216,0.7742339618447613,97.80380819283027,14.953352081114998,1770.364987570526,False
484,M2,62.12181922999238,0.7899563585860301,100.50219104457162,13.679617041090312,1781.4543327792264,False
485,M2,62.91713769494076,0.7838872661278296,101.97007914200948,14.116744900858189,1781.4507832447655,False
486,M2,63.948655715589524,0.8207311523362738,95.3400601503905,14.41954577902053,1786.9662578884866,False
487,M2,64.03184865275799,0.7624614035633611,100.93362876592305,14.781078143683352,1806.0601429668682,False
488,M2,64.69271454175534,0.8129552932128797,100.58310377808542,14.695606231941653,1794.8811233345912,False
489,M2,62.0439900805423,0.7395773286907522,101.12311727463586,14.051293750978832,1807.1815035730388,False
490,M2,65.4380646910708,0.8292353123885776,103.155726223547,16.079177049971733,1800.8237468088091,False
491,M2,65.73456402475803,0.8138487214714633,98.89364758518835,14.361194996064313,1817.0913027816919,False
492,M2,67.76007877134678,0.8879847110346158,105.868797316937,16.525693036696016,1799.1118985569408,False
493,M2,70.08629236279324,0.8441659601544633,107.24952556557459,16.385152975602235,1810.2267427230295,False
494,M2,68.86599842581712,0.7763669809471584,100.00077307781198,16.14491342041315,1822.914257797108,False
495,M2,67.35653671018957,0.8379537257648436,105.28475951502564,16.121853103362223,1821.672747023431,False
496,M2,68.13550439663405,0.8732100932518831,103.09896146966496,16.18712905197577,1823.1564624253167,False
497,M2,68.11888257175765,0.877611146684329,105.15695734030328,17.01902284459308,1809.542500221121,False
498,M2,66.32069822693352,0.7786100152291556,103.1990745012655,15.250574101052747,1810.9220262526765,False
499,M2,67.45879523287857,0.799473285119159,101.98436754819143,15.827159349831739,1793.3778353841737,False
500,M2,64.42395909043462,0.7800775928806354,100.94509681310792,15.243288060690627,1816.5946814173926,False
501,M2,65.53975163661994,0.7482664704516983,99.43511302148829,14.548394174357018,1785.4522371987969,False
502,M2,66.73590594342983,0.8157906053983935,99.62940023596707,15.5045702630729,1795.0643952297914,False
503,M2,60.61247984584683,0.7802966982566258,98.09744262223339,13.707272825645157,1792.5326766698481,False
504,M2,64.61065936226717,0.6980375195032331,98.08781680231364,13.673244870218278,1801.3519778790744,False
505,M2,63.389048270278636,0.7688857571622029,101.27325886345731,13.856959451029603,1786.9775475630918,False
506,M2,63.63958215618921,0.7289393982243123,100.26933353196839,14.555187257735565,1785.744953713454,False
507,M2,62.483183833482606,0.7400267704165753,95.14450213553123,14.01511469011528,1775.5852473149725,False
508,M2,61.959043866849136,0.6852917355173507,96.63850219690953,12.917506467400086,1800.9694527007066,False
509,M2,62.89476301938036,0.6965954332624239,102.1130672201844,13.776713638480006,1798.324544225168,False
510,M2,63.2350610109438,0.7320600160599325,99.38002062082877,13.835908032807215,1810.8302683683144,False
511,M2,62.71946426098759,0.7812824259664283,98.60491101001377,13.83885460098513,1809.499989085756,False
512,M2,65.44408258763669,0.7328713025141541,100.413797561317,14.002968646120634,1796.400353407642,False
513,M2,63.95505368742107,0.7205815656551111,99.37285929591275,15.362679049564214,1812.7516200459024,False
514,M2,65.87162128047783,0.780421336847821,102.63954802238081,14.914753427466351,1807.854908435339,False
515,M2,67.63759356506755,0.7896111293116316,101.67230671131148,16.052020378676367,1811.0162704321208,False
516,M2,65.42191216154227,0.7350837415859058,101.28444559051258,14.313731618200785,1815.523740316608,False
517,M2,67.40397856897525,0.8008903567031409,102.30275160687368,17.395623238235988,1810.7813849833492,False
518,M2,69.03804531306432,0.8278995309984062,103.9639400523473,16.572309478837173,1824.0212862461979,False
519,M2,68.2715393008124,0.7706760708337405,102.71587118955125,15.870610595646196,1829.3593741489524,False
520,M2,67.53074727721952,0.8644354018825481,99.46459134327822,16.93010382901808,1801.082394405095,False
521,M2,67.28010453882021,0.825315014595086,101.8140245599124,14.046420896608467,1815.527482638865,False
522,M2,66.86156389805423,0.8097165802245797,97.85998124042806,16.090137273939543,1802.1938236086576,False
523,M2,66.70851457450378,0.7328303597713707,102.51550769089015,14.797756932475247,1810.2415387953922,False
524,M2,63.908592142884565,0.769724962287426,99.35122657619891,13.469644100357163,1815.5369115376675,False
525,M2,64.87648375662836,0.7862885842772106,96.66299232526467,15.267094362082744,1791.5635193061298,False
526,M2,63.405047428544236,0.7747404497613751,98.4058518096067,14.583801063281891,1812.0360128186833,False
527,M2,64.86558642123747,0.8171208956386053,100.72840606521567,15.95077025412737,1799.3874581182338,False
528,M2,62.39591358396034,0.777676291270649,97.32253389850635,13.729875997102777,1793.809667029574,False
529,M2,61.76954566060085,0.6673812826611214,97.40733977105906,13.087569023178956,1791.3579120648164,False
530,M2,63.16648291580444,0.761432516457837,99.96358241506645,14.409188355732418,1788.671327992051,False
531,M2,60.69261807135918,0.655867589369182,101.77353313424088,13.291049642528499,1787.4262192018111,False
532,M2,62.0404068946443,0.706766712123704,98.41154169740878,13.875106133610135,1784.2929821561243,False
533,M2,62.846660990097334,0.7508409423737035,100.53068783417531,13.732489117829736,1785.6177092325759,False
534,M2,65.51991901890445,0.7827023394614087,98.22311750543308,15.454576011702999,1796.634926709012,False
535,M2,65.071260423248,0.8044115121653104,99.62245815984922,15.16929786786685,1787.7621088100832,False
536,M2,64.42885637294256,0.7810215359038377,98.67454933094241,14.491267947450302,1795.071202951068,False
537,M2,64.62814324838286,0.8053368544848397,100.2591165901767,15.221782000130883,1796.796946901912,False
538,M2,68.16565014373359,0.8269198508923354,105.28623719070146,16.26388027269346,1808.056415714681,False
539,M2,64.98520348927617,0.7488040455136101,100.10346954804096,15.694645696618771,1812.6783821071567,False
540,M2,68.2648150438808,0.7955572369484696,102.95177353414392,16.65901065159565,1818.2020499980056,False
541,M2,67.22783855172945,0.8374071189987108,102.94256124642902,16.263820583591933,1819.205213331442,False
542,M2,69.40090854334667,0.8924544099926986,102.3924041260769,16.710626544378503,1816.9567130548826,False
543,M2,69.05620183025776,0.9050908696887112,100.1109357361199,17.12060565049213,1811.1727894511068,False
544,M2,68.25466068281487,0.8437183106506764,100.07344701227959,15.819566131922592,1798.5739806650654,False
545,M2,67.12624676873664,0.8083557286948797,101.07740507134038,15.696124399804331,1823.2959129803394,False
546,M2,68.69147272388466,0.7753785361417692,104.61995127154665,16.251078691369596,1806.8566913159882,False
547,M2,65.7948299815906,0.7296143685847313,102.86438307563817,16.072518903140498,1804.9414345629455,False
548,M2,65.2318289512703,0.7648071186504988,99.29009317454019,14.215319515918665,1803.6354045827402,False
549,M2,64.59703738829435,0.7154744576487463,99.82756965539197,14.677537592839167,1807.8677092824823,False
550,M2,65.97474448783481,0.8010355341222916,96.70606228536181,14.836988733449523,1790.1059686762615,False
551,M2,63.36618912897623,0.7320807458090479,97.35369482021117,13.83867572497194,1792.7362859001194,False
552,M2,64.09839112267733,0.7835989370804659,99.4428282436255,13.808954109961658,1773.4092367340036,False
553,M2,61.5676785631755,0.6425058675371403,96.64795749090548,13.853776640010537,1787.3547671720864,False
554,M2,61.28423648223585,0.7067620182562516,97.51303606272171,13.282385614746957,1794.1882611636147,False
555,M2,63.865682917518114,0.733949402474065,98.91824014928315,13.80824170515546,1783.9828683553374,False
556,M2,63.09426954476033,0.7130422463322129,99.55820555005306,13.878171406392903,1788.851709017958,False
557,M2,61.55655640148233,0.6612078177885696,101.66924373833358,12.309173975897357,1800.393410308773,False
558,M2,62.14054020148614,0.7333972766914825,98.6399809206493,13.70216117617116,1802.5774523816183,False
559,M2,62.059696271795715,0.7186916557338913,97.40948585211112,13.284462614175442,1797.3909226383478,False
560,M2,63.50246190550218,0.7247854707385021,100.10886848457159,14.154998714338545,1807.9485149677048,False
561,M2,64.26477396009201,0.7677986017063307,102.50393114396778,14.039528152028879,1806.3713910842996,False
562,M2,66.10786263065887,0.8443929731135458,101.61544912280144,16.093576407335927,1800.3903472892723,False
563,M2,64.25085893798932,0.7927003971438235,101.81690854276032,14.93410927463514,1818.1498611952438,False
564,M2,67.90180724050019,0.7780506351916955,100.34407016191265,15.945826604355638,1797.4626023912313,False
565,M2,71.29750042020854,0.9219506181207309,102.25277693951706,17.535902000112394,1812.9636755944246,False
566,M2,67.93492408797844,0.7672368291763012,103.02720877315996,15.694091341793106,1823.2790777776888,False
567,M2,66.9482453507228,0.8259600529265501,100.40426020751802,16.397075920538768,1807.8823444862128,False
568,M2,67.65541261302681,0.8653773113828324,102.62975491709395,16.299746722662643,1823.4369991353205,False
569,M2,68.25699415982781,0.823605541494477,105.04008528875104,16.761042734561666,1813.1595165229157,False
570,M2,68.17123752645645,0.8420451729928553,102.23957742620674,15.745268218066657,1812.4693581188403,False
571,M2,66.91774032373655,0.8885117770012033,100.88736278619304,15.964645271668587,1793.0106699755916,False
572,M2,64.41307300994782,0.8360179706245148,100.37249918504993,15.227930036790525,1807.4459343229498,False
573,M2,65.63619916761904,0.7845404861566492,102.81887452210893,15.426783383041911,1800.1950343527155,False
574,M2,63.251279141115404,0.7258909944597534,98.98560859126498,14.783326841274803,1790.985251216537,False
575,M2,64.40149322239071,0.8442305953814933,96.55569772420577,15.796935590981965,1786.9895936909288,False
576,M2,64.1880559624884,0.7788365727402518,96.06211958871319,14.627369818527367,1790.672994190774,False
577,M2,62.757857881369354,0.7471083833294224,100.32887173212121,13.542912101416198,1782.7332614327324,False
578,M2,61.61205504290728,0.6951736844379179,99.78921971523164,14.207041723533896,1788.0703745168817,False
579,M2,61.02650587581886,0.7781724341597618,99.05474799179392,13.793317911593507,1793.2425899345767,False
580,M2,62.278068862839376,0.7715659307703447,99.99850263772838,13.953878474592022,1785.771990212451,False
581,M2,62.25658455846696,0.7473366743853256,99.02950560291944,13.451650500740282,1786.0816301328252,False
582,M2,60.99972394149735,0.7359890738776512,99.23793229063396,13.005489272129855,1793.761761542862,False
583,M2,65.15108807819182,0.7757156074336349,98.47389001538824,15.359454304969466,1772.7544188385816,False
584,M2,62.79631769946787,0.7107827565685192,97.3172953002938,14.165029203213416,1793.921593509424,False
585,M2,64.35629540449786,0.7068668412559398,102.31281908414486,13.535165164239489,1810.5319707299968,False
586,M2,66.76720901253466,0.8455567139658214,98.40081421187038,15.803438679565785,1803.5951451963765,False
587,M2,66.24143148102955,0.8105290961927651,103.83311167245552,15.056740387205222,1805.8012622710776,False
588,M2,68.96104902570578,0.8384320849115605,103.47580003597697,16.6589621820012,1812.2928348321454,False
589,M2,67.53179726846432,0.8195426667907567,103.52479839670995,15.912071438930084,1822.2651939524537,False
590,M2,68.84223891485996,0.8167729496870423,104.15412902874417,16.084795149952544,1816.2215545133952,False
591,M2,65.76729250874921,0.7783889098211856,99.48548801147112,14.797532617701197,1814.1051459734404,False
592,M2,69.0695505771784,0.7847421108228883,100.91617089834281,17.159816568757456,1812.003902074268,False
593,M2,66.48286391470934,0.7563248012939539,100.57003873920917,14.57597340463601,1812.0600087404348,False
594,M2,68.33309511994378,0.8598513667211739,104.5474180590607,16.919207444279813,1815.814311764675,False
595,M2,65.52649897137753,0.777266181646976,100.07413419616806,15.122480154083664,1818.3742248132673,False
596,M2,64.0120891914661,0.8073009910573135,100.91049875051885,13.977885686470637,1802.235596145613,False
597,M2,66.34915371739983,0.7744330229841045,100.36272748024396,15.4370358012235,1800.0669258603145,False
598,M2,64.16394112571294,0.8408775123460398,99.5872686386649,15.913403345176773,1786.0590822703052,False
599,M2,64.0947042596233,0.6518657309019322,96.4591792273297,13.461321149106418,1795.4648798179442,False
600,M2,61.994551460607994,0.7060421095546883,98.85083865676401,13.012085667954999,1777.9326848241853,False
601,M2,63.3876164084508,0.7885097761948516,99.26074416507966,14.006313548023769,1780.2355412711063,False
602,M2,62.252746027483774,0.7434902089945369,97.99163018581108,12.974424973284739,1800.852699821843,False
603,M2,61.3367520545998,0.7425153328815591,97.84934485853364,13.981936166792284,1797.486894727281,False
604,M2,63.28521087354281,0.8037479805059305,99.76372075080819,15.121093623929758,1780.4406558457913,False
605,M2,62.51586285627339,0.7262970196505177,97.92656067782798,13.385276833073814,1792.2792647889878,False
606,M2,63.51724339453426,0.7843690059826246,100.33085556343106,14.96949638232125,1779.2026446856685,False
607,M2,60.540136991259025,0.7331853016713179,97.8886736221622,12.996080114971448,1801.8002383907951,False
608,M2,64.7273332573034,0.7279631857684331,99.92350680621426,14.83096012407253,1798.3828313809381,False
609,M2,66.47978374177866,0.9053966314283098,98.41399302965647,15.807826177495686,1797.9872436437438,False
610,M2,67.5092281557821,0.8222487450035341,100.18434735390301,15.67125951884446,1800.7519529254316,False
611,M2,65.97425932777725,0.8019905190845239,101.58579684724928,15.049730378370015,1796.7892137882445,False
612,M2,67.46720793262507,0.8561087881997912,100.839483235417,15.552617015080996,1805.3112556903611,False
613,M2,67.06128366996965,0.8928574653149265,101.37762831177663,16.388038022625516,1807.9398453093083,False
614,M2,68.39890030744522,0.8699313273797132,102.05841728634226,17.042123144909972,1817.8357194492517,False
615,M2,66.65672588209853,0.7673281409969128,100.45606815120844,15.768054214713397,1798.6487752557093,False
616,M2,65.43972383503421,0.790455482127527,102.0358588828014,15.601955156626845,1811.515236721988,False
617,M2,67.2512773301715,0.7836749093479602,103.64309698604151,16.141579400407714,1806.297311928385,False
618,M2,67.71226460364568,0.8626152329372587,103.98661321616191,15.50723133524616,1808.2459424911597,False
619,M2,66.659495263626,0.7585450972764259,100.71707563330024,14.578502852621645,1809.0598645773061,False
620,M2,63.57142953168295,0.8148344980307805,98.74722975913903,13.866846619598896,1791.9824331476236,False
621,M2,64.84582119821265,0.7845156535112959,98.88477995206327,14.959628064848502,1809.633111891279,False
622,M2,65.37801309262922,0.8060987338336372,99.58642578043663,15.580924428782405,1805.7362172304963,False
623,M2,62.393321473217995,0.6950540471881373,99.11856141030368,13.458080886824211,1809.2796737058707,False
624,M2,63.10482536941479,0.7718216335173089,98.75970305058749,14.409922551127044,1798.8908446358853,False
625,M2,61.4058605021933,0.8288251499335832,99.48939840272989,14.375854286616168,1802.6876194404704,False
626,M2,62.88137611198847,0.7223728487203831,97.42481613656304,14.116904189177818,1781.1252655200017,False
627,M2,61.65032372467246,0.7125193160646781,98.47291136625869,13.661786989197557,1787.315976638752,False
628,M2,61.42786775171525,0.7128853322852413,97.98432583790445,14.118438201323297,1783.4496069530235,False
629,M2,59.90999684538558,0.6904952656788489,95.78245254023625,13.238247213245776,1793.976126053693,False
630,M2,61.36019238674602,0.7770090284688064,96.38420296241108,13.544834336508723,1799.5229581261383,False
631,M2,64.74583106486567,0.7530133713049121,101.42956497653383,13.920380642781538,1794.7682231289011,False
632,M2,63.63030871170826,0.8167148168151063,101.86223549740907,14.94786209352088,1809.4630777983664,False
633,M2,65.38778625286325,0.8989400579180195,102.54636647888056,14.521308365652757,1816.5102563595976,False
634,M2,67.15111696553504,0.8363968939587877,104.54537503442451,15.850793789782871,1781.2672820152566,False
635,M2,65.6827357042741,0.7334967780213072,102.83655284557932,15.223190821145666,1819.9398107377942,False
636,M2,65.25580275457975,0.7745749675805449,103.728843716165,15.51213465498423,1815.121454900747,False
637,M2,66.01685518392148,0.7890076694918401,99.96640461378209,14.448373378917807,1835.4685047626022,False
638,M2,66.0792092038476,0.7927637122395316,101.79873673276414,15.197571256865828,1826.969074321933,False
639,M2,67.35561911517976,0.8505525305557315,100.87114385534689,16.31894453581099,1812.4464674485043,False
640,M2,68.07494649767759,0.8281273581423558,102.99912881753998,16.088653074425586,1805.3611171010625,False
641,M2,68.07087993324839,0.8488557708958087,98.07597547481276,15.912143654300055,1819.3403930308652,False
642,M2,66.62609715366906,0.7415485607429027,100.19101420426558,15.318172105863418,1818.303690284573,False
643,M2,66.81107992887638,0.8181210617214353,101.4656634931065,16.413627598013402,1818.092234349022,False
644,M2,65.46638324108937,0.7978604013745773,97.04244756854108,14.371899916730698,1810.1468150559867,False
645,M2,65.23080362688984,0.8085147042396841,102.44743895589053,15.337941948815649,1793.3363391569005,False
646,M2,63.01627538200627,0.7677415176603299,97.40665325155908,13.874667619806564,1800.4447831420048,False
647,M2,64.26650611910352,0.7951902782131949,99.82670198542084,14.880636942340892,1801.727906485185,False
648,M2,61.713675253295726,0.7596629950100936,96.21772275157856,14.047065578157365,1787.964827542603,False
649,M2,63.134820069055145,0.7643268633445153,98.24512796069611,14.221431201340124,1776.6108353316017,False
650,M2,62.29711248282573,0.7766945204442877,99.69421641475039,14.124137980420176,1797.2906728369662,False
651,M2,62.97043780031762,0.7706206297503911,99.43935936070741,14.053858649799656,1781.2616213454087,False
652,M2,61.010955455103776,0.7574037783221184,94.87211810958368,14.328283693478836,1790.834487229248,False
653,M2,62.9219989106077,0.7274907200252815,97.95616440160451,13.689414075575499,1790.1583339696172,False
654,M2,62.02794086732613,0.6738658305132839,98.20712572341385,13.64720843848742,1810.6140484660696,False
655,M2,64.28002973751727,0.8142383477183172,98.77628656109196,15.110764405173066,1804.7167166896186,False
656,M2,64.49602474292517,0.7904405752149766,99.83872927459083,15.124071287236564,1814.1180668424354,False
657,M2,63.90325169273186,0.8008572583745546,102.19834875787431,14.867251154965679,1795.3652752618748,False
658,M2,66.03269491614513,0.7734227708123895,100.40082199800565,14.630763606295167,1806.2774767532965,False
659,M2,66.64378685119227,0.8338783674102612,103.69534888395633,15.390222036781594,1778.9710943947475,False
660,M2,66.6060282182809,0.817401249314221,99.46202120661717,15.785267899401703,1800.4202020512346,False
661,M2,67.41272354642956,0.857510895278477,103.91137419786932,16.637604170770732,1804.9671823732651,False
662,M2,66.69533388593555,0.735648938300759,101.16661436806493,15.330780764085773,1821.3120637784464,False
663,M2,69.44386772847068,0.8317727563042152,100.91926228326277,16.196726787919765,1807.8020533030012,False
664,M2,68.83153872735919,0.7647296916087055,102.40846776211866,16.23639949242969,1800.6050744643437,False
665,M2,69.2144619372075,0.8742555409365217,101.26278722403214,15.554699225684633,1825.2716699375023,False
666,M2,67.39446692111274,0.8532298080646155,101.85492722163879,16.18911082277208,1810.6075801977988,False
667,M2,65.74273798833129,0.7526593079291813,101.7229570046353,15.825156222843741,1806.3700381237932,False
668,M2,63.60630826213874,0.7288300411362393,99.57360486006998,14.617779171144385,1795.8077513456933,False
669,M2,63.04699749203804,0.7112996393160088,97.90058255354849,13.705101506123324,1807.240387698195,False
670,M2,65.3991029099328,0.7473524245129071,101.0578374758898,15.06039430967577,1791.7845962197528,False
671,M2,65.39625807937092,0.756829094891571,102.55407083171575,14.830953102315776,1798.049858786338,False
672,M2,65.1920525735707,0.849301743784481,100.42209887118534,16.059875287925713,1772.6513510352268,False
673,M2,65.27226117098084,0.8276059584176548,97.9014999672343,15.860809847783349,1778.3764368664688,False
674,M2,62.9879710416164,0.7873381367866235,94.73363992864007,14.453445805649052,1779.8510655346604,False
675,M2,60.80113596414411,0.7221627774571019,99.11044632348707,13.359191051430143,1776.23365883414,False
676,M2,60.88695256436214,0.7501156999148407,102.35644856268851,13.417299223016713,1785.6195005722273,False
677,M2,61.51406554684274,0.6653479046368068,97.59873456704247,13.25582694925063,1788.218314971067,False
678,M2,61.85924280443186,0.8102113836686972,98.425059048843,13.848356637945553,1777.95912591877,False
679,M2,62.36475258813309,0.7543237959568294,95.5249247713931,13.989808839254714,1797.7281887213553,False
680,M2,63.489477297800526,0.722677834597704,98.45718507003673,14.094331523815015,1797.2819916779877,False
681,M2,65.37916116638519,0.7349029048659251,99.36630616933103,15.244206848570773,1795.7625498234959,False
682,M2,66.00885125997323,0.7419498728605243,100.02407605395358,15.68472995631404,1796.226640555223,False
683,M2,65.41956847507922,0.882059943069576,103.41028408668578,14.634953871577238,1817.458232446696,False
684,M2,66.73604394146172,0.8122366168936056,99.5795752161008,14.562093404594211,1814.6643532306605,False
685,M2,67.93797633565175,0.8869056573999821,99.25686770913936,16.428912396390132,1815.411412626839,False
686,M2,68.55880498882155,0.8390492586566702,102.66551933606291,15.559611399128608,1823.1923035204022,False
687,M2,67.40437717929657,0.8384406763983661,101.12046921193011,15.721803237781963,1806.9662255944977,False
688,M2,69.24644236411007,0.9127763018152864,100.824086345204,16.66566399260457,1814.8449753322946,False
689,M2,65.7217601495237,0.7873838002003214,100.62727909562813,15.777801740417372,1814.348214818534,False
690,M2,68.24594774290917,0.8563772563585843,100.69674716934344,16.502029001377608,1805.6812818684464,False
691,M2,65.89521679974268,0.8210086607361763,100.68392111780325,15.31799511787736,1791.0175897476738,False
692,M2,65.75474338041634,0.8419873646920955,101.67450188850208,15.215601586883729,1804.8109261454206,False
693,M2,65.42463030315403,0.7718648623517307,100.2512211219037,15.560617361079386,1802.9703765808445,False
694,M2,63.94532891345231,0.734544148574554,96.97224903079112,14.875687156531654,1791.0477995225053,False
695,M2,63.76481072072304,0.8220695878104546,99.1310339384469,13.688933192508559,1784.0225461589157,False
696,M2,63.59569731328182,0.8073885898763535,99.79464042946599,14.526789456703304,1777.9449375381805,False
697,M2,63.022557287105776,0.7466563731632218,96.37277039599678,13.520976047594303,1789.50372894247,False
698,M2,62.98404461628777,0.7173219464570086,101.67578560203026,13.649410740335572,1789.9500382637732,False
699,M2,60.891178541267735,0.774764710441194,100.84582112245012,13.147263858944621,1782.5579008017403,False
700,M2,63.52040447027773,0.8524683441048981,98.42795266574186,14.917492752515052,1771.6706694927898,False
701,M2,63.137421622400986,0.7497186125792075,95.72076757713857,15.623628370851657,1784.9215461764989,False
702,M2,63.5638826242651,0.8332848561080155,95.92810443008233,14.657879640241191,1789.8081363953386,False
703,M2,63.72681928057129,0.8758009407728519,99.0934540146035,14.800582578423406,1796.632674811346,False
704,M2,63.14334559223471,0.7480776062099069,100.04675214643511,14.428221532756087,1800.9352732923755,False
705,M2,64.59420828052737,0.7860765089857136,101.60466769226494,15.092734296916811,1802.2013564175513,False
706,M2,67.84656027324368,0.8120948374110295,99.52946622199089,14.932243005758108,1806.1563802276858,False
707,M2,65.27262382193021,0.7884659685691204,101.37958331450659,14.217189933455185,1793.5451866339706,False
708,M2,66.26818856303393,0.8888783739262365,101.77897253798112,16.29396412295065,1798.4750483159805,False
709,M2,67.3645341160229,0.760748739240292,103.06211833794293,15.971428242891987,1825.451419658924,False
710,M2,67.07916096127778,0.7978885773530859,102.25492801145666,16.073981249235402,1819.6467905320615,False
711,M2,68.5055993386881,0.8420887767707708,99.73345791015058,16.388577115631108,1827.5186678347131,False
712,M2,71.3148011222907,0.8907836071867711,104.27138510251018,17.172679521984488,1815.0519921046862,False
713,M2,70.09586979696759,0.853837663334797,102.61567286257186,16.567558426486624,1811.176115894581,False
714,M2,65.68633933436172,0.8359720225658249,102.95256319944004,15.23119969702449,1811.2345693562622,False
715,M2,65.9755547013997,0.7773178403552097,99.43877796024728,14.929606343747814,1814.325953175571,False
716,M2,66.30477442630942,0.8114077849708035,102.06257194715931,15.132947204552284,1812.3043598333888,False
717,M2,63.516564517548304,0.6931137996373071,97.9640976400026,13.112135044529026,1806.4326903533358,False
718,M2,64.21014671555822,0.8664125741369232,99.49680277341783,14.553402434343369,1797.7067333051873,False
719,M2,60.749844318065556,0.6538808859187095,97.13607521015942,13.069704375347262,1795.1908555579214,False
720,M2,63.64419977191579,0.8069612499188304,97.97464299096914,13.864633241912893,1786.5475601197763,False
721,M2,64.168980041885,0.7819303025946405,99.0582576991256,14.316174308729009,1784.778104380696,False
722,M2,61.767677224221096,0.7506185171165708,95.78759194694833,13.459630485971056,1790.503876048261,False
723,M2,65.30834090455949,0.8454796188523828,96.6766716560136,15.036129225837433,1783.6206763712714,False
724,M2,61.46902084292018,0.742546502440268,100.73908732108289,13.646822217094707,1787.8841070406024,False
725,M2,61.88002319658258,0.7353292885105284,96.56524987311057,14.133211798204943,1781.7243216051074,False
726,M2,62.69689673970498,0.7763066481871534,99.37486786231221,13.010321447328629,1791.525099241989,False
727,M2,62.89916937674173,0.7734746491651958,95.49152735991598,13.743624432244445,1792.4186082357915,False
728,M2,64.08451889104654,0.8169334337542534,100.3468803230739,14.556715357394104,1801.3552734093719,False
729,M2,66.43471662371888,0.8838552557726423,102.01858341855913,16.203515746569714,1804.2845656757997,False
730,M2,65.67800273878579,0.8177946523265972,99.31414176855779,15.195527818165408,1820.0762227078815,False
731,M2,64.25608911407177,0.7423921847436857,99.96988750940956,14.8145964605831,1812.297979867275,False
732,M2,68.70285362716702,0.852205374134341,100.56807081101746,16.619735279511794,1811.957458608553,False
733,M2,66.64218473633939,0.8855111000788717,103.02205447498896,15.48656433731704,1814.3602178491055,False
734,M2,67.21058285762112,0.8751593966615553,104.4438414570058,15.2528991975555,1825.303502866575,False
735,M2,67.49215482255221,0.8000786663388817,102.74373662440324,15.34334577675487,1812.834530329531,False
736,M2,67.49899439608457,0.8387786086381861,101.71499952776612,15.25605043971645,1821.1585688215514,False
737,M2,67.56666084280826,0.7808371525579698,98.09026666171629,15.71884662966845,1811.805119685203,False
738,M2,67.28159131274508,0.9458748050906672,103.95282161664746,16.46573230363238,1800.7196788125364,False
739,M2,66.52408629732368,0.8978888950866641,103.75499511941986,16.74683067089729,1814.692738898186,False
740,M2,66.85235194875635,0.7887103563636282,103.39251168634557,15.477484871535655,1799.9464399090211,False
741,M2,63.805874442343715,0.819910050056389,99.76213696852595,14.574419038461569,1801.4293603945086,False
742,M2,64.8503177767416,0.7302589751973008,97.78274850012934,14.223822776924095,1792.9880504722978,False
743,M2,64.78524397014726,0.8321264292025629,100.24148851713531,14.971843565885289,1794.9982112881407,False
744,M2,64.3331266072341,0.7730120870265074,99.57822426499688,14.098770201537878,1790.4393422461221,False
745,M2,60.590261474458714,0.7296440173439763,97.50005056690954,13.236658969292762,1793.4991194223185,False
746,M2,62.71252858975835,0.6515978287284744,96.12979145420628,13.992576593085088,1788.8323031156751,False
747,M2,62.999872032553824,0.8356786250048398,99.45196692211671,13.45771251327889,1791.5928527403214,False
748,M2,61.081958992026635,0.7708950241574754,99.35471480217369,13.98734573370882,1779.0061499587512,False
749,M2,62.098737974886696,0.8122624071750446,96.9127109456974,13.871365786056415,1792.322041041124,False
750,M2,63.167570085754186,0.7711740965432619,99.41129051893562,14.740674153185218,1785.7796510175472,False
751,M2,64.09601274520288,0.7737468459712591,98.85957632834905,15.529909944166192,1797.2945710657095,False
752,M2,66.09596967010121,0.8366756463624455,98.42846894780952,15.968412771400832,1789.3950674654252,False
753,M2,65.12143323744664,0.803940453216001,99.43991931600578,15.36261433648225,1787.1270449506276,False
754,M2,64.22854805953101,0.8120923854056806,100.12702655252532,15.02092256822854,1794.6695417023063,False
755,M2,67.36240437420987,0.7947011909027683,103.86159713448636,16.42849108024487,1803.467564071623,False
756,M2,69.25036650795593,0.8512640280955929,98.64274625984493,15.98564044464493,1808.9133038677053,False
757,M2,67.5131192208882,0.8144696830002901,102.59623064970502,16.35627678330064,1806.1018161314666,False
758,M2,67.65692000665834,0.782855231639711,101.70152970425836,15.616890999633126,1811.420382982265,False
759,M2,67.41020228841752,0.8183163056941468,103.19283288447896,15.923929968541465,1814.7633101980557,False
760,M2,68.48239201052345,0.8030475042357604,100.04289888551932,15.25327544409859,1808.3147462422146,False
761,M2,67.51594276096742,0.8488126492740632,98.86554346876714,16.2242306874605,1801.0963489877788,False
762,M2,68.79332018647214,0.8476107292558963,105.22205629467756,15.997848145227877,1812.6032677378873,False
763,M2,65.47530011193372,0.8537061955856696,98.84124767623628,16.166862500878512,1802.6145067885905,False
764,M2,63.941358226229504,0.7954676165393016,98.55679037026913,14.761752766453398,1804.1099113725222,False
765,M2,63.44429412785356,0.8013867608505062,96.47781697833456,14.174835491447944,1785.015757177275,False
766,M2,64.74313394171878,0.7824713274017226,101.33513881941654,14.420832300622184,1791.3465271553478,False
767,M2,61.90433646874674,0.73574767218825,98.51782153531009,13.06019260421034,1799.8632471384126,False
768,M2,66.12780796523143,0.8781168808003401,96.29170221106577,16.13221798174153,1785.224982339796,False
769,M2,62.243774046845594,0.7491204633444075,98.6581637853193,14.116382545694822,1786.7681961088765,False
770,M2,60.85242258147591,0.688375005034484,102.66390996341462,13.363056781299642,1787.0907232893735,False
771,M2,60.80604455858873,0.7321390310573188,96.67402879623086,13.559820897075548,1794.6261058179314,False
772,M2,63.91107787675462,0.8691288348299674,99.01227786161746,13.925908805927842,1771.0952202577785,False
773,M2,61.00914855239985,0.7253656887094989,97.93757258258566,12.601204543871173,1799.4043657984853,False
774,M2,62.44912697793633,0.7208760496028035,98.6823342881973,14.564834958860658,1795.446646670852,False
775,M2,63.313820086115825,0.8090584657670996,95.0232626617294,13.629904288350323,1788.5230048468784,False
776,M2,65.22137265634159,0.8320143146987705,98.06674925861489,15.172254305280575,1799.0681253582413,False
777,M2,65.59259108810699,0.8285774704313849,96.89860181333927,15.208553173998315,1801.9473796567179,False
778,M2,66.67301238389305,0.8059707441867682,100.82966216504833,15.950366844243826,1799.5928939020023,False
779,M2,66.9673814657546,0.8103657868694593,104.2245647137933,16.165333063864864,1793.375059962807,False
780,M2,66.4380908321642,0.8727656996445506,99.15291855964466,15.17865642715316,1799.4314640063658,False
781,M2,66.11692193849609,0.9045953784500618,102.28529423697836,15.705077099539695,1810.9168559057644,False
782,M2,65.836531419032,0.8075185402329659,103.47252512630652,16.358259621054522,1815.5633559660166,False
783,M2,66.72395428325346,0.7152198420532906,102.53378980774716,14.455227441637817,1818.2965472574083,False
784,M2,67.81478414916754,0.8837855969067737,101.44081232616229,15.12932673943499,1827.4788855944093,False
785,M2,67.7010098952,0.8693310323051487,101.45083257924578,16.027804622810113,1805.447260613522,False
786,M2,68.76477052891862,0.8449837670033097,100.67630423674144,16.871185549659,1805.8224038490669,False
787,M2,68.28221931181326,0.8579190796921775,106.35355399489279,16.36480186189811,1790.151053479602,False
788,M2,67.08970478214123,0.8857307455328979,101.56555181542831,17.01921047816118,1792.6187653561312,False
789,M2,64.91322642099861,0.7549393408411091,100.523505833989,15.25925448077582,1801.3448223065834,False
790,M2,65.46652317502196,0.780883728755842,99.60398197707165,13.663898861999439,1792.5097108738282,False
791,M2,63.653898007161914,0.8258687795563427,100.7988550539163,13.878334602429712,1803.3394683046063,False
792,M2,63.794445798522744,0.8566193641982793,100.04504933526623,14.802166457423366,1785.4537748124635,False
793,M2,64.08156043158749,0.8055625717462741,99.77656501840276,15.849310539044406,1789.7846973970506,False
794,M2,62.1151847885658,0.7653983162285128,102.5000545220236,13.367851185614272,1792.643587450066,False
795,M2,62.34629971822942,0.7017107559294758,97.78598881002516,13.826381470240811,1787.7520954956392,False
796,M2,64.18924283544577,0.7392624439688393,100.03349492337843,14.139264878835922,1782.2516290019973,False
797,M2,61.03528000276941,0.7857751223388445,99.86857886604805,13.981889162055946,1791.5611852638324,False
798,M2,61.407582474017325,0.750736250431774,96.15034777312124,12.781319635659308,1795.318317004217,False
799,M2,62.333841520132225,0.77441397840113,97.4969620254095,13.04326708676069,1786.90398377345,False
800,M2,64.01471289544668,0.7695282978910643,101.84483090960344,14.647554703754668,1793.0899181101927,False
801,M2,63.374397293990434,0.8041616911499934,97.56998575451045,15.017122147543658,1802.0859701478405,False
802,M2,64.43532930633215,0.7701406528043893,103.12120009821811,14.47831797226022,1811.2425968351083,False
803,M2,65.93150595089641,0.8225170143689738,100.60191447404515,15.78300254046523,1809.6895524129745,False
804,M2,66.04832797203696,0.874735701895287,100.39171070819272,14.913163883481474,1823.3308894532645,False
805,M2,69.65801184645856,0.9118699961900868,101.18620529551784,16.408749420521005,1798.4371216102195,False
806,M2,65.59626530068624,0.8721978903328913,102.77061542404905,15.7143998724688,1833.4596038529385,False
807,M2,68.36763691964836,0.8219625571719654,99.56352735443274,16.489077399062598,1809.7013468160749,False
808,M2,67.42928625330723,0.8222553565119526,100.87701736492318,16.09993142014244,1818.3627416876298,False
809,M2,68.96055852489876,0.9079889617875363,102.07371460870624,17.326729510115197,1806.577054770771,False
810,M2,69.35243845037573,0.9196082005894205,104.06503367026552,16.4532950785722,1798.6083236907693,False
811,M2,66.75687606804534,0.8032190120688392,102.15963207794968,15.029752960495767,1801.4629154544598,False
812,M2,65.18523547457913,0.829651848570313,102.38455536308871,14.972959670356909,1803.9555196906767,False
813,M2,66.15655537953589,0.9646810297891574,99.9787625689424,15.701333142971732,1803.2861663483384,False
814,M2,64.97001611312022,0.806924704447726,99.93556890394247,15.518505541135564,1788.1190845545743,False
815,M2,65.37146341492091,0.8077866548520372,99.03260087856366,15.24700791859223,1777.4079397816963,False
816,M2,62.41753839820264,0.7791289443710474,100.17111946385542,13.95742966548061,1804.7311672491428,False
817,M2,61.125756866741625,0.798286288001806,99.04987933929029,13.195341932532836,1794.6519830349985,False
818,M2,60.30482544459142,0.7016350205478364,99.27291573214298,13.689046727551018,1787.0123928736316,False
819,M2,62.95625158967082,0.8018880291999009,99.25519465020768,14.136705244494992,1796.3448649152604,False
820,M2,63.424913817185,0.7330704148362136,98.11283349273366,13.836234816162047,1790.4701227837759,False
821,M2,61.86255926522834,0.7835276253052456,98.35370253563775,13.676195652480333,1792.446822759264,False
822,M2,63.816401027794655,0.8341555185926419,101.80623933696873,14.85239974248559,1810.5589145582076,False
823,M2,61.764109397716204,0.6848420653368936,98.99215836500052,13.045696712747038,1793.755632238816,False
824,M2,66.02192529654188,0.8458336878617699,102.53247627193086,15.34362230986921,1798.8599392126753,False
825,M2,64.58378468323633,0.7903064185556435,98.17987347069649,14.583080344995375,1804.2309031602906,False
826,M2,65.9636646585326,0.8535926419291604,100.01237928647625,14.807943752482783,1798.6450199421972,False
827,M2,65.69090093945364,0.8626187147563004,100.28312938057678,15.137779985974579,1797.548974968148,False
828,M2,68.53413416939894,0.9063594991966161,98.26267142998753,16.657715213450434,1797.9403963944187,False
829,M2,66.38127807969772,0.7979765216787603,102.39713092706533,15.386490628477498,1818.8309853444416,False
830,M2,66.58666043781085,0.858382790961927,99.85132073237048,16.008093021066667,1829.0102741696137,False
831,M2,69.51352358726527,0.8961418319562182,102.80468454818042,16.79957350846277,1804.5116115809035,False
832,M2,66.91484677740395,0.8697950176870197,102.7777648153679,16.742463382003404,1821.5365002747947,False
833,M2,70.07087483299644,0.8958595795494312,102.62783847532657,16.718513725450336,1808.0652634465066,False
834,M2,68.94829644498485,0.9454917823881172,102.194031368662,17.067129538719286,1804.4205143876381,False
835,M2,66.29671324652736,0.8733788201942749,100.75735018540551,15.818273034194569,1802.1996595062112,False
836,M2,66.57125743898365,0.896683661109467,101.8975267677634,15.261094059081271,1789.6360448990015,False
837,M2,66.38275765832337,0.8625209782340829,99.51058748050161,16.22477813631303,1787.1159799297056,False
838,M2,65.0624280633314,0.8084262627770434,101.51546652904878,14.378146675526049,1788.188978992439,False
839,M2,63.168302987214005,0.7639870489867144,99.30581325176252,14.119476134340228,1768.65215841354,False
840,M2,62.15373928187884,0.8336413490869693,96.95889712421645,13.906314831607597,1796.9248416778996,False
841,M2,62.3851803585318,0.885429495212315,96.24187378991618,14.470110190980929,1784.1715623524644,False
842,M2,63.707046418226156,0.7878398180633199,101.21591872736704,14.169294344770304,1779.4919568396538,False
843,M2,61.65852412745707,0.7613976204076393,98.53137868149587,13.790215627819542,1798.590010983297,False
844,M2,63.02628554076184,0.711565998399375,96.36187683483502,15.697034174342676,1764.364190348128,False
845,M2,62.11550798138063,0.692526720723215,98.01925101297635,13.425000060927347,1790.0082043374825,False
846,M2,61.53973409579789,0.8122237772009593,99.31513046883654,14.077120407909813,1797.4777312355104,False
847,M2,64.56483078190288,0.8115005632112702,101.22755805309423,13.391248150849982,1796.3306265821066,False
848,M2,65.05614889718595,0.9180422405230886,95.951876895914,15.189378554102023,1793.5561289510485,False
849,M2,65.0021321197821,0.8386107214905064,95.19553451947215,15.824098055192213,1793.2607299648616,False
850,M2,67.28893327407823,0.9249278776141906,102.15307777333628,15.853777791678153,1795.433598689729,False
851,M2,65.00094380758938,0.8077866849480915,100.10041765197658,15.581600617462147,1789.892028705693,False
852,M2,66.30552831698913,0.8366784604670828,97.99245378102255,15.72433489338773,1790.6146889023958,False
853,M2,66.53387690010558,0.9653050700769616,100.43370837504911,16.101086384050483,1821.3247446161504,False
854,M2,68.30829192700038,0.9007279009889226,97.9746403271779,16.31166209952819,1822.4990324137486,False
855,M2,67.05141173557303,0.8791173716807889,100.78222197817375,16.375090436741317,1804.546265233861,False
856,M2,66.86302657396594,0.8380147940611797,100.84989134744156,15.789047260739082,1828.6395975127946,False
857,M2,67.5179487938477,0.9180164403573805,101.45707267772696,16.019429333239263,1815.0332940656795,False
858,M2,66.26925522737334,0.7680347257892237,102.47474454507946,15.042924680955302,1811.918124121325,False
859,M2,66.55568632637711,0.8815233096542809,97.5395165947746,15.413455466881377,1804.5354736615172,False
860,M2,65.4270329016058,0.8402702330897701,96.3530621747992,16.00210350382761,1790.7238565946784,False
861,M2,64.0628965104119,0.8222372280867071,99.41303138663261,15.18400844672055,1802.1470303607894,False
862,M2,68.35065932342705,0.9006281063476878,99.16297570642624,16.24083038005962,1776.154631873444,False
863,M2,65.03782027486456,0.7827096585399347,101.23116358981646,14.721210626932738,1783.1004668773412,False
864,M2,63.246374054909325,0.6847998676614736,97.56789242852517,13.095181394985461,1787.7601442415707,False
865,M2,60.75311527832631,0.7049417043421338,100.59249759100524,13.24975794186439,1783.6631834455059,False
866,M2,62.654226260874154,0.7619881810746625,97.57585166891297,14.012640040088646,1776.703131452475,False
867,M2,62.82994432093488,0.7896313322195335,97.942146144692,14.21509136445357,1781.5567458877306,False
868,M2,63.765885671322906,0.8263598309778533,99.03756704359495,14.311881995720016,1793.6246080702572,False
869,M2,60.85339146894151,0.6313268345547127,98.99722575597852,12.570118051834271,1788.1415670351842,False
870,M2,63.69790340140998,0.7967693460470892,101.82147035332864,14.466140217615592,1805.0003621920096,False
871,M2,64.21694588440077,0.8015415691293737,99.16888199792615,14.35713646564033,1778.7773674061837,False
872,M2,63.33459323195652,0.7810298327188657,99.41774195614454,14.573408585254507,1808.34494050939,False
873,M2,65.98733994868276,0.8727768324349688,99.69220632518315,15.156514279477543,1796.444134257247,False
874,M2,66.03079874846237,0.8158539898018515,103.12258646661651,15.432630248750634,1785.3774207605204,False
875,M2,67.16542648692867,0.8221872016579429,98.20174387541702,15.167045221896965,1811.840597618385,False
876,M2,66.9946655748501,0.938201147373956,103.39388109316106,15.32452685976277,1807.7070333802615,False
877,M2,67.19894647784855,0.7496632245836302,99.44360000055332,15.307681769284915,1819.2615445325694,False
878,M2,69.64523076610129,0.8659045757850777,101.09336580626471,16.453059696589026,1811.2003800586708,False
879,M2,67.64153411624304,0.8921299134827926,103.74266707082784,15.967721826261274,1809.9644343531331,False
880,M2,67.42456508712725,0.8731184201178778,101.75548483519574,15.596726240884289,1812.0920848946848,False
881,M2,67.39028932554606,0.8801258784589852,99.78931965673503,16.160174432358698,1814.905472221533,False
882,M2,66.0611299375093,0.8839757675018316,100.6977238204108,15.274498398428667,1805.45434903946,False
883,M2,66.67457920247729,0.8017302727440098,100.42968593378168,15.590454502556742,1804.0000956275096,False
884,M2,65.32322108430556,0.7703986432384611,100.39017633500936,14.820291981258526,1806.720767121997,False
885,M2,66.34615191570727,0.8086048110725123,100.69485604676453,15.171985153594466,1786.140555238468,False
886,M2,63.323052434368314,0.7616122924476328,100.89911437164932,14.328233821065856,1812.3379228310275,False
887,M2,63.293395708759135,0.882666727894261,100.0579549996539,15.088251002414992,1792.5073349464992,False
888,M2,60.788423053399484,0.7133038221022214,96.42725962246057,13.63805205810145,1788.660644647805,False
889,M2,62.89976284920147,0.7830373052909156,95.44600072959373,14.567918017938762,1764.8969400831447,False
890,M2,62.03070928614264,0.7729462478688366,97.0855261779281,13.863954231323957,1783.8152872945727,False
891,M2,61.21714009992081,0.7966746819960572,100.42929477665207,14.17809059283631,1806.0567465839035,False
892,M2,61.87635663824499,0.7529928787722903,98.30528871146734,12.912599265272767,1793.0401339836005,False
893,M2,62.5023582370781,0.8213975024306064,101.31158662111099,13.578549546087535,1783.573502455552,False
894,M2,62.20776754400196,0.7202250973587765,96.71793254509832,13.656263664169519,1785.5853040601014,False
895,M2,62.65246767044067,0.718504568681496,98.22833444379262,13.04291424974343,1784.2883143871718,False
896,M2,64.08071166720883,0.7893823768185348,96.51750297547335,14.242048989703989,1801.81922462921,False
897,M2,65.55629417172212,0.8034758815981217,100.86352432934616,15.186561709079262,1801.5453961134383,False
898,M2,63.985100410876285,0.743321276357216,101.4565135910445,14.394961703493502,1801.3310833757864,False
899,M2,67.13455674638882,0.886414139966065,103.09397907078464,15.541899294829397,1801.5788563073359,False
900,M2,65.16956914336272,0.803785033088277,98.4022825530104,14.757443615444712,1813.4723491047425,False
901,M2,66.19261462575943,0.8669178033401094,98.96244228285677,15.18887732316895,1805.829911069291,False
902,M2,67.8425818694223,0.9290746355955877,103.10781231465796,16.409824523931537,1819.0205368685718,False
903,M2,67.17716545634836,0.9060533345369327,101.56814580085292,16.2238688479533,1823.655859990332,False
904,M2,66.75378065534403,0.8283452022789078,98.10088112981286,15.205962872535782,1815.0661967265405,False
905,M2,67.27871006008696,0.8952586891864205,100.75102096383877,15.886239441765412,1828.7679466204556,False
906,M2,64.18381335520473,0.8660955234516601,100.82317489537508,14.765171119889057,1825.4636152209198,False
907,M2,66.99522029919086,0.865075743387183,97.6685679020018,15.01479575657278,1811.1287962584356,False
908,M2,66.6412404706855,0.84609143322761,99.44293471064192,15.91218550747977,1797.3322028565424,False
909,M2,66.66854385122693,0.8718307320305282,100.59129317100845,15.300255825810765,1805.0514680996534,False
910,M2,61.05110377743567,0.7797364908936344,98.23495453204079,13.69038108795964,1784.5114481433513,False
911,M2,66.07219386226096,0.8894062551695191,99.67898426583423,14.203629541026784,1787.8490638423975,False
912,M2,64.28470237909295,0.8546990425903647,98.68833869201094,14.628153793954903,1782.7348283156268,False
913,M2,64.26243394852948,0.9064817690883864,97.16057937063567,14.293721099037102,1776.6731328287376,False
914,M2,61.111793314568274,0.7369061841697444,98.27262984606728,13.062405803434224,1795.740607119534,False
915,M2,62.64075511392037,0.8750873260750311,96.30128347057533,14.842895133803488,1767.4815475117903,False
916,M2,61.88133492158794,0.8511829550615115,96.21711327691273,14.030671013722523,1784.6573781645704,False
917,M2,61.42321860411865,0.7113327630248257,100.61588303631753,13.824568607090823,1796.5405232950186,False
918,M2,62.529014715796976,0.8262363946712331,97.37686345869602,13.920356802870852,1780.3007084143544,False
919,M2,64.23572931423881,0.8099348134755269,101.45253714594173,14.343809518055442,1782.0974084785846,False
920,M2,63.74556455756453,0.8268413685138156,99.56197494125642,14.057215469914654,1814.456361096073,False
921,M2,66.4471005881266,0.8956345622816532,102.98649151598379,15.093020573585305,1779.7248270608102,False
922,M2,67.06938801160602,0.8141659052586651,100.64432146440646,14.744278214414974,1803.0123495556547,False
923,M2,66.34831886592049,0.8086686299867082,102.36053617448741,16.17863992343241,1808.608005243137,False
924,M2,66.05103988347544,0.9099655832851847,100.57433278541889,15.75278369377225,1801.4116469938442,False
925,M2,67.5535471003019,0.8902919075702562,104.42996937167814,16.272104456089117,1816.1087043603943,False
926,M2,66.39984906567749,0.7479802150623321,104.42587612612937,15.178152407869291,1810.6121761259622,False
927,M2,69.39113295910029,0.8721624947441223,101.2915730374747,16.48705125316695,1805.0127836018207,False
928,M2,67.91429361444851,0.9279481120343834,103.35874151187899,16.867327342575244,1813.6127940672825,False
929,M2,68.84934636427136,0.917981154822996,101.72597407452697,16.202568053550326,1809.0350626096142,False
930,M2,68.39543998270969,0.8664078054290613,103.50807162497493,16.601997110961065,1813.444608438054,False
931,M2,68.4389483649434,0.8576565882406124,98.68386544719463,16.111546582654668,1812.2348054347756,False
932,M2,65.84066146097196,0.9052678332256194,100.66498987475967,14.558941327429572,1812.5593252402396,False
933,M2,63.37561817284723,0.8479333989050023,101.41334438078277,13.855136660579564,1782.1993848404863,False
934,M2,63.48782863640801,0.7880600805615139,100.30885326307609,14.82755419099603,1792.418939067888,False
935,M2,66.16498268852129,0.8626434913589992,98.42942700222939,15.510163976984874,1782.024698055152,False
936,M2,63.82969317826749,0.8413142142978305,94.8566922725774,14.935818838148348,1786.327760148374,False
937,M2,62.12095714034339,0.8686312415977286,97.81673154489523,14.463961074564796,1776.1246087018567,False
938,M2,63.18452711153886,0.7984618163698152,97.41000783077442,13.598584864185074,1772.7280798348065,False
939,M2,62.34080668949795,0.8110100653053446,97.0299497653795,14.302248057447608,1790.7835428833089,False
940,M2,61.49139811851939,0.7934515044511937,97.44276097367367,14.977365041722367,1770.6268569015083,False
941,M2,61.35326588145049,0.8159227454533445,100.9222495480007,13.100143423312378,1782.2960691680819,False
942,M2,62.909325754354064,0.8057759294964182,99.73836947218888,14.97313097165597,1774.6176528796625,False
943,M2,62.86249629940037,0.7369283511813358,97.18847163987073,13.586592768986662,1800.7918573366796,False
944,M2,64.7245282902962,0.7651115950542172,102.19598660999824,14.626385853857528,1784.757865236809,False
945,M2,65.12279750128621,0.7656469918664606,98.00664798078908,15.755194054849321,1797.2680302214462,False
946,M2,63.818481945027834,0.8956065651970927,99.83522598372625,14.77788048250597,1803.5831466990437,False
947,M2,66.37807851621466,0.8328886789274415,103.09099703608429,15.08117534360174,1821.2591266866903,False
948,M2,67.16322365777086,0.8027031830665492,103.4504816183537,15.544314119439582,1811.9952791090493,False
949,M2,69.69366990264184,1.075755880528383,101.92772073814491,17.6313752232541,1795.1764142798856,False
950,M2,67.38858076866221,0.7895703076764689,104.87270587275434,16.58695529827893,1797.9277329450758,False
951,M2,66.66941348550357,0.7877537832276773,103.36226197945297,16.02951320780624,1814.3554006251188,False
952,M2,65.36176016402415,0.8506922244608998,99.99254150190953,14.531167825328568,1824.9541800225106,False
953,M2,67.79975962377284,0.9397275568357272,105.4806343925566,16.03502976244453,1830.5937477484333,False
954,M2,66.91658743191222,0.8785870533256108,100.45468102694917,16.106376731513247,1802.8872737109568,False
955,M2,66.76444271272871,0.7822948182887731,102.73770729876145,15.117291190832308,1797.784307186621,False
956,M2,65.64320106463751,0.9013480096320323,98.76427782691458,15.330333002722378,1794.4081163883293,False
957,M2,68.05775243112262,0.9331231309832226,97.0000862885289,16.433719731923375,1801.9565258158668,False
958,M2,65.44497596172432,0.8767999903600252,100.75638603899007,14.8355727565679,1793.419118381578,False
959,M2,62.46036334635192,0.8151726689722026,96.49682469148136,13.067159577183322,1790.0191097634327,False
960,M2,63.44320387173782,0.8721846279532606,102.86166174025044,14.530491719040139,1795.5464955371772,False
961,M2,61.628817475205025,0.7728805049116968,97.86678186034298,13.725180148754678,1792.3094340106084,False
962,M2,62.98039683890494,0.779810846495898,100.88776399280768,14.708703162630837,1765.5787306189513,False
963,M2,61.823733696696536,0.7940231528387232,99.35865464450806,13.34083222260791,1766.4946751050043,False
964,M2,61.51319329841796,0.7320526451449183,101.27265595093755,14.01175287549799,1801.1730788459422,False
965,M2,62.39671686419491,0.7751464742816088,98.92015505215446,14.187254594728664,1784.0461450107584,False
966,M2,61.199410210912205,0.8269528222868878,102.49678627941843,13.11642883023331,1782.516581790537,False
967,M2,64.11142541681305,0.7103709218983428,98.56227287207244,14.01556104978287,1786.892689240157,False
968,M2,63.72644887810809,0.8014671119800182,98.83573863437203,14.736957669255466,1803.0829231719792,False
969,M2,66.14198825216256,0.9261542450846143,99.39138101515132,15.625399311146333,1788.0542836432653,False
970,M2,65.67528662106872,0.8218680545516163,99.53663979637335,15.88796848564224,1812.3242661801207,False
971,M2,69.5852582864846,0.8742974502824828,103.85773811379903,16.549857530595606,1801.5950300932657,False
972,M2,65.5844532619636,0.8391669847979315,98.33158239944467,15.372208211276126,1811.2648333538073,False
973,M2,68.73340226638963,0.9248241000191617,96.8865878093045,16.02822089274618,1808.8668099134093,False
974,M2,66.38508016919077,0.9077128560241344,98.52949250738953,15.427234616099426,1808.234782476638,False
975,M2,68.70174236677836,0.910394688284261,100.50435297327493,15.92953452905046,1794.9355474161919,False
976,M2,68.13018047174754,0.7783390365118678,97.83233096028076,15.4786871101261,1826.038892540373,False
977,M2,69.36328598715995,0.9225050060202982,100.78324959650807,16.689549255166874,1804.4902392154065,False
978,M2,67.6588785617225,0.8879152133145942,99.35856956860896,16.09139819295875,1803.6964528889475,False
979,M2,66.53012547508676,0.8698229996016048,101.51355806626593,14.796552310028714,1804.0006889894314,False
980,M2,65.78949059295181,0.7547289810152337,101.43671139410623,15.870238167010866,1792.0074101205344,False
981,M2,66.19084570203992,0.8551451853847978,100.0372769853963,15.639319810522847,1789.3942681932922,False
982,M2,63.276126071171845,0.8260267606045285,101.22394027425592,14.652167991949762,1778.6635783931347,False
983,M2,64.92939493226164,0.841325941870512,99.50231576097688,15.16276804729525,1787.4337923686387,False
984,M2,62.68617233481085,0.6901382790105128,96.09463568471901,13.44088937326503,1788.355728598124,False
985,M2,61.4070459250147,0.7563941355436056,102.15873228758736,13.217460694793022,1779.4517446048058,False
986,M2,63.120819006348576,0.7959108526997875,100.2041170997669,14.064436080445608,1785.546222751794,False
987,M2,59.950083509302,0.6645665013281649,97.2922594084893,13.214238532741179,1787.4442710529993,False
988,M2,62.7758340435413,0.769214134238511,97.4789000600912,13.451022660197749,1781.081111186649,False
989,M2,60.19343039799588,0.6996099731557642,98.51667826187541,13.206677826171353,1784.377550845876,False
990,M2,63.476999013849564,0.8092059528623126,94.60407784564416,15.26308910895802,1789.4524917999538,False
991,M2,63.6983959815902,0.8565748374365679,96.2641684315228,14.516243968479507,1786.238931480387,False
992,M2,63.41165631314247,0.7638896876769534,99.44688657480123,14.049093516271286,1790.0142834800656,False
993,M2,63.89932419590521,0.8290570310585029,101.73966350539523,13.8407275017498,1810.6373460436012,False
994,M2,66.08694656460646,0.823919760463564,103.93944932656989,14.702843998650355,1799.4787397444468,False
995,M2,64.8334711669957,0.8294892051098299,101.48679783829682,14.574471300984735,1809.4410911506845,False
996,M2,68.56405409487108,0.8767412056423811,104.34733836709368,16.809953324990826,1800.4429841435208,False
997,M2,68.86535697365436,0.8444304400945439,102.0387878279338,16.15610070575494,1810.8585036278625,False
998,M2,68.57796360842119,0.8565500867605211,103.14902814927036,17.099606006240563,1819.5599134193847,False
999,M2,65.71090276789597,0.8876859635360572,101.30966127211734,15.942594957422596,1815.4688868603298,False
1000,M2,69.75259079157232,0.9510485671329921,99.69653925562535,17.081068344163214,1813.5198917664723,False
1001,M2,66.8640311196093,0.8138101009856668,99.52836016423272,14.556949581825842,1819.9341807363076,False
1002,M2,65.72145861546508,0.8581375013623768,102.52041053531835,16.09792185888696,1811.3742647667964,False
1003,M2,65.64119495050635,0.8940089685190893,99.84585968673863,15.118291042966803,1790.3085283572416,False
1004,M2,66.57596653924848,0.7954322832737339,97.94382708431544,15.549124870475971,1807.7280615461887,False
1005,M2,66.34981916590688,0.7804670362822136,100.71526741009941,15.049631310066134,1804.1228617363302,False
1006,M2,64.95525840462189,0.8467832393839366,104.58030767157133,15.293339426886451,1792.8112632073955,False
1007,M2,62.77614839329583,0.8166925411101414,102.20444598622815,15.070119108399892,1794.9415122622263,False
1008,M2,63.70877843628533,0.692278333480281,96.01794389401947,14.078494242791233,1785.1035027873038,False
1009,M2,64.13281391646662,0.7424821338123024,101.01867624391603,15.476412788376434,1790.6539141520643,False
1010,M2,61.56405014494418,0.8179101778895416,100.57224891762647,13.754827612402986,1772.27565347135,False
1011,M2,62.98803907727663,0.8851114869424548,98.26882138728146,14.483429204145033,1784.4790498297668,False
1012,M2,62.6210897762126,0.8220705717575794,99.74297399428426,15.049831935778464,1790.6816207363888,False
1013,M2,63.02480711405024,0.8361851795612167,99.66461214991523,13.917133772234926,1793.6439267972469,False
1014,M2,61.651618071022824,0.7288151880380211,100.33652456259011,13.812285434865737,1798.0120405414693,False
1015,M2,64.93165226175957,0.7920763573679735,98.66645921703696,14.04060914353589,1796.8615268851745,False
1016,M2,62.58238805262391,0.7676304123323727,99.05464637889304,14.410832959628538,1792.6782984489707,False
1017,M2,66.14753083391712,0.8164063724904881,98.5439610567188,15.88275867037647,1788.119025112701,False
1018,M2,65.09346798484036,0.7616567637352301,99.65538276959623,14.261088173751952,1813.0658794118506,False
1019,M2,66.96198180950516,0.8617260353611113,102.29926928604465,14.947001991256446,1802.7330464369431,False
1020,M2,66.36444014778995,0.8795884871520383,102.55900842160732,15.618574544726192,1814.7127926401636,False
1021,M2,66.96278455482177,0.8536253548999823,101.92021562847266,15.97147663428787,1802.7159604631224,False
1022,M2,66.75439386013556,0.8831771878620808,101.83848423733741,16.00080698054677,1815.093314086118,False
1023,M2,67.66729941689935,0.8364576370970933,101.67155230790212,15.467007877214659,1806.8423474191611,False
1024,M2,67.88264700646153,0.7952393843083095,103.43781328367574,15.818418549555426,1804.1930326541428,False
1025,M2,66.7745293940026,0.8753668215208557,100.25717975745663,15.873757848680064,1813.9805963396025,False
1026,M2,64.9718412059065,0.8487231373145152,100.26471654743878,15.378373397754098,1822.8612875328079,False
1027,M2,65.8341580751304,0.7595648811237338,98.66969805185946,14.441443196189315,1811.3470705478755,False
1028,M2,64.45614208523779,0.8511824881854299,98.36388343863076,15.22347272514418,1815.9909896658532,False
1029,M2,64.98197459498549,0.9071607811429291,102.9551108220897,14.793599229734346,1808.024137226101,False
1030,M2,61.911695985538415,0.8197261453501766,98.5844924461567,13.686796700591557,1800.3724025018705,False
1031,M2,64.2997844086229,0.738059935536072,101.18912932181323,13.978951596110488,1788.4456867526144,False
1032,M2,61.59720646894351,0.6846390566435028,95.49394040208163,14.094348282199185,1790.881300926979,False
1033,M2,61.92695407692566,0.7258348102534204,98.06187246836885,13.678592558805217,1796.8084401140807,False
1034,M2,60.03927868049055,0.748425939430444,97.59428461807309,12.816163635767184,1800.714526341579,False
1035,M2,61.466287619594326,0.7622725227219337,99.85808207601896,13.60596735491224,1788.1531735000426,False
1036,M2,62.29806049870179,0.7666292249894903,97.11086754801029,15.518902507671205,1784.1450624628906,False
1037,M2,64.14439145952704,0.7942871939655342,97.98090380367286,14.495409532145693,1795.8783790720865,False
1038,M2,62.248482337057105,0.769708578489603,98.54750018483897,14.040146182001363,1796.0952319708035,False
1039,M2,63.0439904445777,0.7327168231025084,97.88512462190434,14.858130142249943,1786.9190880630329,False
1040,M2,62.7844960093789,0.8138826294030492,102.50922116762297,15.306199470819296,1789.8478651031517,False
1041,M2,67.33530052164765,0.8296738821810898,98.2447502133898,15.991171031592552,1785.7229040681261,False
1042,M2,66.94191860040029,0.8341360069072286,103.07876015700673,15.499747755798698,1789.619779354773,False
1043,M2,67.03094421145686,0.9063071086265532,97.87206105170505,15.865732513711636,1802.5158909079116,False
1044,M2,67.64248260195421,0.8340787578423307,106.29945341609776,15.783699855668532,1811.100421508425,False
1045,M2,67.92578440902074,0.9474036962737329,101.88267020290937,17.00925125995869,1810.5385281514518,False
1046,M2,68.21057999014496,0.745418577197891,103.19592621866109,15.21414794971548,1821.7195640075456,False
1047,M2,67.61307267968382,0.8904723701223072,102.12368352620925,15.71673436818156,1815.3252580800795,False
1048,M2,70.52805993692994,0.8540404649292413,102.96146378132129,17.14834227553242,1825.8961858606685,False
1049,M2,66.39376962895727,0.8526488458441767,101.66983022076163,15.912281502325394,1808.3324424795514,False
1050,M2,66.99462701610082,0.8309363824411137,102.62467780827511,15.663364149021337,1811.1609183589135,False
1051,M2,64.91175161454514,0.8512654532116715,98.20539367864342,14.464885406574957,1825.7885689702664,False
1052,M2,66.33726986371083,0.7978523997376499,100.54328113460622,15.90023725311096,1810.9561551878978,False
1053,M2,64.35709887764303,0.7308158374327925,99.31592033549963,14.719054377572906,1797.1368599206,False
1054,M2,64.88107248750914,0.8005700470875983,100.6352464712869,15.486679267431905,1814.3795263432162,False
1055,M2,63.66406504920646,0.793279953638613,95.14754881502918,14.198495792778102,1801.4454976714555,False
1056,M2,62.018476665788235,0.737956892247637,97.1997557738265,12.95267594221798,1786.3214809854285,False
1057,M2,63.943565510660484,0.7777845352576017,97.41726317118292,14.650893598178929,1780.1827207225763,False
1058,M2,61.86552577609059,0.748904173196911,101.44497539661599,13.994653816723558,1789.7137661318905,False
1059,M2,63.151095566097915,0.7355509013820264,100.08861318299816,13.490241219828299,1774.6754302442284,False
1060,M2,61.705902736549426,0.805043138205948,100.01151802612505,15.295098399798498,1790.1577054883505,False
1061,M2,60.672310189674306,0.6779445520725038,98.19124594961426,13.309815357168505,1798.1163607626045,False
1062,M2,61.82465601121567,0.801409775036278,98.50240944515025,13.636816072543262,1792.8825035785608,False
1063,M2,62.641478705568524,0.7572752167790323,96.80059190763683,14.33026391740398,1810.2179757920599,False
1064,M2,60.138936865482144,0.7677441532995923,97.15361097209421,14.13381781642044,1791.8059387232654,False
1065,M2,64.48813109740408,0.8061970159560712,100.96388983223349,14.976829013660033,1793.5741836224547,False
1066,M2,66.71895011599523,0.921250933751655,102.4237524491925,15.940272422285744,1807.0560733278005,False
1067,M2,65.44466356372988,0.8042086348207991,98.9437760110578,14.913738152391343,1805.2536888851373,False
1068,M2,68.27501928179366,0.8752127329445597,103.1327519120967,15.809256839815545,1818.604457734283,False
1069,M2,68.07692123239424,0.9507681873565401,100.70640497375727,17.140092440574996,1800.4521191499796,False
1070,M2,67.9724621755145,0.7930293097259499,102.35335580319824,16.516375908476068,1825.7186058213947,False
1071,M2,66.81663594763616,0.7807252346129867,101.11045973988583,15.293527948962355,1825.250640513434,False
1072,M2,68.83358877918874,0.9542954138668138,103.58785345359706,16.34989240589442,1811.3089445338405,False
1073,M2,67.93255921292155,0.8734371046713338,101.66793361504102,15.95349843893508,1808.6134638511937,False
1074,M2,68.68809453253732,0.8674167439634755,101.54779221158228,16.859730759030327,1797.524526157239,False
1075,M2,67.9927496658831,0.774172133216912,102.24007245756343,15.599386444631712,1803.8232658433155,False
1076,M2,63.95847158177153,0.791586426426552,100.08494503939662,14.083943662049634,1792.1209867789837,False
1077,M2,64.25652564002532,0.884843116860283,101.02130379364374,15.80594754567313,1793.9699531928513,False
1078,M2,62.663003032944104,0.7979481792769679,98.49809579613812,13.973794921165014,1797.2142327877623,False
1079,M2,63.41736597619031,0.8476854698403078,103.72111302322185,15.491579096393318,1787.2957734349634,False
1080,M2,61.747629753222604,0.7295241567847177,96.29451707058328,13.660816606689691,1782.535272119701,False
1081,M2,60.91638659318521,0.7907050559050243,100.08827915622842,13.681538554680698,1794.362877237168,False
1082,M2,61.63786664776283,0.7604225532434302,97.56749590213228,13.563581994451267,1791.0413094625935,False
1083,M2,63.46289353368588,0.796906656043527,100.22403754248006,14.65754919901414,1778.5874514806703,False
1084,M2,62.539460416428746,0.7645565041664331,97.49021652104194,13.318288286409558,1781.6828250322958,False
1085,M2,64.05251255264717,0.8415845889351963,100.44729573455461,15.345941505089097,1766.472181062372,False
1086,M2,62.257573947696535,0.7582362108002713,103.34231789956894,14.475779414019804,1786.2412122673504,False
1087,M2,62.35013185972047,0.7425382839390603,97.40921883528625,14.06977611314164,1790.1513532175904,False
1088,M2,62.64243690356219,0.7967795975435766,96.65942294656325,13.567921186132086,1809.012506912267,False
1089,M2,65.6587334575297,0.928513293944809,102.74932352004973,15.57478061994817,1808.2818733630845,False
1090,M2,64.3657572685607,0.813795920300748,99.29354117252409,15.099652774881182,1812.102190330854,False
1091,M2,65.79309743770055,0.8298375964099596,97.21355678597143,15.632069374295753,1806.776575321243,False
1092,M2,67.66149665650536,0.8338042640510402,100.98695375672291,15.621195513877323,1817.9228084104805,False
1093,M2,69.53162311990154,0.9596778547345219,99.63734701225788,16.811353355375736,1817.483164770668,False
1094,M2,68.28461692796536,0.8289892466208615,99.888989252686,16.76056577750206,1809.5854327103089,False
1095,M2,67.64389262293999,0.8522187674693175,102.89988599742564,15.910500173918217,1810.7811663211464,False
1096,M2,69.02379051424123,0.9421067424933787,102.19602547809994,17.190631231623282,1815.076875954274,False
1097,M2,66.61369176798704,0.853680406670028,102.70098581505667,15.291479368744222,1819.8513205467245,False
1098,M2,65.01334063854053,0.836581420886958,100.90629455769961,15.874899067653987,1810.2534567104071,False
1099,M2,66.75407274239352,0.7929420060704023,101.34657626428185,15.271354040914519,1805.8785131320878,False
1100,M2,67.526058337578,0.8903578692546057,100.01349245328504,15.999782301300089,1790.1407082736687,False
1101,M2,63.48904024961071,0.6986725490560566,100.32334204856222,13.73755050771562,1804.5301975263017,False
1102,M2,63.126464907158685,0.7919959638242406,101.61629714338436,14.250989556698302,1792.49591618875,False
1103,M2,63.369260791564294,0.7964712496390987,98.39661374092886,14.720217757545267,1789.4521948648005,False
1104,M2,64.38484339735439,0.7517554861195895,102.5706389307067,13.529921034731275,1787.629639344374,False
1105,M2,63.019710919194054,0.7051217064500432,96.89706110509526,12.793640072496581,1801.473548073717,False
1106,M2,59.48077653725702,0.7312735217851593,94.2337929470071,12.342963974626286,1799.4212663918847,False
1107,M2,62.51084802054319,0.780444180210485,96.76879882046669,13.87278011924692,1796.7466948370993,False
1108,M2,64.51761715404812,0.7233236300077166,101.72986370181636,15.188186206085547,1782.3304465671492,False
1109,M2,60.83819996180202,0.7692556339947269,97.63023263449897,13.31997153832668,1803.3727858366742,False
1110,M2,61.52488668624377,0.6703042572912653,98.94638153631175,12.77918779567025,1793.4850374211119,False
1111,M2,60.10164947406343,0.700694165849514,101.99817117238132,12.257782303176814,1799.288503529813,False
1112,M2,63.32010916228016,0.7874560031177191,99.98783889427914,13.85411936464747,1808.2422217524086,False
1113,M2,64.8327703461621,0.7852318905946448,99.91986593020705,14.609166792402423,1806.8910925397195,False
1114,M2,66.59436926252157,0.8122050229463681,98.4180834218776,15.80249017588728,1805.1339673818568,False
1115,M2,64.6775498726749,0.7964481878243631,98.2820226097609,14.891504395149317,1814.9907856512464,False
1116,M2,66.59760521673894,0.8464846309772937,101.38575863707194,16.356348538606678,1823.1502868159937,False
1117,M2,67.42264834800297,0.8217692371159054,103.5893716397663,16.17629636615011,1825.922397915273,False
1118,M2,70.11442587038111,0.9214979075714332,99.69410978803272,16.254489787786582,1810.081402180966,False
1119,M2,68.9479613030714,0.7964726965211003,101.59703452145436,16.81398881269533,1816.5995874831017,False
1120,M2,68.819367759053,0.8424181670507803,99.18244079463913,16.61408095026965,1808.9364869842025,False
1121,M2,67.82063230667377,0.9083846057101828,103.74834213541048,16.376220774897067,1806.8988438938272,False
1122,M2,69.7774380163132,0.7616467551040202,101.6691122482092,16.649720629850854,1818.1587302244945,False
1123,M2,66.64131892401704,0.8508430694287803,100.04027951045684,15.89817256062272,1822.8421291683978,False
1124,M2,65.42802304869656,0.7856920791100879,99.93140292011105,15.24376179572415,1814.576386276081,False
1125,M2,65.01739760801364,0.7343956059173817,103.91598281127176,14.788093574338589,1797.598648628391,False
1126,M2,62.205053799018636,0.7731978750304538,99.48145047673722,14.58514377562688,1805.5852329485404,False
1127,M2,62.98384934517667,0.7806243183237744,104.16714927103989,15.516693317711697,1787.7130778892051,False
1128,M2,64.22490055602803,0.676951887408987,98.26256337398732,14.787647762332154,1793.8992249733146,False
1129,M2,63.48217030665713,0.7829378303151325,97.20866568788705,14.700195687938526,1790.0325317914405,False
1130,M2,63.28988322777189,0.8195994360950013,98.74795027955486,14.137352069722956,1777.2954381489776,False
1131,M2,58.70801942576312,0.683758164224496,100.65249551111008,13.006772466696171,1793.3986700011305,False
1132,M2,60.36872734200971,0.7330116418746139,97.31235727721817,14.258595891665587,1796.4067467089453,False
1133,M2,59.44677412338662,0.6638588013975874,98.18876724653792,13.225905906569183,1783.7788757832946,False
1134,M2,61.4849335598777,0.7269463807404001,102.03743404685349,13.937246788278427,1793.9899092016801,False
1135,M2,63.80946295066693,0.8138546648640744,101.90482053860399,15.308624618646983,1802.113515545365,False
1136,M2,64.77402211169938,0.8102991481134664,100.69282599363136,14.659985491046411,1804.0516255573546,False
1137,M2,66.14977881566924,0.7533810146941224,99.64022214209696,15.564481661535432,1791.4389537756256,False
1138,M2,65.820147298252,0.8143898118008915,97.42325651545423,15.253690875065072,1799.8064842028966,False
1139,M2,67.27583566871027,0.8501538212340165,100.1802570450012,15.389638060679454,1802.599688232908,False
1140,M2,65.81386955946324,0.8447090920055581,102.22455467541008,15.416790198639136,1818.2365598626584,False
1141,M2,65.67168668584533,0.7692641059993107,100.74230406505096,15.362938142516429,1801.6919643670126,False
1142,M2,68.67385568169752,0.83735329726689,101.91098017315765,16.245290192806568,1817.8935794690715,False
1143,M2,68.16372238225337,0.8746542207695269,100.31652276969385,15.924336534260418,1821.8647231114585,False
1144,M2,67.20858459746734,0.8691159648729769,101.74714345331599,15.862086185913258,1811.6623899428798,False
1145,M2,65.95235386957057,0.8769057031902686,101.4213168636747,14.738857748449949,1818.078886393074,False
1146,M2,69.52838047925685,0.8606747769638121,103.8004514679067,16.16525266491183,1807.0302219649302,False
1147,M2,63.384343432375445,0.7326320993785979,100.99310530294736,14.335401437757124,1801.190269324421,False
1148,M2,65.52509298502561,0.8246798772524094,101.27530627319202,15.189612408438165,1791.5393574032043,False
1149,M2,65.77801293099999,0.8030537191430469,99.9273196864815,15.680560164516411,1793.9411715019712,False
1150,M2,62.239765386124255,0.7453307563300963,99.338624127675,13.913658487159367,1802.7903513703334,False
1151,M2,65.20867252750838,0.7971648212612926,100.44693012864126,15.489787290195185,1790.9375244640355,False
1152,M2,63.82994236050549,0.8148806933151339,99.01410519856583,14.554566396811234,1788.131191679094,False
1153,M2,63.25262656401286,0.6830168805280584,98.17882229196421,13.238433196743209,1788.0792670450985,False
1154,M2,61.68238348528748,0.6749800406719941,98.96246016189507,14.05114397323785,1786.3509645309762,False
1155,M2,63.4413242971734,0.7877956796442062,99.33971508409239,14.635390115174852,1769.4274814436578,False
1156,M2,60.24180983787265,0.736106079879736,99.5636967418968,14.846224697599995,1792.217438843547,False
1157,M2,60.87106842580517,0.7438185398551558,98.17810687928424,14.262188499564443,1791.49361668671,False
1158,M2,62.45167153614885,0.7744656923210499,96.52899338579171,14.351563057492873,1795.372531064681,False
1159,M2,64.89818228388671,0.7747631744114177,99.77509258979711,14.934877298022739,1797.0452082082252,False
1160,M2,62.18203246368783,0.7655882530711369,98.7166891149683,13.350037557613003,1803.992259052131,False
1161,M2,65.95813791418041,0.8128710022411855,102.13164111817983,15.886318887849127,1809.579808305492,False
1162,M2,64.55265041260556,0.7432353520058544,98.28010701250967,13.986433126900831,1811.7307572840941,False
1163,M2,64.20940790651986,0.7104384848936988,99.58665968762793,14.886941067110891,1819.1940540652863,False
1164,M2,67.48495170972316,0.8554409812976685,101.76915769238853,16.32864664859209,1822.6074558665168,False
1165,M2,69.0154042635884,0.8161651633479325,103.87126484570958,16.367985463369962,1800.6570002443073,False
1166,M2,67.98473350591796,0.7933536430074104,102.22487053496945,15.611467126277152,1814.5525421611378,False
1167,M2,68.00739483887747,0.8599097145517369,103.30046276066975,16.83787401529099,1812.4439201779326,False
1168,M2,68.47757742734146,0.8231259394264124,102.59984600815443,15.61241993246367,1817.3835121715786,False
1169,M2,67.08788264804393,0.7580984256828973,102.49803230332112,15.836235029892197,1802.0409704602107,False
1170,M2,66.99380641212636,0.8008101786463234,104.4489884411487,15.663665801411238,1808.0774396485135,False
1171,M2,64.38771304808141,0.7008482528321311,100.73625567932734,14.611862683318755,1805.6534096044154,False
1172,M2,67.08325857874127,0.7766492438942055,99.66555674419682,16.029682715135795,1810.013825781428,False
1173,M2,61.81955920319807,0.7191478203168671,100.29490056484035,13.790844540695957,1816.7572394667789,False
1174,M2,63.17007343930656,0.7977797947086869,99.83116542311596,14.254840534302758,1790.9337973912457,False
1175,M2,62.57831102359383,0.7432124114574904,98.79922289099184,14.115908473636242,1789.6838693328582,False
1176,M2,63.09695729903257,0.7359372948410915,96.96152488552654,13.734763114021973,1790.2048544016527,False
1177,M2,62.01271074774067,0.7752351810150943,101.30684372714066,14.369130273451216,1787.6264398160224,False
1178,M2,61.48221886751369,0.7256920216915291,98.05348382595385,13.864094403156658,1802.0516362393664,False
1179,M2,61.956138631565146,0.7423018726722405,95.3843348487889,14.296638246850112,1785.0220918970485,False
1180,M2,61.681421663893424,0.7029084863688201,97.06573226921249,13.150880556631423,1778.2867205526056,False
1181,M2,61.728985454861636,0.7029191601204388,95.5841113798152,12.776420284396698,1795.6379651206805,False
1182,M2,62.71503988675856,0.8264408878138741,96.99035336422321,15.535016431003601,1789.4903908081076,False
1183,M2,62.28506829442265,0.8193302289915789,97.99321670394578,13.956659660742162,1808.2694401162241,False
1184,M2,63.06454200613167,0.7720447388422713,101.22166937659044,12.990582836706974,1800.0183007335888,False
1185,M2,65.46598587058503,0.7110264765372583,102.92340071537157,14.477116774229096,1784.9350348229398,False
1186,M2,67.45858740960345,0.7886202975030742,100.49098784726633,15.947274190833292,1798.9643637066115,False
1187,M2,66.59666556479804,0.7867084750481207,98.91474206550986,15.044097412869105,1798.6692010433637,False
1188,M2,66.84974990248664,0.8477969448172822,101.20317008927806,15.431274790985114,1815.8983639220157,False
1189,M2,67.80352180482362,0.8805731135720588,102.56466282372688,16.457707217603783,1796.6622983397933,False
1190,M2,69.25661069905121,0.8445563670804234,102.24735908649448,16.31362754028771,1811.0418575421897,False
1191,M2,69.98896432132362,0.9237696889518577,102.18266501306681,17.07291474987846,1806.285909303958,False
1192,M2,67.69737220315488,0.9043537371928239,101.6030583890511,17.016477655670695,1821.2222477042174,False
1193,M2,65.67904421153627,0.8095964703261324,101.65951877868315,15.644478681265609,1819.3984279602673,False
1194,M2,67.70007677312533,0.7846752876946275,99.62066418885087,15.534851783632813,1815.5224034494142,False
1195,M2,64.36128966077591,0.720043100849966,99.9113151344997,13.578862575653536,1823.3022467362248,False
1196,M2,66.10422872766136,0.7097533668999486,99.51674779751218,14.319104321090032,1803.903523293663,False
1197,M2,65.2423078086212,0.8264547298546032,101.23705507670398,15.253852742285563,1795.8197799685895,False
1198,M2,65.50102555350409,0.7384128822436655,101.63913998329613,14.95210890555321,1792.8048420276643,False
1199,M2,61.430625197817264,0.705835357405753,94.06399526953486,13.76365985349253,1805.1682451726192,False
1200,M2,64.14235806584102,0.6758241337642746,101.11148865371756,13.969444097315693,1787.6641008783654,False
1201,M2,62.15122345914468,0.7461266994623312,100.57627300369782,13.649640640660756,1795.5357668385288,False
1202,M2,60.88460181556755,0.7029202041350764,96.42913265712376,13.326116515297123,1780.8750393205132,False
1203,M2,64.00866492395869,0.7778579839276063,95.68365221781697,14.873143741003672,1776.2472149342561,False
1204,M2,61.346935986794726,0.695925458809523,100.17625002356284,13.214581223243275,1784.8383388870564,False
1205,M2,61.21375335938518,0.6725324028003785,95.76114787255364,12.457923855303177,1780.5099758299882,False
1206,M2,62.38864066261384,0.7561588524397662,98.36422524224763,13.82496805247594,1814.7914658725806,False
1207,M2,64.11200457036793,0.7081389927093078,100.46426070412979,14.492981568476177,1807.4837273840603,False
1208,M2,64.85627633261352,0.8873118107731978,98.2389246961701,15.48087752936295,1775.220683877391,False
1209,M2,64.0730156980808,0.8393748592463308,100.82527577254379,14.162859785853204,1808.7254320099514,False
1210,M2,66.37543722727553,0.8299649890497595,101.61541207580706,16.00682908846815,1797.1566447989646,False
1211,M2,67.6828365125237,0.848359482048342,99.8501835313938,16.12865031390779,1804.152616652054,False
1212,M2,70.02905804114356,0.8583513108260742,100.3948004296698,16.799319715226645,1822.0497377071122,False
1213,M2,68.53656243009411,0.899301021301204,99.62634966182897,16.568214318451652,1803.3220493359777,False
1214,M2,67.96193763827362,0.8368378233433473,103.33061035344647,16.666097891279854,1808.6222788625234,False
1215,M2,69.11804677994456,0.7896465468053326,102.27722489303103,17.154515171566665,1833.2088068096325,False
1216,M2,68.85820231227466,0.8643039503282762,103.03871494646867,17.454650757678845,1816.1569060490192,False
1217,M2,66.95713356128579,0.8426986008074951,102.62839303699714,16.153100333694532,1796.3334400559074,False
1218,M2,68.27970870817856,0.855401807866324,99.16299323212444,16.111002497150526,1807.2479366007424,False
1219,M2,66.06817865452804,0.7894184294717023,101.39174823170052,15.112949642846504,1810.376292286891,False
1220,M2,66.88849818471195,0.7096525113961248,101.4981528179927,14.489732526428163,1808.3558717642925,False
1221,M2,64.95734955429755,0.754118954259903,99.40718796877644,14.761298474781606,1798.148514186979,False
1222,M2,65.79046337539924,0.8710997040842551,98.30735921064742,16.136087722964202,1806.5055935360272,False
1223,M2,63.046422099783825,0.7161370713477568,100.99219827849214,13.45426247148461,1806.6603291500476,False
1224,M2,61.363560988022606,0.7306478406151096,99.20038180813134,13.737636206860312,1787.4140569104002,False
1225,M2,63.708250678912385,0.7971785644119674,97.52481734040227,14.940089048042681,1784.4164791413586,False
1226,M2,62.44055884800867,0.8040509998137082,99.03618900606324,13.742447127247228,1786.1779713054605,False
1227,M2,60.2520236210037,0.7470631713702082,99.83311008035179,13.083657122792303,1786.914973673778,False
1228,M2,62.01592080424477,0.7914742048300444,95.92685454075624,13.61550639978204,1789.6673335829637,False
1229,M2,62.05854667670054,0.8337484386593408,91.45489480991496,15.26612364118453,1782.87187984033,False
1230,M2,65.06298106223582,0.7928723037012166,102.5509194879174,15.331107676279547,1789.3713130696883,False
1231,M2,63.07329961451496,0.7896437409312296,100.20243766400844,14.67722544570938,1787.1424030498144,False
1232,M2,64.27291926850458,0.7241579501807248,99.88037600439029,14.943916928179076,1797.9082201460915,False
1233,M2,64.88191295325613,0.831967531257181,99.50544222362866,13.608753366012513,1811.0471906560847,False
1234,M2,67.53701093365054,0.8656230690663101,97.45779800664575,16.35601855644711,1812.541760686111,False
1235,M2,67.22644730910245,0.7476853166844256,100.1447563267595,15.77657774941849,1810.2338603860264,False
1236,M2,67.77713328897661,0.8011159853901604,99.67939004365057,16.203589523188555,1803.7972501104512,False
1237,M2,67.1402317396481,0.8459674989228306,102.26913643567147,16.089172898934567,1814.8749007039144,False
1238,M2,69.08647160395694,0.8024020389052553,102.89953154946527,16.785871843529446,1814.068585698784,False
1239,M2,68.30972112164774,0.848200975103836,100.40225384794375,15.787907714484895,1811.9143767447217,False
1240,M2,70.65134494025452,0.9271821433968536,100.29293729346695,17.353178710370877,1817.4745223989153,False
1241,M2,67.12152485283312,0.7774373738072593,99.03388175768838,15.512700920292055,1810.4350157970264,False
1242,M2,66.41151574576898,0.6942747682108038,102.88900669098106,15.317185242158343,1821.2920262861862,False
1243,M2,65.17283859662395,0.7241889133089425,99.57793108158657,15.11545144145438,1820.051344116803,False
1244,M2,65.09252217344583,0.8348242295635878,103.65915494899237,15.162404031517832,1796.488123479772,False
1245,M2,65.43605958867663,0.7507851942915699,100.15445298081852,15.0201809653547,1781.3494914783068,False
1246,M2,62.88715720266301,0.7608772149450488,100.1835879209342,14.523522895841324,1787.7074307523285,False
1247,M2,64.84162494690115,0.8005149971929065,101.48062933696438,14.674002485598466,1793.5762909022178,False
1248,M2,61.441903948096225,0.6948995976236064,98.87975994919057,13.741406277578278,1792.396951659196,False
1249,M2,62.11387426235953,0.7453876546863726,97.80356884222208,13.57447665991598,1795.0130160932642,False
1250,M2,62.10132313596777,0.6884521823156249,100.28452253089417,13.88757598183464,1794.8172106649456,False
1251,M2,64.16439229956103,0.7866101297966375,96.39554272162192,14.927380573056734,1779.99130507329,False
1252,M2,59.97069693237645,0.7148357760409237,96.7485672426466,12.889253910470199,1781.672887158998,False
1253,M2,63.028279743667994,0.836176981161872,98.16568472864223,14.598448038174924,1800.233357718605,False
1254,M2,59.74606408029952,0.7129160437334875,97.58130146580818,12.350795367703217,1797.585656136111,False
1255,M2,64.06010461475975,0.8741112483173796,99.30767061940958,15.550093651870325,1780.102640290166,False
1256,M2,65.53112846278101,0.8729112304668508,100.53727298872643,15.531873277663735,1785.5302080995484,False
1257,M2,64.05172964842153,0.7838231704650577,99.20417852541928,13.182468786182108,1778.5300167148046,False
1258,M2,64.99761475014425,0.8057651566549552,100.74635814888035,15.439244436656546,1812.3849251224985,False
1259,M2,66.57117607988887,0.896032470521686,104.53305132784239,15.69041766451022,1795.1954150214337,False
1260,M2,67.33411815314116,0.7827826981807955,99.52330664085414,15.875254667413799,1809.4844031039552,False
1261,M2,67.03491650975545,0.7951845811923017,102.2211676084183,15.590562706869363,1817.1086983475277,False
1262,M2,67.8671683611263,0.8163498642987141,102.0013427310081,17.25284237242889,1803.480530593268,False
1263,M2,67.6717920918915,0.7596215966432445,101.38940935473762,16.550848562654707,1817.6297774423585,False
1264,M2,68.32842612595977,0.8097469082658881,100.75697988630799,17.062666009606698,1808.045300347517,False
1265,M2,68.74273632573575,0.8547886594900245,99.5958997756166,16.04773404261368,1814.9445662890573,False
1266,M2,67.20168403831194,0.7636738840568708,105.42866838323897,15.207433267527199,1814.2991123263637,False
1267,M2,67.47061952553872,0.7929490593532735,99.76530145310352,15.391694915494552,1795.298944755206,False
1268,M2,66.62133550797941,0.7592365145461871,101.04757275129306,14.802130244658393,1793.4691084048868,False
1269,M2,66.49402046317321,0.8104919245851295,99.77870771842333,15.822440591690828,1803.2237180714549,False
1270,M2,66.26838177741418,0.8062277741484513,99.37203305540172,16.398366909619977,1783.3360391723747,False
1271,M2,63.30462911085365,0.727542508038919,100.35078401483642,15.234057100805419,1799.9249219940732,False
1272,M2,64.33012179607329,0.7450344653325984,96.64929925126944,14.050752817808899,1793.0994368529502,False
1273,M2,63.78261704785352,0.8135057979010534,99.7454837581946,15.338674036848106,1801.329820221917,False
1274,M2,62.723628212231745,0.7290545715607789,96.91152607132102,13.994260680520338,1802.3806876527287,False
1275,M2,61.431680829259506,0.7110691589920024,98.07161590668389,13.527083087009375,1801.941320977394,False
1276,M2,63.08915420031604,0.7237035918164307,101.6706746003382,13.428504293815122,1785.555675713554,False
1277,M2,61.597359271043054,0.7667517288026969,98.15256072162644,13.489083419630512,1779.3250317894933,False
1278,M2,61.345852049444986,0.6818684742060462,96.22503697498226,14.66476108411401,1790.2012600865148,False
1279,M2,65.11679786600338,0.6946833447859034,97.05689556996248,14.77758770169954,1796.469212910025,False
1280,M2,64.20947353760249,0.6990744205454151,101.1399942983366,15.167960141520032,1799.090668760337,False
1281,M2,65.70219180951366,0.7831691839304669,100.18135004373107,13.918958100456484,1808.390138919281,False
1282,M2,65.54084358010408,0.8100126030579669,102.5367871933988,15.464782557112045,1798.0945977016916,False
1283,M2,68.04538983683284,0.7817584940833966,101.66319428113444,16.443039764048134,1806.08638171426,False
1284,M2,69.18160357143061,0.8605673975135217,101.79510896857832,17.166892226471965,1808.5706468292915,False
1285,M2,67.04051725282491,0.8058352967643619,100.05097477155917,16.058442477307505,1815.7681817079003,False
1286,M2,67.34301608760057,0.8275483463474069,99.70348890841241,15.88055576558066,1816.2535585111996,False
1287,M2,69.35869847129487,0.8193945629561785,102.47482674066252,16.364512846383942,1811.5718696817964,False
1288,M2,65.77796813135845,0.7473259682309469,102.42570901022385,15.178303756121714,1821.4996458373662,False
1289,M2,67.49999105081987,0.8334679341237511,101.31634328716831,15.429641902482444,1826.7815328779454,False
1290,M2,66.03740551718857,0.865186880271595,102.9207276421385,16.779566214192478,1812.9221062671143,False
1291,M2,66.92530528573964,0.8107252201113259,99.2956212890614,16.064260902943843,1811.9731220676993,False
1292,M2,67.19467443310188,0.813613613843881,98.99701187803629,16.777243809300213,1802.8547683970291,False
1293,M2,65.38565423493581,0.8128373913149998,103.37763693113783,15.842339055681983,1790.1936558812542,False
1294,M2,62.63129815787075,0.7624043521092945,100.94662027640881,14.398511008782904,1799.3042335046637,False
1295,M2,63.56786456330051,0.7188586793867713,99.06963920975595,14.944269663147516,1807.560854360776,False
1296,M2,64.16598265055916,0.7562813763375582,98.97216031292889,13.87247382551287,1781.3157043664662,False
1297,M2,62.85630599266325,0.7331891956041746,97.20080373687912,13.951418806334805,1784.1562099076716,False
1298,M2,62.83077832288472,0.7161742835595404,100.52113289466635,14.418975105644321,1796.335407220576,False
1299,M2,61.90200901912179,0.7243344087425843,97.2141327812364,13.933654056697927,1795.9642595775554,False
1300,M2,61.677709722318355,0.787046132564292,97.19454556810616,12.744202297889753,1790.7341317774906,False
1301,M2,60.39966144807685,0.6561426948951465,97.11004924594954,12.84001329239491,1785.3409518120088,False
1302,M2,64.93809262013022,0.7470787154952195,97.80510215851596,15.147275805682339,1785.2477677153017,False
1303,M2,62.84996961785892,0.66245241099929,98.91849764503844,14.341911834959655,1792.2397676231772,False
1304,M2,65.1617431076703,0.8047838004884533,99.5145854635501,13.950335521897797,1807.4025994566214,False
1305,M2,62.966395441871285,0.7614514605378717,99.17535405745609,13.812473154962603,1799.1227010462092,False
1306,M2,65.78699410396298,0.7848063132033142,101.40146274846082,15.945202758355688,1799.6355769514028,False
1307,M2,65.69633930004167,0.8412858281820422,101.42989684482572,14.61971461153402,1822.3914488992452,False
1308,M2,68.77058382231897,0.8705994826691923,101.22506863116276,16.7421756587699,1804.245238510869,False
1309,M2,66.9724798654614,0.811457229267132,101.68407077782231,15.818986026288469,1818.7849896043,False
1310,M2,69.38279567531846,0.8777124013480643,101.14287903317616,16.637661347048105,1805.5419030917021,False
1311,M2,69.23980331980545,0.8793825559413929,103.18556017591483,17.2622463365176,1827.8259502558112,False
1312,M2,66.07632739148212,0.8762989395903628,102.27714871003623,15.923255364197999,1818.980234732473,False
1313,M2,68.04199144590787,0.7772459787534587,105.13342014599125,16.59535877797547,1808.4496938965365,False
1314,M2,65.656468544151,0.8778880111598338,102.06807335266764,15.868208538720545,1799.8709357990285,False
1315,M2,65.16046909732113,0.7100983379126842,98.75907258890003,14.700327514780033,1807.4938399948426,False
1316,M2,64.75200436796224,0.8225939032429466,101.20933877522046,14.260104503666447,1796.708644301736,False
1317,M2,65.70291626230909,0.8281743663925192,100.39318611021591,16.077474469976284,1793.3704884907195,False
1318,M2,62.323228729916444,0.7368965979416332,98.50869736558957,13.298265410783525,1794.260228512499,False
1319,M2,64.93597433922524,0.7089460155900791,103.1302088284384,14.227812509263066,1789.3563151493775,False
1320,M2,62.24433471059027,0.6931156819130427,99.77081381774289,12.87326478128039,1791.965013309078,False
1321,M2,62.74935181379149,0.7667764840773383,96.9838279483046,14.12709016045546,1781.2334051250477,False
1322,M2,60.043968528589936,0.722121822068092,100.63960275308415,12.534664635184475,1782.6173087970462,False
1323,M2,60.84914689857371,0.8098724910637619,98.57811356845843,14.074188028375708,1779.3506482156968,False
1324,M2,61.75534300519176,0.7142740585452034,98.78621161278572,14.144489017091278,1785.1500086737362,False
1325,M2,62.71961059769041,0.7368676507378528,95.54576709586362,14.198670934343555,1803.9930352990548,False
1326,M2,63.48563496877051,0.7616859578067101,100.14186586557662,14.48307168209427,1800.9067617922049,False
1327,M2,62.06070814069639,0.7315456892303599,98.73013809364615,13.9070381657622,1799.8684472212917,False
1328,M2,64.30732198513282,0.8129350213513568,98.93402470418671,15.537202925771775,1794.496756848715,False
1329,M2,63.90769074787708,0.7467895348726508,101.80624750183831,14.158398945531454,1796.2085122311325,False
1330,M2,66.46904131083012,0.8422959109049276,98.85861235407985,15.665669148766169,1796.0741390522621,False
1331,M2,65.8626844313427,0.7593344378349284,101.74291910579821,15.831861226754011,1805.7186246151855,False
1332,M2,68.29984484073314,0.8491539255000113,102.36580340060978,16.819141414568247,1818.2920603086384,False
1333,M2,67.29280825912942,0.8583137113611427,99.86600490781927,16.157643139301644,1816.412127489929,False
1334,M2,65.81696202730026,0.7749470805127772,104.04784743027629,15.694546174066264,1809.475942401559,False
1335,M2,68.71058543241874,0.8144015548841296,101.24571881206768,15.775833817244264,1812.8693835595193,False
1336,M2,66.94215881775736,0.8769709315141333,101.15091408985211,17.05131690559057,1815.1596702918291,False
1337,M2,67.0345042596408,0.852070083502116,102.08444698714808,16.236445769090718,1802.8469193600233,False
1338,M2,66.89188031058427,0.8089767012993467,100.67575143337702,15.664010355504606,1822.6834509226,False
1339,M2,65.21218254650596,0.8924433517678227,99.2364175270925,15.934577325485815,1816.484342344782,False
1340,M2,64.16377143367502,0.7659319992617134,99.50676881744579,14.59557154332131,1815.6635439104775,False
1341,M2,64.32011413583196,0.8470822885923622,99.53559687197821,14.822067942389742,1801.5325458921545,False
1342,M2,63.838840852808616,0.75495941275718,96.80450116630577,14.3948433882179,1802.381030968344,False
1343,M2,65.73451957062042,0.7921133892944645,99.32851835076318,15.306901663561497,1784.5459543970485,False
1344,M2,64.38331988983731,0.7518707131878447,100.32388326302527,14.306019590442778,1800.742290986722,False
1345,M2,62.496781368060624,0.7689373619555123,100.28199597310024,13.861242859837532,1799.2018883152734,False
1346,M2,61.795854309729734,0.754994133577615,98.83967999195615,13.167095876350805,1776.876092636676,False
1347,M2,61.772918943977515,0.7071209363100749,99.22240892511931,14.135679713271704,1784.7618495246052,False
1348,M2,62.223404541188174,0.7759409186243,99.91204412236051,14.11066162128643,1792.81499252224,False
1349,M2,63.455211752934794,0.817980082696623,98.55756659519112,14.579551362527376,1783.3716820033783,False
1350,M2,63.27743697091321,0.7790561570888306,101.2211250275517,14.358918138440092,1789.8559922411412,False
1351,M2,63.71756275231729,0.7333088671027257,98.27199775046653,14.441996286445411,1779.8238064555912,False
1352,M2,64.93272404282179,0.7999462684012156,98.62207377792272,15.207344268570308,1807.976609980777,False
1353,M2,65.51254443552233,0.8416715715570907,100.69839957089137,15.084474395144673,1798.327041750857,False
1354,M2,65.83492995531098,0.7479755269522924,101.51824207557982,15.969109385647624,1796.7954334961264,False
1355,M2,64.33173855967179,0.7492567413817623,99.31191489044046,15.01294284450727,1809.5235946380587,False
1356,M2,67.01308673687095,0.8807483747965983,101.43571655635012,16.27775797164852,1811.0288362716126,False
1357,M2,67.44495731387786,0.860020360479593,103.68360489688533,16.189705052362605,1824.0953483273177,False
1358,M2,67.47471104236841,0.9120281729464189,103.67975380427796,16.234017443409012,1812.9098118294703,False
1359,M2,68.14329878221987,0.8348463937011535,104.75704179006239,16.64438942063222,1799.454322607302,False
1360,M2,71.91534561114025,0.945047718505549,105.40836383259615,18.395259758415893,1803.8974778599259,False
1361,M2,65.96270351603211,0.8237597382510792,101.63610051693712,15.532883695281116,1821.0943469592908,False
1362,M2,66.04251553231471,0.7582200827253519,99.65912607887067,15.217521488420982,1818.9469752411303,False
1363,M2,64.301039090067,0.8085637381621523,101.0858410138307,14.272177544128157,1813.4738495411407,False
1364,M2,66.58842071399933,0.8255551061203436,102.64146600798287,15.802544120639721,1804.3608799655913,False
1365,M2,65.0100376881984,0.8607368916382191,97.22452668901909,15.061413601623896,1796.8306601429038,False
1366,M2,65.18466433794751,0.764690082799512,96.16818510050555,15.999835606280971,1797.5354400345498,False
1367,M2,61.15821515090393,0.7395659178793391,101.10185806130573,13.9057511263926,1808.5899756724898,False
1368,M2,61.335700261226584,0.7633494167899744,97.45292224592913,14.149549221476716,1786.945855760865,False
1369,M2,63.83833394057298,0.7949686719821252,98.58582013876844,14.270292917098548,1792.7265802399422,False
1370,M2,62.692000232819545,0.761157659046889,99.7884929055286,14.20419178739641,1788.55446844757,False
1371,M2,62.33533922142346,0.7111269540984795,98.78477888044291,13.458798573793647,1776.8190124480195,False
1372,M2,62.21972602992061,0.7598264713331517,98.6495421056121,12.93094899478326,1792.6484005594323,False
1373,M2,62.969400255870255,0.7823391505336104,96.99543989453407,13.437097101169586,1779.7461285588893,False
1374,M2,64.33614402320147,0.835774412667434,101.62283432161311,14.642973173640943,1775.2198836318712,False
1375,M2,64.04493369232364,0.7390822054148443,102.41275845608557,14.41475350241299,1777.8769175489133,False
1376,M2,63.708642382455174,0.758552887364158,99.43535503703794,14.365045528369473,1805.3792476636481,False
1377,M2,64.00169588836174,0.7313099046134368,100.94563492057783,14.498795516677367,1785.6514220727368,False
1378,M2,65.87628747051126,0.7585337562593024,96.65884674540037,14.826489203864716,1805.3466612254513,False
1379,M2,66.62347314545104,0.8507238832351324,102.94525245185476,15.346133906891465,1800.5756341620147,False
1380,M2,66.89494847266873,0.8005682130945738,102.25069104980794,15.30811770241667,1813.39319948361,False
1381,M2,67.43295221168232,0.8971272896802578,102.12098860491885,16.323330604949454,1808.0681517574872,False
1382,M2,69.51818888322003,0.8746789371619371,104.04225436629514,16.94734823163685,1808.9847380349145,False
1383,M2,67.85599555635211,0.8108504776137798,103.44943365111193,16.329744887417153,1816.1774477267884,False
1384,M2,67.16055110151675,0.8815965323465584,101.36341021631611,16.846371053050884,1805.43719388421,False
1385,M2,67.08717455569756,0.8854313617361592,102.21495999743047,16.231466317852323,1809.4226806765778,False
1386,M2,66.24727280503967,0.9298634678026693,100.51942355015483,16.31339853072564,1823.6242017691047,False
1387,M2,65.31994324022963,0.6880351375212682,100.17471672692615,14.890073456571859,1796.2907993145334,False
1388,M2,64.74298020852378,0.7778188693145243,98.67554851583112,14.876473271425196,1808.0243759032433,False
1389,M2,65.04116039242346,0.8359915035825597,100.11828718200184,15.033551832971405,1806.4864301577854,False
1390,M2,63.12587429135812,0.7948659824360635,99.76397938841177,14.365532604960626,1789.3543594053635,False
1391,M2,65.70750761726018,0.9051480709595573,95.95207022623593,15.426201151643962,1800.1016424364357,False
1392,M2,61.45771510303098,0.7543801218805951,97.21002935561478,13.702021134024639,1787.4106456746704,False
1393,M2,65.1412402010153,0.8403388598588415,101.21998320539011,15.029636173679776,1790.3394000390983,False
1394,M2,60.73505983524504,0.6943156751719223,98.21064265553876,13.383307975681364,1806.059374250736,False
1395,M2,60.84863732018904,0.6614243938476119,96.6737874169446,13.959109886715968,1780.417276694528,False
1396,M2,63.33585347532013,0.6740756189485341,95.69927964210456,14.051023532564631,1780.6620153684732,False
1397,M2,62.93959799337291,0.7090905178806246,99.29172355487238,13.715341365520677,1790.8011386606947,False
1398,M2,63.26697468823352,0.7049740159352399,99.5367013935741,15.051660568800937,1790.6469217755719,False
1399,M2,63.77601049617005,0.8127817133384403,98.02022961578595,14.212494973372106,1776.6541413016987,False
1400,M2,65.29634333544766,0.7860822165460254,99.52745225972204,14.649901650648923,1798.979172351668,False
1401,M2,64.40590709941341,0.7208524650220597,102.21682237106398,13.837155372770118,1807.6684790614324,False
1402,M2,65.72617232610209,0.8286729397652927,97.42360371574796,15.865871926967953,1809.9589757926321,False
1403,M2,67.97606450994836,0.9414319741017885,100.87530409336621,15.966802990555179,1797.4660078943257,False
1404,M2,67.80136202097484,0.861149167283058,100.39490399263029,16.8269161732886,1801.015224621281,False
1405,M2,67.72506197280316,0.8194486771550101,101.73786860658264,16.744746794442552,1808.0344191218617,False
1406,M2,68.1514794184373,0.8180839168836792,99.52852458915879,15.753604739200064,1809.404983773633,False
1407,M2,68.00431079979454,0.8635063454863012,99.80756743647876,16.515626271572195,1810.470846130754,False
1408,M2,66.61457417407033,0.8667111884161482,100.0773126967322,15.595830920312725,1823.8498490240977,False
1409,M2,69.41564753886725,0.9216863184416847,103.31531035269498,16.87147015719339,1804.4173269572134,False
1410,M2,66.89274272479176,0.8773511574341538,100.74906961100123,15.69978804718048,1809.8332521280458,False
1411,M2,68.24642443109657,0.8756988089273383,101.17127386998516,16.117800880459118,1808.2188174970713,False
1412,M2,65.48557715732338,0.7796332299368075,99.3399872165131,14.12796858467564,1802.5657426272355,False
1413,M2,64.72032091276654,0.7294926484618183,98.89095511474932,14.877705843184645,1801.5725164137455,False
1414,M2,63.6356339690585,0.7944514938814708,97.84336100777412,14.615976001462208,1799.194021917741,False
1415,M2,63.60985595290522,0.8244345007821962,101.37518764081622,15.430794600687056,1819.9066499338671,False
1416,M2,62.01623774222457,0.7576418269603965,100.78230073978649,14.481885432250719,1788.98032136286,False
1417,M2,61.85476989226364,0.7623992701637257,101.9897175984552,13.81359321546835,1775.977206119228,False
1418,M2,61.77230021887471,0.717458486751557,98.4151423901667,13.801573532697153,1781.883863641942,False
1419,M2,61.30592556927713,0.7267143476253975,98.08114335592403,13.506231801994382,1769.2100424960304,False
1420,M2,61.804350526426546,0.8103568346394455,98.81333651578781,13.49911094736428,1773.1488326228066,False
1421,M2,61.66958828487624,0.706914072553557,99.13621571303682,13.144901312757096,1788.9121746474839,False
1422,M2,62.512085058725845,0.7805502368730584,98.3746579792001,14.207871694796285,1773.5176745004012,False
1423,M2,65.08092691157522,0.8003368633975151,96.79141459552021,15.19397561984508,1789.4660433305683,False
1424,M2,64.66237810077098,0.7857577758184364,100.77827056888637,15.250687380267278,1792.702714604706,False
1425,M2,63.683725995909136,0.8292453803107758,98.36456394225326,14.754241602935652,1803.5848035588813,False
1426,M2,66.49244349446994,0.7712576709949419,99.07386901372904,16.32848074019033,1799.3180833465194,False
1427,M2,65.14990009245965,0.7456722530522919,101.34862523616383,14.75323186427414,1823.4474427249588,False
1428,M2,66.59608068100286,0.9385465837513002,100.7642220631428,15.185520318567468,1815.5852218641041,False
1429,M2,67.65982544475102,0.8503723537284638,104.21502993018825,16.306704757702743,1802.5298200396487,False
1430,M2,67.65499169665776,0.8528789301368669,102.66030531913593,16.672557290232405,1820.49114523155,False
1431,M2,68.6940033678337,0.9008577434760524,103.00420287291001,16.559727156276963,1805.4981656057887,False
1432,M2,67.33510258746408,0.8513476219863167,104.05082924397014,15.157280539000807,1814.8596619749253,False
1433,M2,67.15826521378034,0.8596616176744587,102.99624430238075,16.208805073818393,1815.6008762261424,False
1434,M2,66.33214482803838,0.8414692123872102,99.5377346672188,16.457829588639036,1805.304862466485,False
1435,M2,66.16389491507653,0.8025502031828751,97.66937584553199,15.204556798180297,1794.8801539924207,False
1436,M2,67.50727078246861,0.9256070103663753,102.22800360301295,16.3726338090393,1787.6546651978153,False
1437,M2,62.92284458796127,0.726178647063912,98.88902043389736,13.663163765017803,1803.1505707104093,False
1438,M2,66.52213559126537,0.7222524283402552,98.5269061193163,15.194966285617632,1804.5410625798675,False
1439,M2,62.52854755240232,0.751875950196249,97.2281734327807,13.417849415934255,1794.3564178916922,False
0,M3,62.81245213570206,0.7904344494960099,102.11400687224243,14.309074160680842,1789.1966178935145,True
1,M3,62.12442623664347,0.7461625791838452,97.48378766425407,13.508108745534576,1788.9259692489447,True
2,M3,62.550032754984315,0.6998719469572559,100.19437874493491,13.56083220760302,1791.378521267115,True
3,M3,62.36205050613813,0.781015616489497,96.04941524765822,14.067968766121249,1783.662679783836,True
4,M3,61.06786727515256,0.6623213823110843,99.31930346796614,13.602034450720492,1796.9236603188804,True
5,M3,62.137087043486716,0.8005829813510724,94.86067277095783,14.339973980206631,1774.8473642931137,True
6,M3,63.46768813027917,0.7231215300586393,95.40541952941072,14.346420875876078,1790.948512946399,True
7,M3,64.2250152213636,0.777266360138124,98.73202720786024,14.706210102357655,1811.583822404616,True
8,M3,64.50823994919494,0.6871271494421656,100.9762965838463,14.466520535485955,1792.22631291236,True
9,M3,62.84031074361266,0.78396861910786,99.80604409554634,14.69801301817018,1808.0273560656117,True
10,M3,64.85207276323719,0.8404346509860398,96.73796643354794,15.952493636127397,1807.6670717531185,True
11,M3,65.67791451220157,0.8279065214933171,101.26323030197297,15.795728530518396,1807.394127358494,True
12,M3,66.84315267039239,0.8049646635280502,104.58436996215242,15.957408803675728,1806.0483706932507,True
13,M3,67.56597698876051,0.8398441645161804,102.29117878682268,16.867011131853214,1797.022846230915,True
14,M3,68.62603139895383,0.8156517953358597,100.82333178394096,15.546640533152413,1814.6328577933452,True
15,M3,68.02839810458573,0.8158752085217943,102.80705489560542,17.32420085191608,1824.1447439860437,True
16,M3,68.34421116012035,0.8781022624793345,100.19303753839357,15.92646200851793,1818.3145863887962,True
17,M3,66.261526275211,0.8300640593787392,107.16711485539217,15.807824836599757,1811.5758661804077,True
18,M3,68.36556359086725,0.9021362756090306,98.62540928741001,16.45452258670053,1793.610533427708,True
19,M3,66.54829709898901,0.872349186874857,102.36335297019066,16.70844652838639,1799.087190054283,True
20,M3,67.27222965372016,0.7954556010600121,97.72855194183705,15.54061177924696,1790.0647914816896,True
21,M3,65.85445969444058,0.782833417745596,100.68496674707045,15.56928174849982,1790.4270521934197,True
22,M3,64.69542047829044,0.843917986180743,98.57878461362377,14.528136043889614,1799.945914878362,True
23,M3,61.91447492504392,0.7422536883833182,100.25002858572479,12.963609155257013,1804.7461959245468,True
24,M3,63.08359830954154,0.7788479880760808,98.38140569108484,14.164173970081874,1784.9336421706857,True
25,M3,62.77463627398534,0.7060063147187576,100.82091777375311,14.525505068873413,1783.8075454645384,True
26,M3,62.70191405015267,0.8068474262930313,95.22407878883914,13.900401826746627,1793.788740735493,True
27,M3,62.32334175023709,0.7893650405250835,95.97044344048354,13.665451915582286,1790.6525289750107,True
28,M3,62.35013724079257,0.7898998595985509,98.73407092613063,13.392869521152196,1786.9339977040668,True
29,M3,64.30037074598161,0.790044589193949,102.08369098233722,15.74653289578005,1774.249432883287,True
30,M3,63.34012245667722,0.8034160827827622,99.11222075399934,13.878513011061354,1788.0005427140136,True
31,M3,65.1553676079229,0.7883241373105183,99.8642797845165,14.875154491849015,1803.6884573385403,True
32,M3,63.892332126438404,0.7159690339529701,96.69889782866798,14.07029170546548,1793.9740075660693,True
33,M3,65.62870672270957,0.7903780657195071,100.12721781033241,15.195994609835962,1797.8129596900492,True
34,M3,67.03432307497827,0.8193749975263396,96.69344890576683,16.052296430348157,1786.0620291355044,True
35,M3,67.11452109753027,0.8109637172160784,99.13615860693251,16.102206399195993,1813.926181180778,True
36,M3,65.7572063551431,0.7249757119549778,100.64227267089304,15.361897297045635,1818.3731035177739,True
37,M3,65.42277933699485,0.7737934225765127,101.83788546962978,15.1140286438817,1832.43246164587,True
38,M3,68.66232298142498,0.8430401623750143,103.12495187453122,16.394263566837523,1812.810194977459,True
39,M3,67.2509718860337,0.8784798859444386,101.30991248370292,15.35989722733052,1815.0230185679804,True
40,M3,67.23623601105126,0.8440577550847661,103.03653391721608,16.42214387893226,1824.6883997230645,True
41,M3,68.8322523131861,0.7982578017508342,100.2452657372553,16.447779423219668,1809.9610516262512,True
42,M3,68.85810562211847,0.8657756485950125,100.2836822467494,16.35064428203951,1808.481561465618,True
43,M3,68.04244098915565,0.8893312561724033,98.26748530004087,16.436089221326725,1799.6840093251715,True
44,M3,64.65142244110696,0.8336744509952637,101.65829263026986,15.03401744724824,1803.0516189908994,True
45,M3,66.6443114268838,0.7952021413503435,104.72395017386806,15.862798444000129,1797.538305989183,True
46,M3,64.76938696708554,0.7933792479672308,99.65119130887537,15.658329127392934,1810.7209613737455,True
47,M3,65.07967530039289,0.7955747931291941,99.9209822423716,14.582909119848237,1792.7376927582927,True
48,M3,61.13522572521065,0.7778651396109104,98.3292491176501,13.81969897591172,1785.2664067500614,True
49,M3,63.05180923993695,0.7753115456124294,97.76325502830653,13.648139568911464,1789.1317476921927,True
50,M3,61.08828233736468,0.6954955871221723,97.42250951005136,13.100767107317466,1781.852917386151,True
51,M3,61.5877016245373,0.7559586598965539,97.99849922751547,14.207011959727485,1790.7883598810874,True
52,M3,61.17470876506784,0.7192514497984756,97.11693138454329,14.30731900691947,1789.0916496590535,True
53,M3,61.64604236838418,0.7835207459634358,97.97893614823896,13.182158878986128,1785.3423467132827,True
54,M3,61.65752475541736,0.7760853191655518,99.29208407166745,14.286532193718315,1796.7169032682814,True
55,M3,64.27110642704761,0.7737786964850643,101.43763582735363,14.274571833395974,1797.8098496487487,True
56,M3,65.85577961739403,0.8542701466012997,99.29588994007423,15.713968978619885,1803.6303416961773,True
57,M3,64.47809732044247,0.8214084228745577,100.43774827784252,15.622977794704585,1793.65345024557,True
58,M3,66.11417491098823,0.8088063987755926,102.02465255514815,16.405219218621145,1801.7326267114759,True
59,M3,66.71973138256693,0.8936186311650247,97.54471508822333,15.167001440047684,1815.3014102063107,True
60,M3,68.54051623100202,0.8285292556803328,100.71949974202221,15.061191471022964,1797.9271037490516,True
61,M3,64.91435775746132,0.7758568725621723,98.98002519055397,15.159661781791312,1811.8221237396938,True
62,M3,70.60617200288785,0.9087048996993023,100.8547896229049,17.228239734684006,1823.9196473383547,True
63,M3,69.01633020926488,0.8425285875548867,101.98608404783421,16.447554665688006,1814.9474765562097,True
64,M3,66.94714004312509,0.8741768927259529,104.03701205381712,16.003617033567316,1813.0386999690063,True
65,M3,67.04753676184147,0.7423273813837193,101.54697815563641,15.736189356963362,1822.3624948869115,True
66,M3,65.50420862852029,0.8209308965715938,102.35637872410095,15.547500663706105,1814.0755749557582,True
67,M3,66.51250334491084,0.9212143781828047,102.25973772756953,15.025836860058886,1803.8379242338253,True
68,M3,64.82581256753728,0.7928243313288204,96.76114207688168,14.678969842717992,1813.523493012843,True
69,M3,64.17729630235759,0.8326632220584431,101.23432681620187,14.979933212424244,1784.4453531813976,True
70,M3,64.48365025324914,0.8042137338996909,100.37568580295644,14.996935705559073,1783.571841919828,True
71,M3,64.51239228754909,0.8133151830828366,99.901645456739,14.967793279292385,1797.693169270855,True
72,M3,62.58076117345939,0.7638796479262724,99.27837659883465,14.825866050091811,1782.6798667843025,True
73,M3,62.1105343119141,0.761075772450855,99.93565673307049,13.918290035868779,1792.1250882494528,True
74,M3,61.837420424539445,0.6906903341886729,98.35118972643086,13.742154231687318,1776.1825111354278,True
75,M3,60.2292444772287,0.7802267278383481,100.3631389446818,12.623166766526195,1781.4820826464259,True
76,M3,62.819902062137324,0.774328828585174,98.65922379625451,14.677563902429489,1783.6187289514628,True
77,M3,63.081300039096305,0.8084329570194473,95.95073719883403,14.132025717104291,1783.5634767228053,True
78,M3,63.58049543435016,0.7889659820306104,98.64547987751557,13.881545858562307,1784.7863303689023,True
79,M3,64.75563031183934,0.8173151294719065,97.89875199315287,15.700812184904732,1787.0739413232386,True
80,M3,64.17912970301919,0.7961651984983543,100.28080610452066,14.83058396651354,1810.4863429212119,True
81,M3,64.74068544216631,0.764379995435312,98.78390165208029,15.24326739813254,1803.8132221452627,True
82,M3,64.16375026256857,0.8324258171738144,100.24793415614553,14.574372695562921,1800.1070812891426,True
83,M3,65.55323263183243,0.8169749973930465,96.77567891685389,14.726575225934374,1817.3577959129818,True
84,M3,67.7911346795423,0.8612089733971088,101.65910553630543,15.341642446316504,1800.6259486381875,True
85,M3,67.56882862194048,0.8298397292118042,102.11954708388892,16.43931372265066,1821.6933432349165,True
86,M3,68.34893201930937,0.9519699021816828,103.36285659822417,17.08452830870644,1799.9002899402967,True
87,M3,69.75412426039988,0.8555439002675378,100.37844312384236,16.816801610631487,1801.2798275616476,True
88,M3,68.25103501039095,0.8562595407891368,104.49081464208842,16.04904451913967,1807.2833942077036,True
89,M3,67.44339379535042,0.8529158608767399,102.55808115797637,16.31511298807968,1810.770418816723,True
90,M3,68.59397403139081,0.9146979985599788,103.51784871962936,16.55640078940543,1803.6503040371542,True
91,M3,64.46604702234823,0.8024166583064073,100.26038620303879,13.868622299480172,1821.2237478427314,True
92,M3,66.72729251662867,0.8247739500240081,100.47115453643335,14.983652104973965,1802.2624160460907,True
93,M3,65.0514781254817,0.904820845474261,99.88122012810751,15.600460130216963,1796.092344778715,True
94,M3,64.64148918841552,0.7564425351448013,100.7303683728052,13.893256028963654,1789.3412738950426,True
95,M3,65.92823922512517,0.8781602994505036,98.51781202441737,15.34390986121866,1786.4150904470566,True
96,M3,62.18333533038233,0.786357613630862,100.55084248514405,14.517157861709405,1780.2886650362416,True
97,M3,62.43401474825591,0.7650121106921823,97.67406054664667,14.243469906566638,1773.3076814657677,True
98,M3,61.74427239478483,0.7895212106222586,97.41620585730222,13.493755444335628,1795.217070669663,True
99,M3,60.358099497837244,0.7415768321049084,98.30903853727436,12.5904718681824,1798.50164991462,True
100,M3,62.422743816326445,0.8159455209281324,100.39467391799906,14.123271281585469,1783.2744097591888,True
101,M3,62.47964903366779,0.7312239454247345,96.37168902307211,13.491319350792885,1797.0648846224433,True
102,M3,64.93124450422955,0.8613109126261269,100.72931831479255,15.741165480724296,1786.011376355822,True
103,M3,62.83333866886212,0.7971238197925675,100.32015986561134,13.137440254649691,1795.8355355873298,True
104,M3,65.77493449142449,0.8431466974654003,102.23470193834122,16.47688793597266,1801.0600358577512,True
105,M3,66.6355369260636,0.85389352145553,99.42622026012366,15.842504664345213,1787.9296746630682,True
106,M3,64.42637003230394,0.852136274247197,104.4586498761384,15.374991541172516,1806.8679932381817,True
107,M3,66.4476541295347,0.8871443777075152,100.62701871291212,16.434898156125396,1800.5468369216617,True
108,M3,68.49488004620514,0.8887337100603968,101.30734008321977,17.48466941622655,1807.2867095042598,True
109,M3,68.23850979067545,0.8240777259901351,103.28598617369818,15.909668628677295,1801.7886584254036,True
110,M3,67.63357687209715,0.8328687092486341,103.73728203025064,16.33242320722086,1804.3093080779202,True
111,M3,68.46414040136818,0.8163812261281788,101.31636094149785,15.55356437023232,1817.122711660722,True
112,M3,69.33103480011124,0.9406105511430742,102.21153966449721,16.835716528934483,1803.1289457131284,True
113,M3,66.6576834520839,0.8475435105335247,101.13777969635049,14.77011823290834,1804.6504339994617,True
114,M3,67.09646212106192,0.9863716966129189,102.23670129368209,16.171155147293543,1795.1257071803448,True
115,M3,66.70932739387662,0.8766943039315319,99.3800411493684,15.089120087087187,1804.140575800903,True
116,M3,67.32978843786746,0.8764802559837884,97.85718364920858,16.098124784595488,1791.6877888172266,True
117,M3,65.37868838179917,0.8201418485199007,99.93274910067288,15.489513889603568,1792.7813828493054,True
118,M3,63.15463226987854,0.7663976193704426,100.00453941425985,13.905870578697144,1799.7451509674704,True
119,M3,64.0577545014424,0.841451032013363,99.89537024632091,14.610616333064296,1797.9043285193043,True
120,M3,63.301083063318174,0.7887888226964648,96.60000454196893,14.318865554052392,1790.5163997584075,True
121,M3,63.09899312344144,0.7843899281275675,99.29987136004709,14.068543625731687,1782.2828472959059,True
122,M3,59.91509276078889,0.7308196675973282,97.65670471580589,13.155839799963776,1789.3129656524952,True
123,M3,60.30107274870324,0.7858757596826651,99.91487497710764,13.45488837369602,1776.363673480839,True
124,M3,62.198107180020735,0.7675164875268441,97.07864594253842,13.219280796301778,1779.3478170874716,True
125,M3,62.26382284608055,0.696325840064752,96.49595978015384,14.400792100134343,1788.0818615151502,True
126,M3,62.9436646071397,0.88431753793466,100.55752512849159,14.337595326679864,1784.0734428102144,True
127,M3,61.259568937464486,0.6816716228142099,100.86166274851468,13.327971199600482,1793.168650911073,True
128,M3,61.852706496395115,0.7975819601293683,98.52358228975753,14.159794181124562,1805.7040683922853,True
129,M3,63.65922252403691,0.8346359389377463,97.69454085723798,14.347101915833594,1804.3279973380263,True
130,M3,67.3298036363382,0.8960615487347687,99.95166487223882,15.605843396673684,1808.1705875228843,True
131,M3,66.86793710456749,0.8782925777072341,103.51591304476376,16.026989358010525,1796.3184679370238,True
132,M3,66.62212429579928,0.8241896612088269,101.57062855622777,15.245985551780842,1816.6742956463224,True
133,M3,68.2604351961916,0.9058772858789709,101.91388295997157,16.754763484901698,1814.1003342334068,True
134,M3,66.11348264570266,0.8044502841014378,99.96026262196565,14.484588043550543,1831.6191976252467,True
135,M3,66.93625365090183,0.8443142577331672,97.82676623475487,16.165253499915924,1812.27544498442,True
136,M3,66.82933951078442,0.8389992270971367,102.17682456853495,16.135513575316285,1818.6261249055674,True
137,M3,68.89354637054129,0.972948347733517,100.19493535044161,16.94859705456273,1816.5908619252136,True
138,M3,67.04973761610547,0.8261390123399932,100.50914615444431,16.47790894168758,1808.830526694895,True
139,M3,66.07790872312958,0.749004421062808,100.95563040414963,15.489131890663362,1806.0217262824258,True
140,M3,63.43785784654365,0.7151512635673286,101.58037943158683,14.45263312008781,1817.1574006166538,True
141,M3,67.59067003258026,0.8855185445317617,99.85679075939258,16.480301316340608,1794.6260435389952,True
142,M3,64.4644067381444,0.7839348331113155,101.28584024949895,14.79588342708906,1796.8726251906712,True
143,M3,61.8476446550887,0.6661903200725461,102.01036361108947,14.103693634925248,1797.1632351249689,True
144,M3,61.787755353320335,0.7277899205761513,99.76196752346117,13.295983448358216,1785.6029730356329,True
145,M3,61.138531474046424,0.7382960233901196,100.20063412389986,13.867250753341455,1796.7900705987886,True
146,M3,62.079269625513746,0.6855425885335513,96.20497875883646,13.090444548230508,1787.6766555702193,True
147,M3,63.11950567129636,0.8046658975836766,98.45722907087222,14.448248465535196,1776.9021219263245,True
148,M3,61.40568383986926,0.7878424468078119,97.22997653895929,13.992547825046575,1791.9904197195926,True
149,M3,62.071490526160076,0.8338673027211699,98.15541734623886,13.81307152191638,1802.4140824574602,True
150,M3,63.01607654101129,0.8086139739900728,99.07789405481478,14.502118173986188,1776.9067019021902,True
151,M3,64.899709376185,0.8267530888787874,99.00544526018925,15.036132511952696,1775.6280113441287,True
152,M3,62.65101502068054,0.7512932506282894,95.33070889375038,14.84771898774444,1808.8732883511964,True
153,M3,64.48670610506862,0.813034126145297,99.32446945160046,14.034607442888788,1793.4992552318813,True
154,M3,66.95289141198253,0.966512559630315,103.89678385877703,16.49459038830377,1801.3913061222124,True
155,M3,65.92948441735965,0.7859814746402765,98.79040557581645,15.00844090687828,1799.9187917539418,True
156,M3,66.45745740086781,0.9056506583517245,99.25582577206887,16.056329755881748,1816.116198353024,True
157,M3,65.51874226912214,0.8197483768469279,102.59585233165734,14.835660574474307,1813.1002062296782,True
158,M3,66.99785116360722,0.8409419143379059,101.28281612457714,15.664876448706744,1822.933856701771,True
159,M3,67.32614808592133,0.904855235642335,104.8705386740143,16.284766066434383,1807.2264080036214,True
160,M3,68.5759747325597,0.8830301485048392,101.92358456494824,16.219095194881767,1819.5775125724333,True
161,M3,66.86878595059889,0.8235526577896518,104.41346424120717,15.727070767183967,1814.2396116043406,True
162,M3,67.09442702687828,0.8873078902552343,101.77988010553786,16.0402288658458,1802.877628306141,True
163,M3,66.89804920586039,0.8422544087538586,101.05226151833827,16.13994977123214,1803.9139272480604,True
164,M3,67.30281442047745,0.9479876226723073,97.41730562404845,15.32696399984272,1787.642979866575,True
165,M3,65.08048118332354,0.7824756692801768,99.99352007879484,14.574438455699866,1813.5893004969334,True
166,M3,63.03205413149549,0.758317038172432,97.74596674524062,13.401381505972534,1801.0569317677928,True
167,M3,63.024439646972695,0.867569642684823,99.75442289211496,14.610133947390445,1773.8283964012064,True
168,M3,62.223159064963276,0.851945574236841,97.94690920150224,14.67300162714506,1791.525151480323,True
169,M3,61.88635112940358,0.8360230220239434,97.22433264865252,13.879468744578864,1768.1347884173126,True
170,M3,59.95432500235212,0.7797408232486588,96.64168817277634,13.930851463401584,1774.9688677995784,True
171,M3,63.22995358116981,0.9287646011244111,99.84049530956334,14.938387724456195,1783.951650579913,True
172,M3,62.59838660298541,0.8126680050698578,99.25120692928765,13.768662088842591,1790.799399043216,True
173,M3,62.184374049744115,0.8435501970681847,96.49665108374836,14.018709495105528,1786.1915943498022,True
174,M3,61.06153494587668,0.7936951507491051,96.67258686918508,13.54074092703893,1784.1076669948923,True
175,M3,62.93115394652139,0.7206843498938312,98.29182807826486,13.575196361392782,1797.3441730192465,True
176,M3,65.72938804030699,0.7865363247493391,97.6203156233723,14.61131372592179,1802.4905869219992,True
177,M3,64.5765870304889,0.7697555934138682,100.81106717832813,15.64016345078556,1796.7703297365404,True
178,M3,65.79083688263428,0.8583561699254445,99.88259682529616,16.029896661155323,1792.6655303730518,True
179,M3,67.01591707379745,0.8856047203930107,101.64327625822915,15.374970785769584,1810.8859248004046,True
180,M3,68.93746835687556,0.8937832564158904,101.86255433107286,16.672761805673524,1804.9485678805645,True
181,M3,69.57787945604613,0.9370429164761379,103.14687652208991,16.45773097636487,1802.36506653689,True
182,M3,64.94178382569369,0.7997516834662817,99.14120531595478,14.839462363304264,1815.498224875008,True
183,M3,67.29820871565526,0.8882681826911218,100.42645700565737,15.84402255789768,1799.9475985991405,True
184,M3,68.81174611427146,0.8536920985516029,104.24672183651633,16.18487434659691,1811.8118729198152,True
185,M3,69.95397112665239,0.921086849662819,101.15104375945818,16.520940040215947,1793.7188183674407,True
186,M3,67.25653308486996,0.8532313681707056,104.09814579893592,16.9824518643421,1810.7275649509008,True
187,M3,67.77150487541506,0.8689328886037796,102.57116483986199,15.685435001957618,1797.0962865131644,True
188,M3,67.56143346134125,0.9211204945382314,102.18630437550206,16.003692204243446,1796.8989067276834,True
189,M3,63.32343970475611,0.7397904214496286,103.54686204731946,13.84519851435556,1795.9648612351662,True
190,M3,64.04278385057454,0.7886978312601793,101.36824347741332,14.003768235254643,1788.8102544459475,True
191,M3,63.198172127409876,0.8196528170501277,97.07755286817307,15.095408305444417,1792.9261347606916,True
192,M3,62.220608342204926,0.7418574420538847,100.65578630389915,13.957705495955748,1793.279268890798,True
193,M3,63.418518482435296,0.747021270825376,95.35953045618838,13.422428365203922,1792.3353429731424,True
194,M3,63.48871240672149,0.8035623463728914,98.5799429634997,14.904374515529708,1773.8695672374072,True
195,M3,62.70256701497689,0.7410076795732908,98.1224395415699,14.244682860573297,1795.506311275629,True
196,M3,62.923579242546744,0.7563516471955838,96.75526011554103,13.215426717085618,1784.1070890675135,True
197,M3,61.33338628123328,0.6364693579405275,95.80488129261771,12.795079860605663,1792.1795478681847,True
198,M3,64.48856619047831,0.8544615448700804,100.39983006610235,15.550207528156902,1787.3131976604634,True
199,M3,63.903391080629866,0.776458233439029,98.59219494087188,15.331351496725183,1789.1837356817377,True
200,M3,65.17818381961611,0.8243820127215953,100.05063210663175,15.272248648120934,1789.5745248133383,True
201,M3,64.87722372900197,0.8527148428995368,97.37383629419378,14.968146105998644,1810.6688433167235,True
202,M3,66.55057424956917,0.8067551712098127,99.92507165907016,15.317410007268574,1809.5680661375382,True
203,M3,65.67306852657036,0.8115627151791337,99.927911617265,15.881401235737169,1811.6334526186813,True
204,M3,66.52803386273023,0.8506923817162629,102.15063938486658,14.838606827762174,1795.8899903995587,True
205,M3,65.97900924253618,0.7974584791398865,103.51453800907971,14.84871493688976,1818.7492883529146,True
206,M3,68.21524010940576,0.8697498633388846,102.26463878750104,16.386376640943443,1819.4440628426698,True
207,M3,68.15851547673797,0.8884439616651734,104.96684227743145,16.11821937562525,1810.6823451949315,True
208,M3,67.4096940311675,0.9243905907954978,99.27997110540693,16.505050872273465,1798.5917165596993,True
209,M3,67.71144900611085,0.792401823457536,101.50854868338396,15.64432559710833,1810.0896030925376,True
210,M3,66.91997958286102,0.873087035481816,99.66528795113153,16.787451114074887,1809.1378732960573,True
211,M3,65.77723005734163,0.810996835576736,102.27887693707511,15.197836834788053,1797.7515355005705,True
212,M3,65.32735668011908,0.8648106753473489,102.22329937960569,14.608400753288645,1781.7033763661107,True
213,M3,63.20146420487136,0.7400271154545455,101.41823782281855,15.261205731936446,1796.3280244342914,True
214,M3,64.82884066893178,0.7555174975234675,102.70297650243933,14.254566375399428,1792.217571400859,True
215,M3,64.48332564569557,0.7764413595493586,98.67047450884101,14.035521683342353,1802.2546787946355,True
216,M3,62.90831626857229,0.7583777777118769,100.30164024011168,14.420226633703052,1783.9904362097498,True
217,M3,61.90589502499914,0.7949622847782901,101.13979175769245,13.579370674572585,1776.955109131948,True
218,M3,60.06068653133514,0.8349968200767879,97.24218112459982,13.423395178533184,1784.2349692376001,True
219,M3,59.97880411538993,0.725036308050517,99.50011798919722,13.066762360934751,1797.2397329883593,True
220,M3,61.687811076220584,0.7661610283838193,98.58823722611277,13.897257080390574,1786.2549868192193,True
221,M3,62.13976441832657,0.7404336351938887,99.21384634182282,13.482484234959585,1794.3861984609582,True
222,M3,60.78743382289734,0.6800776914489809,99.14522257791057,14.392815319046509,1790.3120121840334,True
223,M3,63.44684278998239,0.8156380705617498,101.02614944695166,14.837876153891616,1799.144240651331,True
224,M3,61.97107865255147,0.7198923603468297,100.63658247508253,13.250458130313984,1802.2365297965407,True
225,M3,64.06056825227773,0.7420171452043811,97.28340569921438,15.355351942346676,1801.9018132093884,True
226,M3,64.80131496644493,0.879552602087318,103.79697925936885,15.74506606325857,1798.1571602185606,True
227,M3,65.73105852262998,0.8414386303652645,99.01754333340817,15.80486178235641,1791.3988408705386,True
228,M3,67.89699000505637,0.7683252757117506,100.7088580030609,15.522823125678112,1796.9562942489097,True
229,M3,66.96357963015271,0.8742096889418186,101.87810687230532,15.598416421694914,1803.412284929636,True
230,M3,65.72295839039646,0.8951603619090661,104.41264528963552,15.898395230762493,1815.231042795302,True
231,M3,66.17705172730743,0.9264478733134663,103.02987283015442,16.52523794728332,1814.2747748009813,True
232,M3,65.23184249793543,0.7939502712067965,102.73860154371835,16.446244553166874,1800.5160907997392,True
233,M3,67.93215098816883,0.8049717877441962,102.13470565492969,16.44699956042398,1812.9696426960802,True
234,M3,67.09927354060349,0.8734229241661575,101.22892587224584,16.626570705819557,1804.4675931172812,True
235,M3,67.72909815692032,0.8039332973802401,99.75466102265594,15.691354977609565,1807.3416130336082,True
236,M3,66.18999094178591,0.8680251663719454,101.81226663211305,15.440187536972486,1814.6921339974958,True
237,M3,65.97028207313755,0.8853441631550514,100.78927097411758,15.835106850314993,1800.250605957234,True
238,M3,66.22737139724097,0.8173166903405963,100.94812905658156,15.232713819453682,1795.0065018232544,True
239,M3,63.962528928648226,0.8502756947804628,98.97575798194268,14.41800533715987,1784.9828238498014,True
240,M3,62.68631715394023,0.8231229023614575,97.158368990687,13.745182221794202,1778.9198726704483,True
241,M3,61.427536041823174,0.7773582063057278,98.93942713268522,13.315103029846282,1779.4799340881564,True
242,M3,61.51637691653205,0.7349432800060189,97.09402159376856,13.171433732929774,1775.20362810712,True
243,M3,61.809750239217166,0.7333386486980399,99.23054449413529,13.815570791951384,1779.6171966636616,True
244,M3,62.50958680143419,0.7893935105888134,98.27622878717457,14.205543961105263,1783.4374275769287,True
245,M3,60.95779801328611,0.7634706121157044,100.00627566317374,13.671194667114664,1781.1916222947953,True
246,M3,61.39966420062164,0.7560291502940347,97.36185996755218,13.703770497566268,1789.4451905012916,True
247,M3,64.21537674339751,0.8216354336638606,103.50780672702912,15.62109229426467,1789.7462755901445,True
248,M3,62.894351459515484,0.7300125028576089,100.90832789895934,14.30650165868489,1793.0283073235416,True
249,M3,64.00281695733756,0.8687670973248425,97.30714290730627,14.81388795861742,1801.110494130265,True
250,M3,65.671693067264,0.8492487513643172,100.19429703228944,15.828328797790853,1796.3426221569787,True
251,M3,66.11614790202442,0.8221407367712998,97.19574994754457,15.711876710480784,1810.8965460110446,True
252,M3,67.06304320146482,0.9039525896489644,97.62118460286547,16.106105969638794,1808.4024757176214,True
253,M3,66.92562993189628,0.8766897823310157,102.58927581180453,16.154424190589797,1800.609077173267,True
254,M3,68.93671259094378,0.8494322981643355,102.91122709057746,16.0899497823143,1820.4720649302135,True
255,M3,68.04620612964939,0.9153422365989697,101.48582042254498,16.78566693347103,1807.4701787393853,True
256,M3,69.2467927656708,0.876236252861917,100.16520175920338,17.0394979257297,1803.8725966758336,True
257,M3,67.95624701883715,0.8464036475828399,104.09850331803875,15.888344342355442,1804.33273702302,True
258,M3,67.65574211406319,0.7790257628900445,101.0862697968426,15.389792052468733,1809.4198989330825,True
259,M3,66.34987792610103,0.8619673390433549,99.86766314980457,15.12291718548438,1817.4522763315294,True
260,M3,66.95803678099995,0.8201506140376013,98.53623221631165,16.961539563315885,1808.4516039843245,True
261,M3,66.34193331830535,0.8201531990168085,99.97161718451423,14.994035873894441,1810.3281003123225,True
262,M3,64.259641208501,0.729518752680393,99.19120612834026,14.008371935980552,1793.148502385615,True
263,M3,64.5758667584614,0.7965689371551417,99.15306883849104,14.757224548829686,1790.4813128921112,True
264,M3,61.26883081733901,0.6861628418545066,100.67464330932954,12.866798521610393,1793.8533561839567,True
265,M3,62.5096153445538,0.7540544297705128,97.01644842845955,13.872655504284122,1769.334723448649,True
266,M3,62.975761901160965,0.7672699316669662,102.76407223209478,13.86333729135488,1785.0082977079426,True
267,M3,62.03951990221769,0.754794646658466,101.39733957295584,13.404794637421665,1788.1037265751531,True
268,M3,64.48888433419832,0.8141145617621135,99.86808481101852,15.589340985678614,1781.102655383435,True
269,M3,61.71184443551651,0.740103162198405,96.4888603280874,14.68625069038765,1786.526445950086,True
270,M3,60.52798301291675,0.6638130441710172,96.31748392052343,13.145667886381311,1800.4987644410583,True
271,M3,64.53531614664604,0.8820222994564753,98.7454108826036,15.048785473791385,1788.7998636540099,True
272,M3,64.66190126322937,0.8356250566312473,99.87649855551156,15.163853336231108,1797.0869809213991,True
273,M3,65.48644740931782,0.8467266041351357,97.16859040625009,14.989171118874628,1806.4607127712732,True
274,M3,66.51876253203636,0.8703545197181393,100.46462610230732,15.980758598180591,1805.2484447299853,True
275,M3,65.07218490107225,0.7388951218483757,99.87453385890929,14.098449789580034,1810.2064397953109,True
276,M3,67.89159734471195,0.8553135248139034,101.86854194275529,15.6409694695754,1823.8560660862124,True
277,M3,67.86247929634607,0.7012801856449693,103.54799018106449,15.308101445749307,1821.3850961462847,True
278,M3,65.91683693343282,0.7987226289530336,101.49049388024916,15.085863118452393,1823.9030367984412,True
279,M3,67.86302093190574,0.8626392099374137,102.71029684696413,16.487442203466884,1814.4035477785826,True
280,M3,67.26970781843528,0.8086530897787614,99.67640162407969,16.003444291605994,1820.4372532694495,True
281,M3,67.87413510387567,0.739282762490898,99.28333636393279,16.0951760692365,1790.2214727489334,True
282,M3,66.81231105600818,0.8281757846825937,101.73876045155605,16.912636315500876,1809.9573729947367,True
283,M3,65.5011822250394,0.7989578967460923,100.9386415934799,14.920591954082857,1823.3850527733964,True
284,M3,68.345162543579,0.8642191596361228,98.9668159414759,16.34302787748625,1801.4768101283948,True
285,M3,65.66412152585175,0.7140497869231781,100.17056550999293,15.246821130671451,1806.9902911212564,True
286,M3,63.4953050572448,0.8075234196998583,101.09539300847982,14.319688025105437,1804.882018839041,True
287,M3,60.97481059909568,0.688008227224988,94.35067744084297,13.669295647469832,1787.1790549305556,True
288,M3,64.26740671538421,0.7631442744265462,97.59257564346655,14.82785800999592,1782.394364011787,True
289,M3,61.90054958016973,0.7883318151314849,101.08670492245518,13.594403861624425,1788.2738167645682,True
290,M3,62.79101994874268,0.6908506085738654,98.2450688146776,13.657271349289132,1785.4049409988656,True
291,M3,64.36075038471346,0.7860435859566817,100.30934282579896,15.394418440992638,1780.4154834880637,True
292,M3,62.330068622135805,0.7095063014596267,96.45960144927916,13.51008933207328,1790.8613843778937,True
293,M3,62.527353933266085,0.8077494647360369,97.58694524860938,13.513908804418735,1792.20170386796,True
294,M3,63.36581061620403,0.8030946857750403,97.94665882606826,14.594063959097733,1783.6513981777614,True
295,M3,63.13822584635153,0.8349873404297173,100.20593152457933,15.40885420340057,1778.7095931861231,True
296,M3,64.39865852412495,0.7502391072696579,100.65017470036005,15.23058149093217,1797.145005407069,True
297,M3,65.46180066760488,0.8454994808220945,99.82780888634734,15.584951834679714,1789.9657134642418,True
298,M3,66.12325734175359,0.779870249514623,101.55018125009208,16.08332643734262,1810.7437511685955,True
299,M3,65.83359434224437,0.8986778425268547,101.61312355101839,14.744989466028368,1814.1359000439822,True
300,M3,66.17608277077393,0.8062687321779526,101.1529041352834,15.763442663164582,1817.0546179883506,True
301,M3,66.63987118412547,0.7435985850808896,99.61562477164523,15.307182858419504,1832.1595602065822,True
302,M3,68.05126741102431,0.8370214589337651,103.57235361985086,16.017124980423695,1813.9272579102746,True
303,M3,70.05922645443883,0.8695987039554622,98.65620306707262,17.54793193996965,1815.363262235342,True
304,M3,66.81833830892795,0.8243654307245797,99.4504650276893,15.315526030228655,1811.2126407698154,True
305,M3,68.00157124222697,0.7495932349895326,101.85093914876953,15.799534209444074,1809.5219393783732,True
306,M3,69.10296312966524,0.8412998670190754,103.04200540575808,17.36555674092126,1800.8683027793209,True
307,M3,66.33968487357338,0.7900096267055274,106.02651658141198,15.082209833472366,1810.4015772267715,True
308,M3,66.21399429330972,0.8716117196181387,100.78940935651612,15.850400476188694,1809.1351074527915,True
309,M3,65.0531813431571,0.7169475347316955,99.69664830129345,15.207673607319391,1801.2148320074361,True
310,M3,63.33651866884257,0.8628561001449983,97.9847485866867,14.652383834908546,1808.4514164531606,True
311,M3,63.82167408460091,0.7592433391038008,99.1897349787998,14.366794537294167,1798.3564886346874,True
312,M3,63.47342328223159,0.8359001093310655,98.74798940113973,15.248991021609887,1782.3308021245175,True
313,M3,63.681424917543524,0.7960118539143346,96.21156158606797,14.520682443874815,1789.4370848311567,True
314,M3,61.3936151832399,0.789845372071043,96.76407582848026,13.272623022185938,1780.4689244733108,True
315,M3,61.81143153837273,0.6703854260113432,98.63805213054597,14.08421472674235,1774.8426401531458,True
316,M3,63.193642461685045,0.739486130946378,96.64571022842941,13.465375156195048,1799.9235544194012,True
317,M3,63.22095849677545,0.8067107354335888,99.10244539738581,14.122362297529882,1795.2722676559688,True
318,M3,65.34962817061549,0.7443230862605729,98.74648634183332,15.784452940399285,1783.8682988309245,True
319,M3,63.72711154187702,0.7346275034050339,98.89458595697216,14.301915698337138,1801.0947242082298,True
320,M3,64.32252326623532,0.8230131465182556,100.22726216129828,15.517002447237243,1795.0445015374307,True
321,M3,65.94920514930071,0.7888603529923508,102.43454077914573,14.66582158213628,1805.705527543068,True
322,M3,65.45529131876232,0.7628896571364621,101.53964833876454,14.216928396760746,1803.9451759682704,True
323,M3,66.32360448271449,0.8574699527199966,100.53770244551382,16.18786536166624,1803.9243605645795,True
324,M3,66.62532904222965,0.7955653748396638,102.34739197515457,16.33595723826247,1797.4188557169675,True
325,M3,68.54130748662818,0.8611498660095266,105.04298747945941,16.070475349062594,1814.0697388462504,True
326,M3,64.86586606607733,0.7719925873147153,101.07867914383488,14.935089493165915,1833.275183015622,True
327,M3,66.8403497173423,0.7437171398017147,103.41197396961871,15.342052104711277,1821.7967748587748,True
328,M3,67.8234072183569,0.8877936764361486,101.97101856416631,15.734463459500905,1819.7564130442302,True
329,M3,68.13047680195538,0.8452905131978522,99.55605445547207,16.808931744546992,1831.5618931882084,True
330,M3,66.40490533350896,0.7439771450347837,104.00538220892844,15.355716431679747,1809.447912411171,True
331,M3,67.10762709824488,0.8867497103315883,102.75558068337622,16.946222323442484,1803.8133122707359,True
332,M3,65.3885292297367,0.7961784650465474,100.0147603610283,15.43854070891513,1803.6539259307003,True
333,M3,64.45241542905116,0.8198448832916642,101.84764532366567,15.349995922686333,1793.8378125106879,True
334,M3,64.80310286819049,0.784386400773263,102.20812170422198,14.205660050267833,1794.151191351073,True
335,M3,63.677968987444466,0.8179774561991305,97.92859026654865,15.063288826477024,1785.9280250805461,True
336,M3,61.705401935578635,0.7867878476640763,99.85020884471301,13.972170083974719,1786.370818888032,True
337,M3,61.41645254459774,0.7023862062562926,99.91129965943632,14.242316330613088,1764.3619973657208,True
338,M3,63.599124502374345,0.7344256825652642,97.35181490506022,13.463102478086178,1793.9485495570898,True
339,M3,60.9217932243139,0.7586238519022135,97.62414501078486,13.668009054719974,1782.2624584092746,True
340,M3,61.899669512089375,0.806879947664976,97.40743901679653,13.963701236900633,1790.9921236316923,True
341,M3,61.321476411444785,0.7541620536140343,100.77379172168577,13.777163992809642,1807.5129945912222,True
342,M3,63.66422798138619,0.7618078572351973,99.98943543066,14.108431679284857,1786.399981308675,True
343,M3,65.20494408209025,0.8126889210958527,100.27164747017085,14.929724832510415,1794.5892639663225,True
344,M3,62.276414234608865,0.7810281735993727,98.35897138801644,14.046108465136948,1806.4662758360234,True
345,M3,61.83034294873599,0.7119152475212799,100.93378175580307,14.351332861622607,1813.9487958440343,True
346,M3,64.08529054852214,0.8153893438452466,100.65249063621282,14.541512176644629,1799.6623132591913,True
347,M3,67.1850625933557,0.8307261450558091,102.59637407844315,15.801209003991382,1817.5427094986017,True
348,M3,67.66322904660635,0.8099480720567562,99.49582032165794,16.327393881545596,1807.6757253427938,True
349,M3,67.50701874172131,0.7871907027031653,99.79907393542076,15.515388966930798,1810.2397339856514,True
350,M3,66.07356833615319,0.8376387009227095,102.61865302760116,15.919120081658429,1816.1611511805634,True
351,M3,70.20056145832659,0.8579035136988777,101.96099658535508,17.02609437110088,1814.0751917431014,True
352,M3,68.12277874399024,0.8694435312467866,102.80749781365998,16.72853703708332,1821.2835528054572,True
353,M3,67.9985749423566,0.8054790459279643,100.97873821523632,16.335676725897454,1816.0625591179898,True
354,M3,69.11202957278867,0.9576697891432777,100.55374993950615,16.39785242787537,1797.1699733727687,True
355,M3,66.83667882790522,0.8037492009102002,102.5443407399525,16.068092127975333,1812.212187875743,True
356,M3,64.656589495507,0.7920141897468668,99.58947745427635,14.858310141926381,1801.9422835226428,True
357,M3,65.22499475017344,0.78962102891472,97.43906454585697,15.698951336175961,1805.8946614387826,True
358,M3,63.916094888285365,0.7508273892185343,98.56831369392516,14.305532543786812,1805.7157640180776,True
359,M3,60.87105502670651,0.7549675913163537,97.28855437502484,14.405514150968628,1805.5573007221901,True
360,M3,60.7550845197012,0.721960014006437,96.97657292693415,13.55295511463167,1788.086580909432,True
361,M3,61.62222082586486,0.6860463265680802,98.56752786692556,13.10147234316716,1788.054777096548,True
362,M3,61.66626394988247,0.6594023843480835,96.63387330273096,12.893238744680993,1786.7468409166836,True
363,M3,62.40418799752554,0.7283165281004724,97.13368971581447,14.75645594108379,1782.4558375221352,True
364,M3,61.02949884170757,0.6921476123852938,100.69637184676651,14.553987567423063,1792.689534625115,True
365,M3,62.53455560964704,0.7876049764029363,98.74169091697603,13.056872178475036,1784.9783425284318,True
366,M3,61.382183087821566,0.6795158164990833,98.09439865670353,13.589750298975586,1800.5869962915594,True
367,M3,64.24368416050949,0.7813050040642959,100.47723082640003,14.786991508353218,1786.4234203360995,True
368,M3,63.24254707691278,0.7354319701037509,101.815235556811,14.717972787333002,1805.244550721143,True
369,M3,65.77941258750805,0.7556004059018561,102.49347638460118,14.791061136003279,1801.4858357305106,True
370,M3,66.07329541621638,0.8783053041298102,102.52527848229226,16.43026305822974,1812.2090105297198,True
371,M3,64.32806520663715,0.7650230940090798,102.81858475173755,14.811592370947457,1810.4317544465914,True
372,M3,66.85847021721032,0.7850290926703245,102.55209327884569,15.834057461107358,1818.1052818350759,True
373,M3,68.98756151607232,0.8900156590568933,103.8895501271151,16.778200529949473,1811.5051127636154,True
374,M3,65.68483828130935,0.8037814066722054,104.52320898793641,15.297702917581095,1828.9391038848369,True
375,M3,67.59515033219735,0.8158644147941786,99.60745033988535,16.767621683088,1817.9887610025821,True
376,M3,69.95073773673703,0.8379028033850628,102.00069276367908,16.409666750527965,1820.1619650072073,True
377,M3,67.18260512025486,0.7771780093081603,99.92249002936542,16.00082100166466,1821.3324283724994,True
378,M3,65.11613088872525,0.8125321587981679,101.63994461681298,14.769739243905544,1831.3637520700756,True
379,M3,65.96448457675567,0.7613979914488392,102.21722223133152,14.991225442883813,1809.9535541118905,True
380,M3,65.92275719841,0.743115395597654,102.32418188958697,15.56953117461545,1809.0034931420203,True
381,M3,65.05075915992099,0.8423705070389584,101.47563148836652,14.892406207454364,1799.5323473642225,True
382,M3,64.49602815395316,0.7610642915133633,101.4208349157698,14.58870916121499,1799.9001356001882,True
383,M3,63.5276694240018,0.6773891908578938,100.31378638733291,14.267967589464657,1797.7043013248076,True
384,M3,62.04586413866996,0.7209205643680094,98.9106374474852,14.119086357490344,1798.523328504138,True
385,M3,62.60008900810647,0.7099250285920202,94.77493557425774,13.385293304767155,1787.026015276338,True
386,M3,61.89832067123414,0.7697419500165475,95.171653390738,12.773374552463913,1788.4833626839227,True
387,M3,61.913120019836974,0.6893916765478112,100.72062686096699,13.337688462369627,1769.9422896438675,True
388,M3,63.60537004439272,0.7480268078818177,96.44754024003599,14.194783316945177,1787.5082915946448,True
389,M3,63.68680735166846,0.7045620183034933,96.92874276136222,14.88194038593831,1787.776329539102,True
390,M3,62.44488536461105,0.6996462820844803,96.66383118013633,13.895195529447111,1806.927587575072,True
391,M3,62.35553440381145,0.7042154264257484,98.7267462699067,13.618834424041845,1797.8160607997263,True
392,M3,66.02665738421473,0.7949349750618352,97.79287713831992,15.717623299345513,1797.1728808547052,True
393,M3,65.18570212373857,0.8264074613796093,100.15819981722753,15.230687313072792,1797.0441227189758,True
394,M3,67.36544791184915,0.8234601057131248,98.90516533416283,15.52483897541024,1788.487878388689,True
395,M3,66.58612706244269,0.7967981775266196,100.79489521383644,15.066236577073463,1807.4917215090709,True
396,M3,66.52040211687057,0.830967024183134,103.94257490380674,16.12389960499394,1817.3877641613233,True
397,M3,66.57885275298727,0.8707095711317074,96.38649110944002,14.933766083185624,1820.4673113278118,True
398,M3,69.25718675803013,0.8504562629971885,99.37815882003255,16.375690350687684,1806.8914888471375,True
399,M3,66.32416123283063,0.8560322618957961,104.6587106165129,16.26021151464507,1801.572544903307,True
400,M3,68.1777349527262,0.8158109228578181,102.14887164917457,15.789849517697926,1816.8925341856482,True
401,M3,65.42473369983057,0.697728646201258,102.11996133307619,14.63106800860457,1813.7237944443912,True
402,M3,65.48465204324043,0.7123145116598432,99.64453009470346,13.855536835100533,1827.8123744704938,True
403,M3,67.35901370951852,0.8946331280921727,100.45425342087243,16.885905266418927,1803.0637393374752,True
404,M3,65.42262564872009,0.741469696795082,101.1381817094414,14.949083709336383,1802.6480927385403,True
405,M3,62.28758616953126,0.7759698704616526,98.21889161788089,13.91931688590674,1810.1323763081368,True
406,M3,64.0838426499328,0.7762283512014394,97.68055910641161,13.689777836874331,1793.2423925628987,True
407,M3,65.30097320847483,0.7475267101597008,98.58549438795679,14.298432244099539,1802.0623714229964,True
408,M3,62.63836445185417,0.7456714225134253,98.41437345111392,14.794283748538227,1786.8593886901006,True
409,M3,64.7763584418365,0.8668445539206967,98.41466426134645,15.078259474112826,1780.6522790494694,True
410,M3,60.30981890657467,0.6576011403916285,98.4538528344792,13.34945405796453,1780.2665497919024,True
411,M3,60.65549503631454,0.6815312015035628,98.23508014025487,13.208522764015942,1799.6372519771473,True
412,M3,60.59303697700624,0.7651795712232067,98.44561403404113,12.873386558823995,1817.4330949985278,True
413,M3,61.436337797000014,0.7245784796790808,97.84712629449216,14.246259013434683,1794.6324040223665,True
414,M3,62.217736327842225,0.7102110402714675,96.03873784981714,14.443841070003154,1787.100110583109,True
415,M3,62.19991595069492,0.6927676672310201,101.39782349778977,14.121608659466553,1801.554307474512,True
416,M3,63.97736000453814,0.7164242697572558,103.67916664051737,14.994194737455391,1800.9178547473678,True
417,M3,63.77803130905417,0.7818210432819623,98.28417794263713,14.606380074529067,1811.393061057831,True
418,M3,66.67590375833805,0.8084422995243735,102.08881221690314,16.901685804440323,1809.6486000972068,True
419,M3,66.13503122663603,0.7415517790520942,98.3378785139006,15.215147027869246,1802.8094526178027,True
420,M3,67.82998878446749,0.825065290727538,99.79871941306605,14.264392501756866,1823.9185680717903,True
421,M3,68.49816226042746,0.7943386609132113,98.08264992114572,16.278239499726233,1804.1108867911512,True
422,M3,66.18283494661452,0.8772738977275162,103.6197401654239,16.35560295471241,1815.8146695852313,True
423,M3,67.61786297390395,0.7978311878494512,100.97824079758762,15.5382692304642,1829.1806676106212,True
424,M3,68.26111314087309,0.8678434049831307,103.06002989978356,16.29439127250895,1805.1714449667304,True
425,M3,66.79975105184339,0.8126581162023843,103.34980364433267,15.511267994295157,1818.5730788114483,True
426,M3,65.83046182677204,0.7797342857933071,100.32173399520471,14.954652560907995,1800.180473007277,True
427,M3,66.38455885087373,0.8030944402505862,101.88958313622652,15.400102095857019,1803.183343471167,True
428,M3,64.35409020663394,0.7712942129753729,101.42332304226457,13.995947417080487,1818.9075622557648,True
429,M3,64.55263450321166,0.7262495135148263,102.47343017678861,15.193895317704206,1808.2122303107744,True
430,M3,61.44156451757354,0.7604124860797875,99.09562987609151,13.136068669782148,1795.5590143415695,True
431,M3,63.39823425314985,0.7007122707740869,97.88781931173806,14.589929620151128,1799.3459193355131,True
432,M3,61.735805549630996,0.7405787338633858,99.06527658595324,14.469044263998116,1787.778079669869,True
433,M3,61.87899278040938,0.6832651345948347,97.30245882588383,14.397608868479303,1791.0789723588744,True
434,M3,62.47474261727758,0.782898105525693,99.17634200197719,14.326576005871697,1781.938524908533,True
435,M3,61.28108688110383,0.7520966229779427,100.25533234260233,15.030152954041622,1789.4580256238432,True
436,M3,62.396077227304005,0.7473102715925306,95.47662661550854,14.6840164728998,1770.2841745825986,True
437,M3,59.898875047054034,0.7527138712323741,95.76922355348823,12.821623505552992,1781.0937723276572,True
438,M3,63.39836696250443,0.7071351659214428,98.0419304948151,14.631396239840019,1783.2963511524802,True
439,M3,62.22596697902981,0.7363741892612947,98.28156601545093,13.56443587605665,1798.6104174794614,True
440,M3,64.42842359454734,0.8303406998563,99.50805539897641,14.109381660005795,1784.373013297515,True
441,M3,63.957762479190365,0.696993300385109,100.11055174316407,14.757844580614233,1809.0299633456186,True
442,M3,68.22146294787382,0.8796615887901581,99.51079547461704,16.493655943187676,1814.5852611736655,True
443,M3,66.87525250195023,0.8639947309629591,99.52196659533794,15.891288934739562,1808.1476152721652,True
444,M3,66.0769923269803,0.8227760991997177,98.41742166033106,14.773283988446984,1815.3903253850908,True
445,M3,66.31297168573113,0.7836998241867076,103.89881729680938,15.558384458028854,1808.474625121474,True
446,M3,68.27981222877182,0.8522660508598928,102.84993455689626,16.8305847858079,1815.5008659502191,True
447,M3,68.4211330995252,0.7855432134941998,102.23939466156489,16.836531574190865,1812.4969030866434,True
448,M3,66.74894244064377,0.8472716581564673,101.18673585214428,16.584874430308574,1828.5527226180172,True
449,M3,68.56402433410454,0.7875436467461921,97.99907223745753,16.233832203153774,1831.016292433846,True
450,M3,67.56769692312203,0.7783656890716093,100.42602186904018,16.021715424261593,1815.8211798283728,True
451,M3,68.08823051811295,0.8470235474848778,102.24756901785042,16.44918614000481,1810.373376109935,True
452,M3,66.40859604282052,0.7860397815081126,101.85897261861093,14.878676924185212,1809.5842408996568,True
453,M3,64.01142596109824,0.6966463057910316,100.08222466243554,14.715555810602634,1798.4897002065836,True
454,M3,62.92256744684698,0.7466589638235889,97.53237311460833,14.227393737973378,1787.0081944236917,True
455,M3,63.933097124130086,0.8753577584862674,98.23990235991039,14.599153238178207,1799.5289433550984,True
456,M3,64.48997955212049,0.803309372191661,99.74755272598694,14.850491519616694,1779.2554473404662,True
457,M3,62.884847348369284,0.731138634706571,97.58869678149081,12.840082781420122,1792.4351865813317,True
458,M3,63.96360903197875,0.762541510007735,97.93713230667669,14.251485841425213,1784.996353641238,True
459,M3,63.10882846220191,0.7895819577515701,97.94165133684113,14.029390050866283,1787.2460902414855,True
460,M3,62.18323837087179,0.7282786026156953,96.7033853694908,12.951869933293992,1791.3135235659981,True
461,M3,61.853500790528706,0.7425239350822868,97.47928423107194,13.371204597327335,1788.9203432249951,True
462,M3,63.42208484791731,0.7720020876774762,97.19619358260768,13.90160090869775,1792.6458834405648,True
463,M3,62.96903283362252,0.7288946545991165,99.29415331762075,13.558396961061625,1793.2147008137476,True
464,M3,65.25146225363437,0.7986245406944212,97.67920367422302,15.328577237219328,1795.3745767284713,True
465,M3,62.09835462221447,0.7549905000502009,96.29754964074299,13.739081816035945,1801.0542641771228,True
466,M3,63.53038977963235,0.7277204057441135,103.07074615295772,14.771886287854757,1823.5985392393154,True
467,M3,66.75776942908172,0.838655256879709,101.93484515423027,15.312732041518863,1820.4732963889523,True
468,M3,68.0363102603232,0.8539658531042722,98.22987115862374,17.086060543472904,1806.7298279152058,True
469,M3,67.67380093248548,0.8869353984519662,102.97398045239359,15.588410320809759,1815.0848456831177,True
470,M3,68.78723458351632,0.8306288239361086,102.89553974820139,15.736120162698196,1812.240372674594,True
471,M3,69.94234410379201,0.7942341803499953,102.09247691546668,16.47686449608952,1805.555012742891,True
472,M3,67.40052400072882,0.8933743855813593,100.63502390664566,15.27814932356854,1815.035661936629,True
473,M3,66.74548359289564,0.8200122707028048,103.21399549508918,15.892484703328114,1811.638713588938,True
474,M3,66.01494731187414,0.7865931769470492,101.6776536944688,15.217200260988944,1810.8061172392545,True
475,M3,65.61680929014562,0.7538773766051254,102.7483885851901,15.879973162112982,1821.6819707066215,True
476,M3,65.6458720953425,0.8144939218413046,99.16583359691307,15.23806003279891,1803.7513897451115,True
477,M3,66.11351435730559,0.7732714321595144,99.37055405169585,14.461926454941235,1805.085743484236,True
478,M3,65.36257689384806,0.7884701495774256,99.90632924500515,15.703148076805556,1812.6086285841227,True
479,M3,64.52534935038875,0.7524501179835665,98.85816588461526,15.681748569594978,1790.7825927458596,True
480,M3,64.18192014657005,0.7753998873424626,99.40592427959916,14.393374354960422,1802.8482451529646,True
481,M3,65.28357375043704,0.7284161988167174,97.24305023547713,14.586643026570965,1779.4941236001562,True
482,M3,63.158872990506566,0.738126501806464,97.82547607303917,14.557903863317415,1775.4901156735073,True
483,M3,61.653325986139656,0.6899859569090816,98.19555435280867,14.213429835030762,1786.8162804797078,True
484,M3,62.825257655852944,0.7299744541206384,99.31000771071875,13.978025975425231,1779.4010814552475,True
485,M3,62.23622722616326,0.7747647312030855,98.2093309361685,13.987049428826527,1788.2635116131244,True
486,M3,61.35032539182048,0.7498964913373697,98.17517730622176,13.244198852783951,1786.3519392500843,True
487,M3,63.3564371979599,0.8135987477039509,99.07657482012719,14.716370011176684,1787.8974008989019,True
488,M3,64.1174105025358,0.8081291905701329,100.68259196562477,15.81159944083724,1793.8777645831176,True
489,M3,64.40546133471707,0.8513476976226975,99.64561720873766,15.085993199702417,1796.9313792124956,True
490,M3,65.33399451609242,0.7889862973022111,101.69701459788317,14.823049644058921,1798.4152296498694,True
491,M3,65.93737365404421,0.7508957199946413,101.54071456202605,15.34099770606039,1797.9249502579096,True
492,M3,66.00156993993001,0.8230031281739804,101.71200829146107,15.59759997618624,1803.1587745163542,True
493,M3,69.84809285004778,0.9131090231245652,99.41047258831397,15.72518676221642,1806.5791197570427,True
494,M3,65.8374310901656,0.7921567152653542,102.2785092776175,16.698795369335837,1833.4501714731346,True
495,M3,68.3516042628549,0.8823450150992641,102.00642433391475,15.701275071663371,1817.9957731170668,True
496,M3,68.81362080665897,0.8439966071899233,102.20378949396245,17.390301836506264,1812.8170099583106,True
497,M3,66.78352347998525,0.7728071333408394,100.9011904054051,15.252993722315896,1826.4583946239325,True
498,M3,65.68447560279218,0.7720199942452305,99.8690508623782,16.22427727065307,1827.502617398434,True
499,M3,67.14099576659191,0.7523345486927898,103.52506141085054,15.965794786758613,1807.846065405285,True
500,M3,64.83532746052843,0.7601327497361712,101.03535259168521,14.36815819334727,1818.8951035917146,True
501,M3,64.2714970076524,0.717265715079937,96.3879719868774,13.887557602226531,1803.884718096463,True
502,M3,64.59961214166542,0.8739476945187641,103.17524458518419,14.999011281781474,1804.2621909295956,True
503,M3,62.66534508162673,0.6855228067506994,97.8328834654702,14.367447330480811,1793.4346807402674,True
504,M3,62.25131880300152,0.7053358774953747,96.9365911481675,14.333218266377067,1803.4469889630316,True
505,M3,61.63312842015807,0.7085649391722356,95.39345596019027,12.816919760084465,1793.8591336150705,True
506,M3,62.61786997991154,0.727548336166876,101.23145324499664,14.245249197399714,1784.572541563733,True
507,M3,62.19867197573171,0.6650812297146752,94.76131834004738,13.875936080903445,1799.3777321854984,True
508,M3,64.4535893871747,0.7356098176195659,94.38301500171029,15.102800541015972,1776.7058853852475,True
509,M3,62.6012381657406,0.7714893506500052,98.89121186929289,13.509792483058462,1788.6633911871468,True
510,M3,64.62039354114948,0.7190542660950489,99.91230770639845,15.295973032594521,1792.738261547252,True
511,M3,66.5260952759557,0.7993955993896192,97.97397511170512,15.952947661106924,1799.6202167419349,True
512,M3,64.30215926763667,0.7259774834233446,99.00770309304994,14.77145484373285,1796.342110101862,True
513,M3,63.98013300338634,0.7501967780910119,99.32957240351274,14.399492255550872,1811.7058673672016,True
514,M3,65.77067312545488,0.7823567988973781,100.1542906533996,15.813285077213216,1806.0685753168054,True
515,M3,65.89293302272104,0.8116074868779792,99.95300322378566,14.792019834963652,1801.9048461238617,True
516,M3,67.0898091683021,0.7915388599000561,98.86313765488866,15.591416568969024,1809.1664404000057,True
517,M3,67.94524186184377,0.9679138123988439,100.14575855083137,16.78504942568962,1814.1197685539632,True
518,M3,69.64307742167648,0.8160446559544768,100.07213250993264,16.93305658224832,1826.028604357362,True
519,M3,66.09598334070166,0.7530984355588759,98.58956808620363,14.579362552927035,1830.476193037163,True
520,M3,68.51446626808894,0.8483773986354133,97.95903941284435,16.006664869860327,1815.2103535617732,True
521,M3,69.71254720572841,0.91398714173786,101.58192647725222,17.47863589656454,1805.0492787291605,True
522,M3,66.78520930554116,0.8313844974071792,100.92251501194566,15.540812396613019,1830.488112766155,True
523,M3,65.62730962323548,0.7314383493985823,101.14571265922143,14.379398618178282,1821.145259037216,True
524,M3,66.05415981749694,0.8987544458661094,101.7157127771774,15.211133383012667,1793.5356541293543,True
525,M3,65.34339936486448,0.757845161179963,99.87049535412281,15.393496642825541,1800.6733535939948,True
526,M3,63.0678101577648,0.6554432139461908,100.41609467072696,14.240197229913205,1818.018733098818,True
527,M3,63.019717744037656,0.7750540243015198,97.84742302237748,14.107248383169749,1805.9033962272017,True
528,M3,63.826837829778064,0.738758549096598,100.48602142518669,14.74037255419124,1780.615941433438,True
529,M3,60.77756482562866,0.6994789966282262,97.55257526101617,12.795171341335022,1772.7282500007984,True
530,M3,62.765916791468705,0.6827998388111015,100.55299021760005,13.667324815109957,1792.9933890437123,True
531,M3,61.684728273098855,0.7380442702329579,96.46119462039344,13.484563115015936,1777.275383143362,True
532,M3,63.45845776351641,0.726685895163588,97.31710913517523,13.896368875663176,1779.9052448831133,True
533,M3,62.277739539874254,0.6678781527259562,97.66814905093382,13.720722416965444,1791.9228861901727,True
534,M3,62.35195170563679,0.7034399469969443,99.43463222204102,14.771746755435004,1804.661805543389,True
535,M3,63.26667430356048,0.7028393987438074,98.22600293517543,14.393156714506066,1806.9087663780801,True
536,M3,64.63415056771005,0.7509122996760972,100.04288432956069,14.96598295338839,1795.0468783908282,True
537,M3,63.309558855774405,0.7181693494102023,100.66815929494066,13.787033787977483,1811.3256668762297,True
538,M3,66.3732374635282,0.7875596361361755,100.04456610312475,14.833421481499247,1795.9969037337194,True
539,M3,66.83467246518626,0.7584140232397785,101.63356376600242,16.253804135331677,1803.3879673657657,True
540,M3,68.0584937183986,0.7833348128885204,100.85454237558615,16.026131137119354,1814.7147328386397,True
541,M3,68.53658604288448,0.8539368620053822,101.63220703709166,16.998862306417006,1809.241747452913,True
542,M3,67.5354553259397,0.8318558502399752,102.65082976653815,16.73963683137977,1819.0062821663323,True
543,M3,67.86399150599728,0.7091794170265895,102.95164251189658,14.676020742398359,1816.8179077187172,True
544,M3,66.49109050021684,0.72919627380747,102.338334561842,14.658796932900099,1835.093238760702,True
545,M3,68.40077846202675,0.7725663040699682,102.22856456198618,15.70035069233601,1814.2291156111628,True
546,M3,66.83250987016217,0.7915888891532968,104.97023370232493,16.443305486671353,1821.7837282750622,True
547,M3,65.0981742761306,0.7327930847626763,103.27850575259454,15.247672641067842,1834.4875225897094,True
548,M3,66.63071157546297,0.7916687548040433,102.41419968175543,15.229595100087316,1798.751539803276,True
549,M3,63.29364855482671,0.7851719718079337,97.94136663758009,14.368775904189283,1806.4272318146102,True
550,M3,62.6282989789461,0.7882772392028593,98.86506391158859,13.6616078313701,1797.5712988853463,True
551,M3,62.32019030200879,0.6397716585341353,99.8743558119772,13.28201986880405,1794.4570295844762,True
552,M3,62.92831681501623,0.744048459029158,97.67091321789744,15.120332873722857,1789.2353666733031,True
553,M3,64.46224717994603,0.7830575474308017,100.09475949002739,13.812320112098371,1790.5744940945956,True
554,M3,62.07663607545979,0.6667095995081683,101.70228546792974,13.664228172659158,1787.12176247289,True
555,M3,61.31452961098743,0.7520135236678238,96.33025432231928,12.688442738268957,1790.1538515038758,True
556,M3,63.9250121134284,0.7085056853215663,99.84165806392686,14.001215621058055,1786.776617135088,True
557,M3,61.69802756820192,0.6824046240561749,97.1980111090407,13.601433370002995,1780.4607302798486,True
558,M3,60.45420950037846,0.6646700039195915,99.18049629521212,12.526645945568587,1796.6412794380979,True
559,M3,64.56049558577078,0.8109180392846642,96.67458813765276,15.293718190611079,1789.83010997063,True
560,M3,62.799787267768245,0.7393600146646973,101.79885919617627,14.68485640445739,1783.2378566296395,True
561,M3,64.7369230895647,0.7909358606804803,101.32896069799715,15.959376118197767,1803.7576257810051,True
562,M3,65.86028473523216,0.8441227229854261,100.0194911341601,15.726397757261173,1806.258642254183,True
563,M3,67.06606502853668,0.7947143950806301,99.55554588588282,15.458798102526135,1817.89209383702,True
564,M3,67.59778130811087,0.8865453224651714,101.24678009288498,16.079334077521032,1806.949054145048,True
565,M3,66.42883373914157,0.8143939332366509,100.82790084390653,16.537968597924184,1800.2665900206846,True
566,M3,69.24156543574325,0.8872463799659696,101.6611281937336,16.02678673160188,1810.5756303614312,True
567,M3,67.86953732108651,0.8232269892679722,103.69252124989123,16.49812397167347,1824.2433931302692,True
568,M3,67.53379853436653,0.8062560228968563,98.25553902829981,15.372366664293594,1820.5727795300456,True
569,M3,68.82615672776254,0.8699223365764175,101.48391069100617,16.698575974450257,1809.2650172313163,True
570,M3,66.76856771450923,0.8541639162757614,100.54725684881986,16.147524735595326,1817.2447849605705,True
571,M3,64.39710499075724,0.786668625919172,103.84075474831198,14.809662508706474,1812.6141369217594,True
572,M3,66.98618374939629,0.8565558375525583,101.573629675332,15.685019169072381,1789.584471399594,True
573,M3,64.18333298029977,0.7583472742368379,100.23446308668244,14.927680395281778,1786.8886940371974,True
574,M3,64.06420441931117,0.6793150884677966,96.70313612286505,14.874316224618317,1799.5551168290265,True
575,M3,63.07252869695726,0.8114972325903493,98.83642157024792,14.861170052890666,1786.9524584566236,True
576,M3,62.42960512426641,0.7672767532449963,98.69618231810544,13.886026263116591,1789.494799498798,True
577,M3,63.805234602936615,0.7155440201455042,101.08734740742955,14.101514488825433,1793.7705926451306,True
578,M3,61.1255949870358,0.6926271755808142,98.27121881632604,13.442525235995122,1797.8097158962876,True
579,M3,62.18239955436026,0.7584670209315945,97.7500475945031,14.11938339395901,1798.474395000318,True
580,M3,62.32857016595275,0.7467099838120225,98.52755044303916,13.642838433109262,1781.398611508576,True
581,M3,62.76432947800625,0.7800447233562164,102.32678724175325,13.377158161362441,1775.3941027364156,True
582,M3,62.458754833901324,0.802999271202585,95.91329830292715,13.54308882812809,1777.7687763372373,True
583,M3,64.25717534665719,0.8298355655485604,95.12665186945902,14.60587123780903,1796.1978146970746,True
584,M3,65.18834827117618,0.7773383268875977,101.32877771357583,15.278143631450252,1778.3650312490659,True
585,M3,64.27746578151297,0.7239964639752852,99.86273954552766,13.885064090477519,1807.6975434447456,True
586,M3,66.14020808022343,0.8115980870781346,97.12632594068772,16.206994893015317,1793.6528176753754,True
587,M3,66.58738764915333,0.8303218027417578,101.00687806015324,15.513016346944175,1804.7426706041936,True
588,M3,64.91534077865391,0.8714566225697794,98.89828944721094,15.277520102713659,1818.39643547749,True
589,M3,70.06594730648301,0.8985255501498728,99.42401916743715,17.20988690395507,1795.2442379701934,True
590,M3,69.39716675175902,0.8276009015159036,105.59535403334452,15.954346433712805,1811.0069699767264,True
591,M3,66.5754925997918,0.8069301057410487,105.0579536573005,15.716171630963808,1811.7616529604531,True
592,M3,68.84516317197597,0.8141850025154099,101.25476808775942,15.960181616506192,1808.7415777172605,True
593,M3,69.63121981847375,0.8724338781518137,102.31728963718122,17.805791276362502,1813.3805148673175,True
594,M3,66.54267795067197,0.7750568125137134,102.50760371732169,15.481541898237861,1807.857853819814,True
595,M3,66.63378800712829,0.8257392915307468,98.90509835063696,16.806180052106672,1801.462413808317,True
596,M3,64.60978859826115,0.8260962901586876,101.82089832231311,14.904133511512859,1806.7516066538715,True
597,M3,64.5663696839417,0.7200991620418268,99.664613202259,15.07036547926507,1815.1984472806923,True
598,M3,64.1960280160118,0.8677719342656168,100.98519341033355,15.028362138546447,1799.683706852866,True
599,M3,64.3131601725039,0.8986094716509851,100.28258981357605,15.75390896029159,1797.116516404047,True
600,M3,64.23557205179814,0.7741174679576728,98.00487387734006,14.781537273832539,1788.466938726612,True
601,M3,61.33079534223356,0.7307531196182175,96.69729463321855,13.97433088373796,1790.947339620905,True
602,M3,61.68670038564449,0.7446637205189846,96.78910299234047,13.727956110021674,1792.5859818621527,True
603,M3,61.66855508344425,0.782750960075406,97.98083252858044,13.184376321564672,1772.687375735459,True
604,M3,60.17668705249153,0.7481727378692667,98.51339330566424,12.980767164397905,1792.2557432382273,True
605,M3,61.31141194224041,0.808634357436203,101.61287747883391,13.918024047728188,1790.0549104108854,True
606,M3,63.86904476368233,0.7077953818428685,100.1199231000713,14.82902139364631,1788.5368809779302,True
607,M3,63.22179475460071,0.7501437515250745,101.12256927920531,14.405953216315263,1784.7617889277606,True
608,M3,64.38779345691923,0.8016978114566803,99.00242929117088,14.728259635345102,1800.5893707503362,True
609,M3,62.68889029508382,0.7780657021709998,101.89558214518118,14.442641921310518,1791.5217616651237,True
610,M3,63.57267520446909,0.7056714215177463,102.29003994759303,13.419884460526038,1824.130863698164,True
611,M3,67.06234064921192,0.8305977970496852,98.5627943885864,15.359402631037616,1817.0548552090704,True
612,M3,66.99538746094329,0.800300681106562,101.14610279296319,15.487316450568924,1808.7536945190943,True
613,M3,68.13656107316221,0.8656825872105977,103.77190435157227,17.023494725253673,1807.0665717688635,True
614,M3,67.06213173585007,0.8423913882758481,101.26302420195475,16.198728992607766,1811.3405029336507,True
615,M3,67.33908796674959,0.8195504008465714,99.37351315173915,16.25764450248708,1826.977042611698,True
616,M3,69.31748826941767,0.900950051816951,101.04672413095476,18.125079327094625,1817.159428767215,True
617,M3,68.90873657219176,0.8531217798935823,99.28859904330325,16.712412073647847,1806.7256750925133,True
618,M3,67.26771642869915,0.8233817839604453,99.05502740195685,16.52831096347575,1809.611817989621,True
619,M3,65.74789259659197,0.9347141888040879,102.41032292207407,15.829007300246113,1805.930782251576,True
620,M3,66.5289114042307,0.7763299723927604,101.05158565375886,15.025014612713674,1808.563915520742,True
621,M3,66.21290934871612,0.7552288975990836,102.79440062897258,15.338191090572364,1796.9792647556635,True
622,M3,62.776052213185,0.7630851350759328,97.72342501317584,14.96137866919426,1793.5253984515753,True
623,M3,64.91599289167999,0.7518130429073208,99.56196091868215,15.31699215510061,1798.4378196238063,True
624,M3,62.243415310001474,0.7749584404755377,100.08297465478016,14.380385067455432,1789.8639269177968,True
625,M3,61.73421589654255,0.7458207580370493,98.76169073376768,13.418962188761885,1781.0551408950846,True
626,M3,63.20069629902178,0.764193887455354,97.3989304450689,14.436762626923139,1780.3010130712296,True
627,M3,61.97746809398593,0.8027697451879463,99.99336206481965,14.709892966670816,1774.3257285532495,True
628,M3,60.995764485272915,0.6475907253269971,96.80813860092393,12.44694906902178,1780.4099772077827,True
629,M3,60.727562691274855,0.7980326215935206,97.29817341460951,13.21657715437848,1791.5611504116393,True
630,M3,62.61680080245461,0.7692050635750052,100.53749606048338,14.259170090967965,1794.0681830619965,True
631,M3,62.22296514953745,0.8093473978302438,98.18317642386526,13.531569721486512,1798.2091803272679,True
632,M3,63.820936405694475,0.7242862046955117,101.08104042093204,14.292298569839224,1785.4022297288218,True
633,M3,65.60215226456877,0.8997417127079237,103.26025037245576,16.002266434483506,1805.0353324180542,True
634,M3,65.5457783362112,0.7943657382661957,97.2419662246194,15.994786413503508,1810.2806240614705,True
635,M3,64.76938694218997,0.8114743108860937,104.78636007873128,15.163987811085965,1796.1364242006284,True
636,M3,69.20997885458995,0.8783603097925236,97.54721584952301,16.89389629534406,1808.1941636106062,True
637,M3,68.28526359402679,0.7552741313655218,101.72077377710505,16.55123257162739,1817.776119114604,True
638,M3,68.86012568136194,0.8482704689065218,100.53858822969947,16.566489253674163,1815.6262470738807,True
639,M3,67.9667012706985,0.7919736384046667,101.94301366017345,16.339320649603422,1831.2966281120916,True
640,M3,68.76705952083132,0.8966586948889538,102.70821533336888,16.073391539172064,1824.5004991558485,True
641,M3,68.54938074357447,0.8242199396569834,104.83568274403864,16.504733246011046,1799.9675988918948,True
642,M3,66.98714759415704,0.826932372570763,103.26758259651271,15.519436768342626,1815.5425116558174,True
643,M3,68.91753008350389,0.9600021799021508,98.30979782759086,16.36988934228233,1784.480895022665,True
644,M3,64.35931116311355,0.7624717892623999,100.89713700554886,14.548917643750382,1806.069372080535,True
645,M3,66.86859952681135,0.7297385797766532,100.01609294263955,16.3304100213966,1800.5731707773866,True
646,M3,63.91790364864604,0.7987313198495367,100.3113901326717,14.276242237131381,1785.3995256745902,True
647,M3,63.408904339883264,0.756488952836415,99.56126138632906,13.942440473610986,1794.8293333916565,True
648,M3,64.90916459097507,0.7337147134187566,98.3656760344807,13.747680366832057,1790.3640895046437,True
649,M3,60.465576118068135,0.6641846188803875,96.33983386236348,13.840628009198623,1773.2965941358193,True
650,M3,62.37950838789691,0.7249980358742609,99.1469353072678,13.770410220663525,1784.0734092526031,True
651,M3,63.74008242849323,0.7326358126290341,101.6628960789116,14.229491422396057,1778.7293531267305,True
652,M3,63.18118266879028,0.7902636315419137,98.37029042690567,14.089580953453032,1790.4286082871217,True
653,M3,62.71259667318914,0.7980539914799675,97.78073023617245,14.390185906822008,1792.8435150416894,True
654,M3,65.88948570468706,0.7849721651702091,97.92824729083863,15.527564024274339,1777.579287589223,True
655,M3,63.93122971669267,0.7124319508278172,101.02072239915104,13.324182818149893,1803.1464525494468,True
656,M3,62.96267527534467,0.7793180215667341,98.164528871627,15.491014150143997,1790.2007267968277,True
657,M3,66.52597432035917,0.8111536324930326,103.49503448673893,15.872301058703467,1785.5733078624658,True
658,M3,67.06560184748255,0.7713087035551365,100.77698628402136,15.49597207574887,1801.6387901610817,True
659,M3,66.42982190017621,0.7849874871505332,97.34954651146394,15.83380539467929,1807.443901309538,True
660,M3,67.15339983059056,0.8828380878514178,103.5049663974705,15.163780013177487,1819.37598632753,True
661,M3,67.50840962727337,0.8417333259393677,100.37075013285879,16.789211640942977,1813.6453098337868,True
662,M3,66.58476794434502,0.8024932369769954,98.76783350074136,15.276024074221713,1830.5803580790264,True
663,M3,67.9695919579218,0.7146162957462672,98.56801161095453,15.205939438296074,1811.0127765939742,True
664,M3,69.71959579476123,0.9468158674849664,98.46336867215727,15.746944118946546,1818.367680471098,True
665,M3,67.61562443557085,0.9092034814371258,101.98280869663431,15.765613841395183,1807.1325846561751,True
666,M3,70.98236221752825,0.8891832137799491,101.50219649093185,16.10540309484278,1815.4644505507736,True
667,M3,67.48097366011821,0.7316722560377231,103.89926747003956,15.69150825810115,1793.3409296003138,True
668,M3,65.1661176136078,0.8467966121735307,97.47344016872088,15.233268874809495,1805.6115615094204,True
669,M3,63.10999456266021,0.7546025921507401,98.72827294865391,15.043087933997764,1802.2778999268874,True
670,M3,65.11175564939401,0.8161095681914259,102.55829386268418,14.227012711254064,1789.9700778608183,True
671,M3,63.94399993027394,0.7629510398888752,98.41130965803018,13.940482997369472,1803.4419588151843,True
672,M3,63.70734172579072,0.761934844266989,98.41954597002757,13.82335846694289,1795.0398891090445,True
673,M3,63.3394042939191,0.7314539596283199,96.41120676104482,14.089368205221238,1784.2352683259883,True
674,M3,61.7077164722758,0.7723014987773352,97.59787416622031,13.708942324509072,1783.0355090225614,True
675,M3,61.44505586370042,0.7002142245229336,97.973197213339,13.911039216538107,1800.1690935148779,True
676,M3,63.127576167829304,0.8008057503443414,100.36800940286055,14.408111375220841,1774.605494073653,True
677,M3,64.53047987699364,0.7413034385853933,99.35657585031902,13.206218937488023,1791.0370673806312,True
678,M3,62.66816385289419,0.7655552570137998,97.5339074421127,14.486979797197437,1788.1307340147268,True
679,M3,64.47857931610565,0.7311649330542845,101.17650110428383,14.195692906140229,1789.3013295430953,True
680,M3,65.47764061422501,0.8768621790791862,97.65489717073767,14.245253077332467,1794.1419761405384,True
681,M3,66.01968208171779,0.7980007838246129,102.03537982375606,14.4821944126046,1792.7758887935859,True
682,M3,66.44282218165174,0.8233155257322269,95.95200071403058,14.438189734415001,1791.9521222337123,True
683,M3,68.33777170788872,0.8713931268383821,104.06566278602425,16.278117087521583,1806.5117377712577,True
684,M3,67.19277001538798,0.7804567910537678,99.70814765448455,14.941977137716872,1819.7953697376386,True
685,M3,68.50809239927052,0.8252143681534502,99.38277305758824,16.186769204847238,1812.2371595826617,True
686,M3,69.26206939455489,0.8202125537299052,99.60884420866893,16.168867914699497,1820.8927771773872,True
687,M3,69.09169365394024,0.7850703456185399,102.14709310934767,15.903902500853237,1826.5927511518528,True
688,M3,65.72870387243506,0.7646558209363464,101.71795537642849,14.971942711879539,1829.441413311179,True
689,M3,68.01655777105672,0.8464932788610879,100.98606109824203,15.458213295717336,1809.2031411513137,True
690,M3,67.92655039428314,0.9140772806409675,102.61982604542361,15.843111696988625,1807.7474318903649,True
691,M3,67.47512558955461,0.9211015994588719,103.47589226963902,15.466798097515694,1802.8426678634482,True
692,M3,66.4244359435735,0.7762556176293428,100.613553816512,14.977702304762802,1788.3690764169294,True
693,M3,66.08499305187868,0.8347073754491537,101.43787963909229,14.760325280527951,1802.945244578998,True
694,M3,63.57075180133573,0.787152652406962,100.9167207718221,12.544139039083085,1806.1574824575177,True
695,M3,63.58238764076783,0.8022436512670272,99.37157327075087,14.267198453556755,1809.1089962125914,True
696,M3,62.755831659005594,0.8029303067466272,97.60111842969484,13.586457407605963,1787.5841877512933,True
697,M3,63.49069585316618,0.8189281491519335,99.52198353884029,13.655275805598166,1785.8069804667232,True
698,M3,63.85116428966575,0.813346695459918,96.94222201234305,13.771497913145613,1780.4194337255665,True
699,M3,63.14922088693697,0.7631549086103369,99.9712292458114,14.130762392535008,1793.2135955774468,True
700,M3,64.78046734900481,0.7905437142914401,97.11365114643452,14.302474648153373,1777.8923205050062,True
701,M3,61.335284174752886,0.7101112299228539,98.86594591407471,12.948837642952034,1775.293917551502,True
702,M3,63.88937410558924,0.8671685501861067,96.56674053156527,13.217306737213681,1783.6583395877276,True
703,M3,64.2105551292634,0.7719134743835868,96.91584419592317,13.795414505268488,1790.3323685168828,True
704,M3,66.33613325888894,0.7864213745735893,99.15851850236346,14.502009242843293,1792.4389532478322,True
705,M3,67.3351366742488,0.8905982031448624,105.47450491544949,15.214433847714455,1784.0172728221576,True
706,M3,67.62279758984064,0.9218998143015198,101.04463815241344,15.633696059980076,1805.0795746688618,True
707,M3,68.36656707257984,0.942348532835286,102.57292067028496,15.976697143803438,1782.608351249977,True
708,M3,70.14056585661687,0.8691786108461123,100.01195071170721,16.165657170050196,1802.6786361594943,True
709,M3,68.02314942619944,0.8139853628727615,103.23875325335796,15.518167310671963,1791.2369437789473,True
710,M3,70.33685917313366,0.9136822274299387,102.97794060124392,15.735600471767228,1811.0749321460185,True
711,M3,68.50188686292962,0.9181227737004815,106.36623014122296,15.954470014311521,1807.936218527929,True
712,M3,68.4413720251878,0.9014685408616183,100.52522387771526,15.455037995753147,1821.7624208936638,True
713,M3,69.31104241812488,0.9492632066217678,98.2185907974657,15.69621086720857,1803.0067505542434,True
714,M3,68.82245098040848,0.8970453706025341,101.26770361050593,15.825800450539361,1797.3864694981635,True
715,M3,67.78514989120376,0.9147683926410449,103.8251394843087,15.736692555624144,1799.5978280754994,True
716,M3,65.94003994809037,0.8598869015270962,97.36720289358276,14.63362567258035,1802.2267358880845,True
717,M3,65.2835413076626,0.8386118130802818,100.04120686704893,15.050356841199392,1802.8990738175532,True
718,M3,65.74732215966927,0.785701039698471,100.80531749717387,14.061390691898751,1806.807382069886,True
719,M3,62.62580483464118,0.7116718863614084,97.95408345677261,13.209766051047932,1793.3841059653466,True
720,M3,61.84847793729129,0.6975196914029413,98.28528517412661,12.22782891508189,1776.266208751291,True
721,M3,64.0888346062654,0.7554331385436822,98.3260253868389,14.108279661490227,1779.8654299018724,True
722,M3,64.14482398167583,0.7659939090216653,98.86270501486368,14.107054950150214,1784.756605212352,True
723,M3,62.48279085053224,0.6979736808195904,100.03987069741527,13.116962350069993,1786.1308832466934,True
724,M3,62.205319314121375,0.7814015601636534,97.04189884839221,12.160639700143907,1789.5254779771656,True
725,M3,63.32472817978337,0.8095620946818791,98.56975331872071,13.81298572691242,1785.2995829896774,True
726,M3,64.50808656331273,0.6992192143262095,94.60746348000471,12.8909797951988,1787.6903681335873,True
727,M3,64.10791492526663,0.7680000879858853,97.94144324153822,13.387548269119494,1790.2170801928528,True
728,M3,64.0840612558365,0.7498027472638071,98.46022946388536,12.701525477059958,1795.99213194012,True
729,M3,67.69039110239893,0.8669174678769183,98.43293910191304,14.185338849534663,1781.5577059783673,True
730,M3,69.13902076386935,0.8696011438982966,103.2458765831073,15.364923448230533,1804.2582921006049,True
731,M3,67.38573278803041,0.8214775144670424,102.07317456624367,14.602674912410167,1793.2655698602123,True
732,M3,68.03024346525739,0.8618702055548432,101.23437437647881,14.064096810996304,1799.018337884011,True
733,M3,66.86607835222371,0.8231857670788677,100.81759679510985,14.592363482699776,1806.0889810356687,True
734,M3,68.96810045690363,0.9120452296242134,101.36074837943104,14.906451201369483,1799.52706900657,True
735,M3,69.37489879783071,0.9266651959585239,100.3097195714007,15.000199245285172,1802.1849093910878,True
736,M3,70.34339343874132,0.9230242710370665,101.90997828308046,16.500741888892904,1789.882553524666,True
737,M3,68.88328255766244,0.9272648114659683,103.97968638782558,15.23978752272609,1802.839560238116,True
738,M3,68.27785325101445,0.8718123956052285,102.59045964860817,14.691650643584591,1804.1619745638732,True
739,M3,67.91864826669207,0.8933404629864932,95.48865152013815,14.95600581628714,1790.4283549319753,True
740,M3,68.93289845408162,0.8704978679075783,100.44816742487592,15.5512965962318,1793.0456671560228,True
741,M3,66.20014134865765,0.8110356640750066,98.49129903060206,13.867971362418904,1792.1646129637859,True
742,M3,64.25356480680188,0.8118258875504374,100.96155852868566,12.783462433719444,1783.203723257865,True
743,M3,63.01958410729967,0.8204334562524954,99.89867534714763,13.01580522353562,1772.4356547181137,True
744,M3,64.0708522689114,0.7719576159744558,97.59270880408987,13.216751193650456,1785.2286590077724,True
745,M3,63.58073455196573,0.852324417043699,97.9028396805896,12.985238230665125,1774.0974018685897,True
746,M3,66.50330543060282,0.9249092222312454,97.89240134347989,14.226630777106605,1758.3460227151468,True
747,M3,65.19993932025494,0.8294278156800153,96.55065937866217,13.022723563507459,1765.7157190599598,True
748,M3,63.47771491672915,0.8916240542895858,99.2899131696748,12.612654695392713,1777.400928867556,True
749,M3,63.82728227371406,0.7921678058768638,98.5959274410208,12.577848821229368,1782.5544287023765,True
750,M3,65.563381938363,0.8702595917330006,100.21827156963447,13.883937494213974,1771.1202944852373,True
751,M3,64.75974109762136,0.7236311793883563,99.54206271733538,12.755435692770936,1771.4519150918015,True
752,M3,65.32719603888077,0.825053901838156,99.50549860473015,12.975490685010167,1780.4052411638434,True
753,M3,69.85076125059759,0.9367711767257973,100.28066252553685,14.683321766632032,1775.7921113754223,True
754,M3,70.53174133025068,0.909671117109104,101.14761918931464,15.57571221177873,1794.424837722815,True
755,M3,66.79939468070503,0.8208327449750864,104.22703379233661,13.411725741437321,1800.9771655063764,True
756,M3,68.36897469382325,0.8808611023797889,103.73286088277442,14.700942522324407,1778.9327943436756,True
757,M3,71.3109733256509,0.9219031843068238,103.34119719355598,14.87257571529689,1793.0713576369005,True
758,M3,69.47093872815242,1.0229422675719304,103.44387361913496,15.457445038021731,1803.4926599481694,True
759,M3,70.7001194301408,0.9262041703787615,102.81861564941514,14.502983568306417,1798.6346998303516,True
760,M3,68.4929537134279,0.9205547998305925,98.60761241793597,14.21716486542391,1796.5524063768855,True
761,M3,71.05345359929461,0.8917750959519659,99.185159324169,15.011829548139682,1805.1601771575185,True
762,M3,70.89783723348296,1.0524687707581524,102.8938621697912,16.09417328716917,1793.1876188305189,True
763,M3,69.3974346338433,0.9524783241787692,99.9363701952952,14.821746246005288,1788.1197506227907,True
764,M3,65.46999678681765,0.8483240807955964,99.76671244607728,12.130553455694047,1791.8130172135047,True
765,M3,66.7321987937668,0.8337374688474232,100.93219325846033,12.616520284277813,1782.567914670161,True
766,M3,66.40189810545408,0.8275765708767655,100.20391120881229,13.586437946353161,1776.1504748165519,True
767,M3,67.42639125592176,0.9525834480136814,96.96467377252746,12.819992551512307,1772.6130884195022,True
768,M3,64.7929438255771,0.768105963803681,100.339024471043,11.652938982765502,1774.5036592299834,True
769,M3,65.62810544874489,0.8862157666223272,98.41328307805676,12.458970330357145,1757.0081790617737,True
770,M3,65.51506903588692,0.8602737507534365,95.64945742857014,12.560594364259984,1767.8106945199588,True
771,M3,65.65442525246986,0.9192288501739164,95.44372824342912,12.94167842330991,1770.769312850153,True
772,M3,64.20535563064583,0.808984403776474,95.92198746920246,10.613457746142029,1769.2215507503383,True
773,M3,65.0432916679933,0.8879022014625684,100.59750625763431,12.762684530426611,1760.293694936223,True
774,M3,66.56686490243962,0.8635437464580205,99.13667157514726,13.146259691559921,1756.1846392031484,True
775,M3,66.30313059989969,0.8646753437547712,99.22103750946631,13.294242267268052,1761.6297857334266,True
776,M3,66.57542323923303,0.928717989452217,100.0650953983366,12.812261813552267,1769.1271191369838,True
777,M3,68.52426921555825,0.9242715155426828,101.88774558226469,14.026144877751033,1769.4819677681387,True
778,M3,70.96384931615853,1.0014901580334539,100.24027158850926,14.6982445068385,1771.8748411877727,True
779,M3,69.48727879183765,0.9371845045622956,99.55371637824518,13.896180715814832,1782.4667210168834,True
780,M3,68.5247863099716,0.919693626026097,102.91823738104362,13.587890681148949,1790.0394598687963,True
781,M3,69.82450108813356,0.9349377007845951,101.02766836911607,14.452908796979074,1773.3391783371897,True
782,M3,71.82762241925397,0.9688662411376316,102.26043047886525,14.18685972730712,1790.2112512700278,True
783,M3,74.55830007853811,1.048757119828752,104.7196170685589,15.956867339620095,1774.2660862912544,True
784,M3,71.84622869896657,1.024951886164359,97.97918910362408,14.906046349484578,1784.2244664702573,True
785,M3,68.75084951443893,0.9046301416960707,101.18565703688044,14.013463132598918,1778.2256139675392,True
786,M3,70.04019805037558,1.0030443649736427,100.29583572179278,13.629272938703707,1778.7581032613114,True
787,M3,69.66558062151144,0.9851337274226489,104.03618248644622,14.747967089868467,1790.7421128827018,True
788,M3,68.65515765291678,0.9441260297528113,102.00636655559349,12.907166507214333,1785.1437058755785,True
789,M3,68.44134689729565,0.9515851033320034,98.08851096809312,12.629167727173469,1769.012694205891,True
790,M3,67.5854180283863,0.9374196753506371,97.15146985536252,11.965261717435881,1773.9074392118282,True
791,M3,63.977205646136014,0.8592144745303065,99.95119520942488,11.434835378079136,1777.2216581456769,True
792,M3,66.65134165624545,0.8454097293538303,97.15097103127273,11.810121640886349,1773.5578791884566,True
793,M3,66.88672555719035,0.8406815463597517,96.8240423645533,11.7461870638748,1763.1321513065197,True
794,M3,67.31426021451347,0.8821445704511544,99.4929689283891,12.805505467900678,1765.155241978085,True
795,M3,65.55713966804784,0.8227684981713473,98.01266853001803,12.339890265132698,1757.4997157812713,True
796,M3,66.27715920759616,0.9288162969701885,97.4341889069897,13.143807758004098,1752.9021910968986,True
797,M3,62.62910086324376,0.8558820324547627,93.96785815424049,11.441215943290077,1756.8336814115803,True
798,M3,65.99956014405285,0.9869276227141398,98.39508687907023,12.197511796772975,1769.9694202891171,True
799,M3,68.50370394223303,0.9834209994721604,97.35609523627777,13.533795152245421,1759.9924920389312,True
800,M3,70.34623171683258,1.0286927595880835,101.70189194904717,14.118884659325106,1748.6534747138967,True
801,M3,69.09166024067075,0.8899042151243968,103.8472356778347,14.170420501641848,1779.188783765525,True
802,M3,72.29291989501078,0.9020396088597968,99.62924562884535,13.994635143993902,1772.2749598683647,True
803,M3,72.30711929084612,0.9418644565982689,102.87523422867513,14.547403943577434,1787.4255683928627,True
804,M3,72.22405426679434,0.9333537253018446,101.39102977483476,13.48761254474633,1778.8945521123403,True
805,M3,74.73198812865601,1.0434495548249365,102.57833239485655,15.150315185738112,1782.0177435336243,True
806,M3,73.37577558682142,1.082735577753962,102.34770920257024,14.06188386373697,1780.2543160746593,True
807,M3,71.9874651256142,1.087550068504509,100.39122005367176,13.687712014583356,1776.2527722452776,True
808,M3,72.41749720493195,1.019126915068007,100.35410946715089,13.986197785589933,1781.0211998769762,True
809,M3,70.8704842506819,0.951454699506592,98.07379057136896,13.36323290908558,1782.2979612900767,True
810,M3,73.07365747926977,1.1578262646020556,100.50108534575457,15.08665142051537,1783.8115828721732,True
811,M3,70.72863719759606,0.9682530063791321,100.08174937432737,13.232494398690092,1782.1217823483466,True
812,M3,69.19899260351588,1.006823638418959,98.64547287489147,13.244525036407419,1762.1832447098132,True
813,M3,68.79538821809021,0.8957403801805025,97.28305104533496,11.767192659542909,1774.540980206716,True
814,M3,69.02635174895981,0.9654806264141662,94.89550221832509,11.996003805513888,1767.483302923065,True
815,M3,67.57809551836236,1.0324081324654744,97.31959389419822,12.563772732754694,1760.3802297162938,True
816,M3,68.52875198449038,1.0184950147244387,98.8300759866839,12.414115882706131,1738.8964008147086,True
817,M3,68.86318389567387,0.9479022486507281,97.86849995523153,12.415738904863169,1744.4124531150615,True
818,M3,66.69467169810058,0.9199017309943286,97.56176650821091,10.905351645001542,1748.71172068053,True
819,M3,67.32793849557582,0.9880610707279129,99.77439961675124,11.381644091500851,1746.8652173654675,True
820,M3,66.5476170953836,0.9013468099911057,96.30836787371256,10.669588874582345,1757.0668590998985,True
821,M3,67.8464102797902,0.976919748842763,96.77745708756964,11.339739382594091,1757.7262811082514,True
822,M3,68.62053893758114,0.9724239977728032,94.52414529530142,11.867430101450944,1747.5773482716747,True
823,M3,69.6172233663542,1.0181823203887266,99.29218905940249,12.611483787664094,1756.4561925253176,True
824,M3,69.78747231587161,0.929549887087782,98.78696107702937,12.43846074416723,1767.0044411742608,True
825,M3,71.43259506399288,1.0566109925070426,101.47033790070618,12.792607109831362,1757.4691309198067,True
826,M3,71.69717440343902,1.0116865526347707,97.49652320878445,11.827617502249288,1764.781835556661,True
827,M3,72.31949180564277,1.053475351932031,98.6022052102081,13.887098113982141,1763.4379424433773,True
828,M3,70.06019159844162,1.00498042043018,103.24869719890587,12.318725757499402,1774.5681347573916,True
829,M3,73.3955859315078,1.0667160105267182,103.93082585392446,13.81805178831239,1785.6056054727248,True
830,M3,72.83726268604076,1.0342956536421977,102.82574602809646,12.9715178928402,1768.7832478373305,True
831,M3,75.23480274773115,1.0290989423842534,102.45731608268173,13.725676162763511,1765.8209899780281,True
832,M3,72.99680775693028,1.0999661938551877,102.51334980277943,14.109566739553529,1782.0232957515864,True
833,M3,71.61899034647301,0.9934003248631096,101.7971488736832,13.192298242008201,1783.7752535017949,True
834,M3,71.44787760546458,1.129800522202678,103.25976227855588,13.719650952925745,1780.5769333373107,True
835,M3,73.32744641572404,1.0868130606404487,102.22908336945294,13.899214173374823,1754.4843517101292,True
836,M3,72.97734016759672,1.0341509396819193,98.472239816302,13.209372324898624,1753.5474576020176,True
837,M3,72.20246634689477,1.095586204906871,99.24258523014504,13.23136171217695,1750.5556943928902,True
838,M3,67.59375940268367,0.9026454841439197,97.60561406427281,11.747467942494167,1749.4309765699113,True
839,M3,69.16773558333743,0.9327173397410469,99.7764321905647,11.556321866894022,1746.2063064676868,True
840,M3,68.94306147163122,1.0107199599194001,97.98698285965942,11.716483818810321,1748.8773910051898,True
841,M3,67.5576832667946,0.9449979697651492,97.09008061309777,10.454894366742938,1733.3128274669655,True
842,M3,68.49905198507565,0.9612208977021552,98.3769857974152,11.522580346073056,1751.7268594208365,True
843,M3,69.36853646370176,1.009555508361909,95.92319735061608,10.961879974540821,1741.6425966803165,True
844,M3,68.92778565343565,1.04949624795805,99.55021108277957,11.407818100272046,1722.7103609042151,True
845,M3,69.89915625115141,1.000907066649121,98.25846442425618,11.90227988946188,1749.1201355735682,True
846,M3,68.3351714566033,0.9208516519045811,102.38973780324332,11.0743914017633,1734.82577553582,True
847,M3,67.85765640340146,1.0685675840568942,98.2234680168144,11.58626663750424,1742.3104699136986,True
848,M3,70.00810266404137,1.0565677102065687,100.03081371362697,11.877945618732523,1744.2034974647777,True
849,M3,70.74335909722544,1.100394746346634,99.00742355947818,12.60024588102728,1753.1286863114271,True
850,M3,71.83742433666536,0.9789236332752491,99.51305028576742,12.424061447112077,1755.0459238299266,True
851,M3,72.84168964794935,1.1581747349059606,99.4661766776708,12.091381534037918,1769.5131534800203,True
852,M3,72.97820305743662,1.103546799079152,100.39737192151395,12.879480113413736,1754.4976653891533,True
853,M3,75.31869428732837,1.1239410041180493,101.92126190551312,13.533560687787388,1764.6386394993608,True
854,M3,73.93343623148523,1.1771227882757387,102.71135785753174,12.870742793319636,1767.4886297144672,True
855,M3,73.64159526156753,1.1386347130420793,100.5287040525744,13.412756603711426,1765.027899568127,True
856,M3,76.85552465199032,1.141226301417736,101.86651183941594,14.539708725291284,1766.9679087073869,True
857,M3,73.7132906136503,1.223697797256386,103.20345171690654,13.547863662803778,1764.3820775796403,True
858,M3,73.7211190828105,1.0142764246698752,96.5318981436278,12.225321915840052,1760.2183574678381,True
859,M3,73.4123839872889,1.1023786669564923,104.312625688903,12.756481909552875,1755.449870841379,True
860,M3,85.69639813133763,3.049743480561891,100.68400993918645,18.468885371003026,1562.5983726135082,True
861,M3,88.53282958267577,2.5749087741937084,98.62966214537069,17.55524087250435,1629.8734232854608,True
862,M3,89.12485372730842,5.213874209682761,101.37976655536121,19.76733075993195,1539.0190858520648,True
863,M3,93.80109020201009,3.7560855754389766,99.81972305321874,14.437475417630449,1573.7994241191627,True
864,M3,82.39986170040049,4.384633016164414,98.5318166849729,17.357553780981085,1619.5577529291404,True
865,M3,86.83335826514019,5.344581906479785,97.33037675137133,14.212771008353394,1521.248221174658,True
866,M3,68.28180194344952,1.0660339702466164,99.31236049556281,10.136323322686447,1720.2102788639197,True
867,M3,65.89587405546327,0.936727743791882,96.58817776864309,9.180230909661692,1744.9938799451722,True
0,M4,62.23626675687418,0.7759584072637928,100.15555939062013,14.077521630841122,1795.1848688112195,False
1,M4,61.70414275680649,0.7785194364087716,97.73305000232907,13.476762450824223,1792.7419547628226,False
2,M4,61.91945506763921,0.7226309755992206,96.9936237337079,14.162255642229402,1797.3321851446758,False
3,M4,62.06071812147764,0.7902651800496204,97.36860406435176,13.966111485001257,1784.6841554052326,False
4,M4,61.10513901841555,0.7365900176318787,95.42130001154078,13.168320913828111,1779.2593965798133,False
5,M4,61.16304754306659,0.7539436801586977,95.8441472325893,13.35692052322423,1785.8862799586086,False
6,M4,63.24933721121369,0.7823650354142561,97.9278320066329,15.079190504589771,1779.2778344126623,False
7,M4,65.0585052527294,0.7800494426539962,96.3068376919336,14.48813519914237,1783.121238202524,False
8,M4,62.66545529535633,0.8018276244536809,98.50109954462695,14.287501949612839,1769.8308923208683,False
9,M4,63.60506324696513,0.7668246488465158,101.10451536686854,13.573435177465285,1795.7496056842176,False
10,M4,64.60627839562196,0.8174522685323871,97.03801231932333,14.128762238658576,1806.9704679490417,False
11,M4,67.17644576878553,0.8439737107922974,105.28933482904058,16.790990470431883,1801.5557506595314,False
12,M4,68.17828811217447,0.9731823485849666,100.82333844656186,16.777829769692595,1802.916933541558,False
13,M4,69.63898007945484,0.9108612027716728,106.84446056656996,17.169896706763794,1809.7426918619592,False
14,M4,67.50727802910433,0.7556908448742682,100.52948248921223,14.840846812018356,1816.6583679190844,False
15,M4,68.84469577006611,0.9708077325742387,102.17607568922143,16.426059793008083,1812.7568120164797,False
16,M4,67.50095302721607,0.850033026442414,102.43708213121118,15.605333016602351,1825.9347060558366,False
17,M4,68.60960484706982,0.8709188869411078,99.92453045156589,16.008102154892978,1824.4394010204487,False
18,M4,66.63197048567808,0.8626200626777447,99.66558687319294,15.70836942811166,1800.1200831803412,False
19,M4,65.84054461797614,0.8453016019389142,99.6964817521582,15.461011999615007,1818.1317239026162,False
20,M4,64.31683341305471,0.7909981160759202,104.04524132710043,14.953708816502571,1798.6774241179971,False
21,M4,66.11999714690054,0.7597112171807936,101.22794770286818,14.442963892425567,1802.6942503595642,False
22,M4,64.75717136961585,0.8379041000745745,100.94751321740394,15.268581497793173,1791.1614463104684,False
23,M4,64.13709962484174,0.7665428140253008,101.73072389508502,14.073904625601196,1785.902544119955,False
24,M4,65.07026673296724,0.8147544079044534,97.81862565804708,15.619675283364982,1784.8477986324415,False
25,M4,61.467214922641695,0.8302014644872923,99.7364609412061,13.127030304491747,1772.5227152209222,False
26,M4,62.23054960809155,0.66710775612882,95.35991488706793,13.369524722907414,1788.299173618938,False
27,M4,62.44261052675883,0.7812225697450352,97.16935646008496,14.619504794147579,1788.1116542670775,False
28,M4,62.939292565523054,0.8393567621552126,96.66103668670657,14.132385660208055,1793.6411138274652,False
29,M4,61.45175593075246,0.6750396733963689,96.67485214132869,12.902852176390459,1769.0574828800218,False
30,M4,65.41214779461485,0.8482565229076221,99.56820521807724,14.915494975896918,1783.662740878345,False
31,M4,64.00159751762176,0.8214761870199707,96.77384535700246,14.125315961798496,1792.7123803068152,False
32,M4,64.53350996067564,0.7879757559811003,98.69913530071207,14.176821971547666,1790.352413017017,False
33,M4,66.02533537199037,0.8557556235715433,103.88500251460012,15.312615234853507,1775.6489050486393,False
34,M4,65.7184659314156,0.9093524507556915,97.24568325008444,14.805385015341509,1811.5827644060953,False
35,M4,65.91818703810091,0.8666038337629847,102.36829322332412,14.99021195623049,1800.1390241270908,False
36,M4,68.97948163613331,0.8957669445201656,98.46508354853837,16.04937874288973,1805.56499044205,False
37,M4,68.93265941624087,0.8703442761340962,103.4762697915932,16.4845765149304,1801.2521600234295,False
38,M4,67.03481784996447,0.8577349404549351,103.07885210162318,15.992110417193164,1819.921592321949,False
39,M4,67.56181017079096,0.8641449734880532,100.69181635584602,16.35040733972316,1806.3304384379555,False
40,M4,68.13397269172081,0.8637851875619098,102.61613058628954,16.30976431412428,1803.2499873688812,False
41,M4,69.24877990403773,0.9714087881226056,101.90131331381654,17.391064581792048,1817.6917751973867,False
42,M4,67.41980532613938,0.9155975690946706,99.03505560725402,16.076508488027024,1808.4019023396427,False
43,M4,68.98839673647072,0.9547000387452097,102.63851428963441,17.14090240014037,1810.3655830966231,False
44,M4,64.89918724559536,0.7564104181938964,94.76089235615878,14.237615147501357,1807.1673088083623,False
45,M4,65.44976425586471,0.822710843690537,100.20225407529846,14.724289625332888,1778.238234822906,False
46,M4,63.39386247878479,0.7458383537304353,95.60517346972159,14.046706243388828,1795.8937782273495,False
47,M4,64.29179711477639,0.7995333405108742,100.3930743424269,15.387915447445309,1778.7597829791544,False
48,M4,62.83656181596527,0.7748219645829038,97.59570133617484,13.883987668996616,1796.369274448354,False
49,M4,60.663490862447276,0.733506677394617,95.3043571288704,12.373638039543797,1796.6454723832223,False
50,M4,60.51532357273035,0.7116441740537016,96.75580862666473,12.379696542413553,1776.5272702340774,False
51,M4,60.04409741026182,0.6144117374719067,98.09907763781182,12.81600449880911,1783.7527866532687,False
52,M4,62.53153685110263,0.6990031181317293,97.97634648709942,13.968615077468936,1789.459359962804,False
53,M4,64.33151424278924,0.81534057456793,100.39035293515512,15.065898489426132,1792.1157920910139,False
54,M4,61.61842148791788,0.7278789939518049,98.24480910126218,12.814740463130702,1790.344744426716,False
55,M4,64.06743601177855,0.877030247783553,98.7581257110997,14.755443545338602,1789.725498555882,False
56,M4,64.90985724987878,0.807080639152134,99.62664700920473,14.529552728057784,1788.0180756001469,False
57,M4,66.19131038746384,0.8149491382413814,100.13025506001335,16.00773109607373,1800.7397422524032,False
58,M4,66.69759482235892,0.8368211193661036,101.41963340197978,15.735696091389045,1796.5494017859583,False
59,M4,67.18607414346677,0.9452254738358876,101.7218527154362,15.880412775293074,1821.5451783898695,False
60,M4,66.89165522597895,0.7966249697308946,101.86596068778103,15.239285884582815,1833.0653676225372,False
61,M4,69.15039784634364,0.8988801796088582,100.95289153871282,16.217510596025857,1802.6789467178837,False
62,M4,67.1218212793816,0.7763902802531609,101.91267910343774,15.645534341717198,1824.0784737324786,False
63,M4,68.60102525364992,0.919889828258458,102.13760340676214,16.28709771893056,1801.7900592256733,False
64,M4,68.05087145021916,0.883925442945836,99.30273403961421,15.70055019992302,1812.328568019307,False
65,M4,67.38671254863335,0.8270400935941242,99.69342473822392,15.871216892307139,1803.0323357089287,False
66,M4,66.91487387035366,0.8859789722237288,103.0566680084192,16.209523941789012,1797.127183060821,False
67,M4,67.6436340047975,0.8422230491508306,99.4981246376657,16.257796517479246,1783.463331743905,False
68,M4,67.09065090201534,0.8359837735093916,101.71460240192029,15.003570212492912,1802.153022303729,False
69,M4,64.60221063334555,0.8113773471302125,98.68749386116838,14.817383535251121,1789.786465417017,False
70,M4,63.59665358949123,0.7879161594764056,99.5243774939086,14.164125681888518,1791.6256928167777,False
71,M4,63.02821714615189,0.7719461679267128,100.2015578788588,14.083174167093,1791.6779769231866,False
72,M4,64.93659875185408,0.7710889826560386,97.83958363451023,14.992151129239774,1795.2859975021888,False
73,M4,61.175929167523435,0.751119946574448,100.37950734055731,14.2548236470594,1770.9781761948711,False
74,M4,61.31476647781286,0.6834509838085593,97.22529746134997,12.919026633740266,1783.5515031613725,False
75,M4,63.58838716628531,0.8108740186726364,97.41014811261164,14.181523049214668,1777.1413356658989,False
76,M4,62.05912521106046,0.7838967653445839,96.4097538765154,15.077026203450066,1781.4584479571763,False
77,M4,63.02463612711962,0.7214008498864869,98.45639809319971,14.001009673970554,1777.6696197832912,False
78,M4,59.306713543598214,0.5873308120477142,95.40673001440824,12.494579471095234,1805.4272177781525,False
79,M4,65.46925644921656,0.91943495556831,100.32000077548177,15.557743053187881,1783.410013939088,False
80,M4,62.55975487933187,0.8101955754709005,101.22078221503038,14.470701547840974,1807.9752560577886,False
81,M4,63.58745045858365,0.7804887397540358,99.63337546522091,14.317819289679477,1802.120792273694,False
82,M4,64.67894395967727,0.8232201784026415,100.80237122664686,15.347177893771075,1799.3808891776348,False
83,M4,63.682550485365994,0.822953003956996,99.88903447067327,15.42241425691026,1813.6146515314422,False
84,M4,68.49736028339392,0.8277586391737694,101.57101722376521,15.964109425166768,1815.7791123187262,False
85,M4,68.25887664526357,0.9045619360434567,104.00394234804583,15.359043423249577,1812.2438485969003,False
86,M4,68.10581611418225,0.8998584888851291,103.29293227167972,17.280154755015353,1812.8919037371675,False
87,M4,66.43030433642406,0.7501829579121684,103.22137883239812,15.196689198371825,1816.5390828452403,False
88,M4,68.34444564233024,0.8522493663128095,100.66038052500623,16.498370431073912,1808.8496758889066,False
89,M4,66.95800445712166,0.9087078760537235,103.91640067663336,15.76826906758519,1822.8691601875555,False
90,M4,67.75470522177358,0.8213700710933832,99.74020159922422,16.609166751477442,1794.4345231341106,False
91,M4,65.97066140311058,0.8783491208968824,100.24141264732137,15.550350514689462,1801.3370384935417,False
92,M4,67.63679723683728,0.9620815195543811,99.47713311786413,15.658199268546753,1795.317400529525,False
93,M4,65.4122761034962,0.8064750349367886,103.3815494857348,14.72605463224794,1813.7623804741265,False
94,M4,62.598549190137206,0.762750125625252,101.96088594635822,14.936106786681973,1814.3003076681987,False
95,M4,62.607645452171305,0.7841089355429604,98.02658585013322,13.583774715882605,1797.311527610242,False
96,M4,63.05129974450462,0.7340776010719697,98.03430486168673,13.634802598817535,1779.189438327057,False
97,M4,62.98831172864084,0.7395307354705238,98.41476719747301,13.491067487501896,1792.343899507941,False
98,M4,63.453637355618476,0.7025095602279013,101.76109379316577,14.365476454059822,1777.7935775495757,False
99,M4,60.094613423460935,0.7543807330274848,101.45076929919185,12.521762769328927,1794.24890880821,False
100,M4,63.36641917192901,0.7820461303439159,99.60942765988617,13.841129006173379,1783.7682701825397,False
101,M4,61.03113384764154,0.6232668303685984,95.4648944123652,12.790036751232208,1803.4043222809444,False
102,M4,61.76973647787498,0.7214257178277707,102.44367624486561,14.000170839025946,1788.7514714370795,False
103,M4,60.25031266470433,0.72267228711089,98.91156712354079,12.755556930219957,1802.0368610737053,False
104,M4,61.533277971162775,0.7948006029693563,99.40312664439556,13.852594363411589,1802.4736399748967,False
105,M4,67.24650502148084,0.7909151090596029,99.87763241804966,15.962461643495852,1804.5557797423642,False
106,M4,62.62532670502084,0.698000939125193,99.0459945676632,14.980443871765328,1809.0002582211775,False
107,M4,65.25340058541113,0.7615971764357234,98.02035357457362,13.801141705667003,1818.5902710950184,False
108,M4,67.46817929310495,0.769814349922345,100.04916119689322,15.595806479469436,1808.389307328535,False
109,M4,66.46990644970039,0.8103431801789928,101.77512734116752,15.481978343122249,1816.493406013878,False
110,M4,70.47371888906788,0.9269897219029918,105.04004271505858,18.32124392254439,1814.6143815615444,False
111,M4,66.51154268120587,0.8254738925726106,98.79229468186725,15.686249928709318,1826.8168271096574,False
112,M4,66.965680177928,0.7479030562233091,102.27619285985375,14.477279657199162,1820.8730361481623,False
113,M4,68.51648025003092,0.834335376717021,102.9042068172538,16.562122595065762,1795.4710207843152,False
114,M4,66.3869452371971,0.8252424125958243,102.11822257138965,16.24773956520735,1805.5777618698432,False
115,M4,67.4492189257325,0.8174343249428351,103.34815234123249,15.858998271013013,1810.7346536221917,False
116,M4,65.62876764875453,0.806066293646078,101.85501340380267,14.503328966074571,1800.9584364072364,False
117,M4,64.27275089540876,0.7761060135633735,102.00723819308172,15.396506486645082,1813.500756689213,False
118,M4,62.789317931266,0.7488864703203966,100.99597177801625,13.417059031588517,1788.9805107139214,False
119,M4,61.643532890451695,0.6926926911390647,99.93704609455315,14.128111473976968,1787.7966378052056,False
120,M4,64.4426661278554,0.8190241892168485,98.2627836227176,15.265603620438851,1792.259410333198,False
121,M4,62.55055995672206,0.758196739757118,96.46581806530925,13.30169715969644,1788.3797129917746,False
122,M4,61.42176359242705,0.6813691712505878,97.85849887446719,12.647331006280762,1787.2900515562553,False
123,M4,61.19491141725876,0.7402555073236974,100.81292619855243,13.809774566449697,1795.9673172476005,False
124,M4,61.4856486662195,0.7419892572525498,99.14256169338267,14.458367838880116,1787.7372508913495,False
125,M4,62.46775371156819,0.8134175407558083,101.21352130167179,14.594986835873552,1778.5651598170025,False
126,M4,64.52182449662848,0.742244838775508,100.6443997919832,15.44835873525376,1792.8786806288774,False
127,M4,63.09210625135922,0.8465935950616484,100.13950804072458,14.63463613257889,1784.4110218391181,False
128,M4,64.09487068155171,0.78372256327664,97.01114292631128,14.287721471149284,1795.6875999141478,False
129,M4,65.43844583801334,0.7931861436472886,101.91381465407284,16.320407992202107,1817.8908302590032,False
130,M4,67.20649537264914,0.8648512861800037,99.66304257111497,15.19402662504099,1805.1827125613008,False
131,M4,66.05802238255498,0.8014178871972567,100.1999706913878,15.195905194196998,1816.1452289032554,False
132,M4,66.09633395474093,0.8385417890673472,96.85788394930711,15.179306495474268,1806.7662265291274,False
133,M4,68.28606267401614,0.8586370059595841,101.14808370998074,16.70292687875624,1816.56024918979,False
134,M4,66.86768576332375,0.7991557039465369,99.56655411366235,15.200494619610481,1810.5473003321647,False
135,M4,67.86692958460002,0.8633016845371343,102.51738248284178,16.992979915569634,1817.7992534379914,False
136,M4,69.81078410811577,0.8892429578460225,101.88700573255497,16.248277124014393,1806.0881858492762,False
137,M4,64.86022036447237,0.7270894023730089,101.13479717627439,15.16851156880035,1815.524828376205,False
138,M4,67.38598693492607,0.8915718044182083,101.79324977370092,15.546029904163888,1810.8894609746553,False
139,M4,67.06173347922491,0.8410902033428579,101.37025065467361,16.110167743093335,1799.7954688595376,False
140,M4,65.95534505663976,0.795603579745697,98.0741549050729,15.266772686124854,1819.1589778057282,False
141,M4,64.40761583607251,0.8072954195778559,99.41322553950441,14.384764948444094,1800.17733873011,False
142,M4,64.77289674577173,0.7620946955322637,100.68775451972401,14.454073554244701,1780.5389173128817,False
143,M4,63.611862459504536,0.6388807956691217,97.01626572479408,14.406683624380504,1788.737605023111,False
144,M4,62.08752932029458,0.7658375350189196,96.92910974683977,13.81592454010931,1785.1846855276058,False
145,M4,63.12468942997058,0.8459147445176611,98.63695452575297,14.098152068309536,1778.6012631335864,False
146,M4,63.29637620093795,0.8174591369053741,98.23603395964399,15.864371708382661,1773.5673672280388,False
147,M4,59.73285226692761,0.649491908418234,97.40748881731058,13.731410472213884,1793.0691750487683,False
148,M4,62.67459085706857,0.77496262727815,97.204182150719,14.259764977962421,1780.774833306624,False
149,M4,62.79036160395814,0.7447666846060895,100.944608503008,13.082975433486205,1781.6504976571573,False
150,M4,62.90811636432873,0.7154440829468822,94.94378093150203,13.94074151211337,1793.8475184385886,False
151,M4,64.3595989639772,0.7954099096669276,100.39110834467145,13.992709865102057,1796.3885198417317,False
152,M4,64.67524888575451,0.7700901358896728,99.1759188587866,14.724723839081062,1793.8164756343804,False
153,M4,64.56460264585291,0.8758868004296247,100.9270724809208,14.077004211096463,1802.2729304956538,False
154,M4,65.2019992667091,0.8305741610971333,99.92460788202067,14.279622425002565,1809.1150468682192,False
155,M4,65.6556656400768,0.7133541344380582,100.7025333456574,15.903944191559193,1808.0936847239038,False
156,M4,63.47491258394928,0.672245162306332,101.97041534909584,14.156103874840019,1818.1727112300005,False
157,M4,67.22384487137707,0.8386011531950035,100.63598221448848,15.185724408555386,1818.9286215899308,False
158,M4,67.87189975498907,0.9189414712134837,99.39844150780232,16.74225794447331,1814.9395993337607,False
159,M4,69.16268487557764,0.8629907947756125,104.45757823904248,16.509648178683964,1811.78607726782,False
160,M4,67.80201208419844,0.868294141438577,104.03686726991909,15.746389937154982,1805.4225961743261,False
161,M4,68.91048053052285,0.9572011590862096,104.50664828731479,17.04350469769335,1824.063643755189,False
162,M4,67.31283137286802,0.7893731699843428,97.5714464797044,16.08173563094499,1812.3253660068904,False
163,M4,67.59796835375163,0.893124592099069,102.09086409215907,16.104326930853052,1804.5075595528153,False
164,M4,65.67342129453412,0.8057822971475499,99.79801660998181,15.080005229346636,1804.854322668211,False
165,M4,64.62307361126014,0.8201541856743442,98.41245655972175,14.124474515059315,1812.8409342181021,False
166,M4,64.09928142349145,0.7533687949204375,101.41908754029907,14.753519499210695,1808.4039920010118,False
167,M4,63.71376511596575,0.76884779064279,96.72624807658727,13.939814557988427,1804.8825846084628,False
168,M4,63.09756045322725,0.7798296468506188,100.90288645124713,12.739290594153502,1784.093272413319,False
169,M4,59.763365334225114,0.6849917800989872,95.5312610955323,12.606764134598274,1781.7790755116646,False
170,M4,59.86263066951691,0.7287605300382448,95.55172261851891,12.077054769962382,1796.4834510654168,False
171,M4,63.60385392710389,0.7575159896901963,96.74356682918045,14.611163872975395,1783.9977480957705,False
172,M4,62.355164603448415,0.7161272047989906,102.18599352144348,14.055331364135224,1775.2176075388993,False
173,M4,63.27694931166119,0.7728585374852676,98.73941734256772,13.267262810647253,1793.0278914699072,False
174,M4,64.36419358350533,0.7756549704916071,96.60753454296126,14.332413126572279,1785.6952912922022,False
175,M4,66.46814989460793,0.8177260424555882,101.96461648402749,16.39229444542557,1783.1000128250023,False
176,M4,63.392443883419375,0.8131864123718399,99.14393058508078,14.95520726311103,1801.4619997308278,False
177,M4,64.39798724111134,0.7787306636477788,103.11161861178837,15.239841521456144,1813.5355222789847,False
178,M4,66.14119948176777,0.7989935383993034,101.27791145038228,15.212414011949908,1814.0477650484306,False
179,M4,66.37213926887863,0.8569746556585525,98.47348509739172,15.53123495099053,1802.896757003294,False
180,M4,67.42837883802036,0.8137561649343054,103.25417683106934,15.837842820968818,1796.9337609847912,False
181,M4,67.69904486701098,0.8218093799868724,100.42783483960355,15.018413346884868,1819.193006561946,False
182,M4,69.38886958076445,0.8931686729550123,102.5346366750958,17.157436871681696,1821.316658899227,False
183,M4,67.94378429110637,0.8187630517851507,98.84796539109499,15.896353452510505,1821.6620773522932,False
184,M4,69.6219441921246,0.9208364864077574,103.56432921238655,17.109996522624357,1815.7370333820597,False
185,M4,66.80124916718174,0.8417058133516183,103.66493127924979,16.040888909488576,1800.0973657789357,False
186,M4,68.46976042798971,0.7425455834556393,99.6111428605812,15.369665143589376,1816.8976527836985,False
187,M4,65.35313026790288,0.7862892890919236,100.47077186875129,14.6390746108284,1824.807498371744,False
188,M4,63.85670584623603,0.7703934835724937,103.75234804010408,14.971541937415436,1802.3484165555756,False
189,M4,63.807531517145016,0.8150077471536654,99.28849064406053,14.23396056079933,1791.6945127943316,False
190,M4,65.46513556537907,0.8579886781696582,99.31932290082386,15.250421797752637,1798.6173750377914,False
191,M4,63.011638152554006,0.8484577181091668,100.19680368734588,14.89646776376224,1789.7192799192228,False
192,M4,62.356889132820534,0.7913083733021302,99.24909242829669,13.77626710636522,1788.5453447044854,False
193,M4,62.387198861403846,0.7335322730090345,96.88268766875332,13.540752244513367,1803.9407878164488,False
194,M4,60.70159424896992,0.7293252326693654,95.51391290751624,13.365741686587183,1779.8656596231615,False
195,M4,63.62221284524979,0.7734197354575386,95.91340442548513,14.717692748203435,1779.1953949695596,False
196,M4,63.40419500731159,0.7849429198850031,99.01825734689449,13.777172764110215,1789.1250795717435,False
197,M4,61.49111352126488,0.751368497204726,96.06927695555747,14.231608046150322,1788.812020182663,False
198,M4,60.93720521476734,0.7028799615299631,94.24783101774736,12.809876100755663,1793.8589845271629,False
199,M4,63.169394041775725,0.7415277902514151,98.8279029113935,14.16833720857702,1795.6945615068917,False
200,M4,64.26668859364916,0.7861879643203552,99.78933945625985,14.823149745549307,1806.8537665197543,False
201,M4,64.77336145289989,0.8599542579604409,101.88385088126901,15.154374429124298,1785.8710916408652,False
202,M4,67.43283789637417,0.7473769300617897,103.46655685565047,15.838748139838318,1800.8660822558418,False
203,M4,67.0074488742887,0.7327751325108075,102.10263980692756,15.5963851234093,1788.5801576825213,False
204,M4,66.1920361256682,0.8090314738549205,103.60513832981502,15.30697574819132,1807.4577725235094,False
205,M4,68.39358832795372,0.8898881406159108,100.27906252538445,15.618843488079593,1814.2788587122166,False
206,M4,66.73658874614624,0.8338022730679504,99.58347153641947,16.22260304093329,1803.2346330306714,False
207,M4,66.00231656153899,0.7999843175298302,101.64624633728164,15.947366738404144,1808.8950533441364,False
208,M4,67.0628048031576,0.8697401508173128,100.28675618145714,16.120027278137897,1822.9355915397118,False
209,M4,68.40261882326665,0.7954068881646162,101.21642886662,16.286071525317023,1803.2930685852496,False
210,M4,64.45951543366296,0.7747694244109067,100.31050611879023,15.873011455713623,1828.1246461988958,False
211,M4,66.60752030770657,0.8318619603790206,100.07179782959271,16.300944339812286,1805.3633473195075,False
212,M4,66.30928866385811,0.8228841580696677,101.87468678620235,15.957993728632566,1788.9992342739065,False
213,M4,64.43453718223128,0.8041861118401998,101.6824861730778,14.630421861012046,1807.7713234981777,False
214,M4,65.04792943601355,0.8022684527962264,99.73010112893992,15.103846971002731,1791.4623539344193,False
215,M4,63.4321623038661,0.7430511540259711,96.69486008230128,14.700917922714824,1779.4206602200195,False
216,M4,62.55993843682921,0.7158014005227201,98.82933460202577,13.564165647257164,1786.9074018212693,False
217,M4,62.47604535305867,0.6746861429415164,98.7297334545858,13.131284047415651,1810.0883340769294,False
218,M4,63.27226608590546,0.7885417515740657,98.47683275770723,14.402279514769202,1786.399892736388,False
219,M4,62.73647669540961,0.726886204247481,97.15852658457558,14.230873726421754,1785.9812539150237,False
220,M4,61.567574680107924,0.8270370170801845,100.57057768189267,13.91428867037546,1778.0035370709695,False
221,M4,61.56903868929065,0.8102188627443035,99.44812689549099,13.76993378722491,1790.2546893928925,False
222,M4,64.5057437226647,0.8304679096132278,98.80764501405457,14.148547265498872,1789.3849946964528,False
223,M4,63.05467000656723,0.7873292110621203,99.24608056161757,14.824653102082216,1791.7164299065573,False
224,M4,64.69895513025247,0.7924565685432889,97.37469119921366,13.940184492707601,1786.3399828291035,False
225,M4,65.00145804686247,0.8862866772862387,98.50853476411481,14.310368145683702,1793.136616021832,False
226,M4,65.05421617287567,0.7521416373655028,100.66102724403511,13.36142564960354,1814.7117406742743,False
227,M4,65.77016295091227,0.7706573719638988,100.78351889467245,14.666918294024658,1809.5613557250338,False
228,M4,66.63942251899721,0.8095710019072253,99.68708012423846,15.714695787155902,1820.3536922675291,False
229,M4,68.90967168135231,0.9283315769164425,102.56804655299707,17.215637207648392,1812.4268477004746,False
230,M4,68.81340295041797,0.8403923582950458,101.90408106097493,16.52829732553638,1802.706798716653,False
231,M4,69.37457532808153,0.7794123028102653,101.99492770559362,15.456106852011798,1812.129040621572,False
232,M4,68.00350471221714,0.767964211460939,105.50228095938253,16.70044059938118,1830.7961849388332,False
233,M4,66.48222479163402,0.8779748200639221,102.21009884169314,15.823259112072078,1818.2612985469682,False
234,M4,66.89075084754803,0.8049831263237173,99.87549235443032,15.276221523992282,1817.9854505150606,False
235,M4,67.08513648021408,0.8165565376854579,99.41629170568963,15.665667145019238,1801.1274783662423,False
236,M4,67.8046789650992,0.8219728500362373,101.86824323613492,15.823755019046688,1796.3809729273162,False
237,M4,62.85517633798563,0.676567818728284,101.94737795398059,14.280405477336712,1795.2807311847605,False
238,M4,64.91605811492614,0.776499541962646,100.99499992337272,15.728234148722759,1793.3042507940675,False
239,M4,61.76045066399987,0.7536381433559683,95.66325408233698,13.274823284697522,1790.8755619592603,False
240,M4,62.92956259085131,0.7809179445113082,101.50537612969845,13.9424629137348,1783.3018693022334,False
241,M4,63.20123415392196,0.7705130460498198,102.66149251678833,14.789437369667928,1784.378216944383,False
242,M4,63.07399874180357,0.8246555839292603,98.55083026216032,14.12906637210308,1769.2170259232726,False
243,M4,60.613212737514004,0.6814729393161333,96.51981174722442,13.13181474580783,1786.7294140073923,False
244,M4,64.90175888515982,0.7896415343743559,97.03862446601424,14.519734544518224,1781.2528517964595,False
245,M4,61.842606725378666,0.8341502875384709,99.12117479619114,15.124089704965007,1778.0238428204261,False
246,M4,61.146599147133095,0.6526350061930555,100.9137260790678,13.553988848714045,1787.4605900583704,False
247,M4,64.37779250321542,0.7690687594294707,101.58433356343538,15.542457522485268,1790.5060833329426,False
248,M4,63.694341040951045,0.7279300261392254,102.45812348046202,14.467541004568064,1789.1658788418595,False
249,M4,65.53020318991051,0.7796537985250884,100.07080658906447,15.222515222950436,1799.8093634706622,False
250,M4,65.86815192821159,0.7981870864607251,98.05716137505034,15.291383672269772,1805.7646051084598,False
251,M4,67.03961421694339,0.8311610990038015,104.01207452293258,16.462814382026693,1810.4097110390364,False
252,M4,67.85355118463862,0.8899420942166392,97.09767149670702,16.580310313196307,1783.3038487800463,False
253,M4,67.50121329143741,0.8390890896363029,100.06708716034436,16.550846804019333,1819.7624067501263,False
254,M4,67.55174600798264,0.9196942339954823,103.6034441920565,15.99032713083121,1824.427622154956,False
255,M4,68.21497649857298,0.8696828068318652,98.69621097450184,16.619967248747855,1816.5413171787004,False
256,M4,67.78739533087888,0.8038017173670191,98.47512543708802,15.510024997016584,1817.1288010782366,False
257,M4,65.72692074643184,0.8398789923148634,100.52940417906451,15.861526654541418,1816.024626476546,False
258,M4,69.8720315844502,0.8737917944730075,99.27998357006148,16.503089788198505,1800.0904828085445,False
259,M4,65.96730589594318,0.8218589323930708,104.2238138869348,15.306669937452316,1803.7707684073855,False
260,M4,66.30052103730979,0.7501631820776594,99.78089854238723,15.58003632338704,1795.739743072058,False
261,M4,65.681842511172,0.8124078351381491,103.01739494093337,15.511192481452209,1808.8478705330565,False
262,M4,66.18691454252313,0.8514586037166879,99.6745977360656,14.585770140746709,1802.6811395664342,False
263,M4,64.16215512965827,0.743999492103473,98.3195348703423,14.482502419708572,1783.436554043565,False
264,M4,61.902354447799084,0.728213442076126,98.11496663685904,13.421314732952757,1792.0392349295016,False
265,M4,61.55940838861533,0.694017952208475,98.65308769329444,14.216624257728371,1782.9258529853828,False
266,M4,62.06386857418025,0.7748633025449487,97.78769581974731,14.5822198253532,1793.194376400982,False
267,M4,62.14258567436624,0.7821996556198457,100.3855854809465,14.898162752266911,1782.6519897859343,False
268,M4,61.66526967352834,0.7216541944392663,97.10919639830962,13.136301063766545,1790.188520183748,False
269,M4,60.86294893418546,0.7246881208929269,96.1601952741971,13.035298107183534,1784.178782961912,False
270,M4,63.212730979152376,0.7660535883696475,96.11643831385476,12.64894439728633,1787.050730401599,False
271,M4,63.713673240740476,0.7427559465182981,97.55280516580952,14.436658314774672,1787.3502130582056,False
272,M4,64.49208460508747,0.7742374249100504,99.66268397247684,14.441686591179332,1800.7548343378523,False
273,M4,61.81899790384589,0.733267390828854,102.75598967602964,14.326446277808932,1799.6247374307427,False
274,M4,64.28358020949764,0.812288821521113,101.40315402627563,16.224514954622663,1791.3466744900932,False
275,M4,65.3120023905607,0.8068051124694156,101.42596499002188,15.295210471718852,1813.5324850621491,False
276,M4,66.78960931384185,0.858235854979875,100.77937928659209,15.970438454275698,1809.1348674220665,False
277,M4,68.15089298864687,0.7593768584964982,101.89520927811901,16.120833219359113,1818.6141679355164,False
278,M4,65.8563294789118,0.7983404596320363,101.15458856396525,15.382695739762635,1810.3908001180557,False
279,M4,69.53411871562378,0.85979419475033,102.9108384465657,16.676113323112926,1803.9283159210079,False
280,M4,67.40099866886912,0.808096572091433,104.03040383870747,16.188636449172098,1831.0568847717245,False
281,M4,70.07625131007572,0.9201338692856305,99.62761700296981,17.111445272515358,1795.4009919701537,False
282,M4,67.46732122098922,0.8678677169529672,97.37728630188563,16.244831112164505,1811.0413529154741,False
283,M4,67.54937170691124,0.8423003208286367,101.26753739040001,16.65515296115174,1809.5182131848428,False
284,M4,65.03625676573482,0.8065249449910127,102.6808880292958,15.404191094769178,1797.1858600817732,False
285,M4,64.56376725734654,0.772058860009774,98.02107381303762,14.358000543813072,1796.7745153431092,False
286,M4,63.111223162229706,0.7208946045517427,100.9438467009205,13.115710212360842,1810.5100406091983,False
287,M4,63.338112973745645,0.7593620092358109,100.30015114041247,13.502759955678632,1801.2090138674225,False
288,M4,63.73353713279828,0.7656916063249511,101.04048837151576,15.222306672104027,1784.804630898994,False
289,M4,64.89909749057827,0.842194837685229,96.08243080359605,14.40888269938524,1785.5076342955927,False
290,M4,61.344774310975325,0.693517699944754,97.38471831796893,13.848317884573806,1788.336135981718,False
291,M4,62.37301608029628,0.7410314341046035,98.33943051466778,13.757947852065291,1784.917414649201,False
292,M4,62.652897286133566,0.802206944370891,97.71500827458026,13.797358484995538,1775.6200554725738,False
293,M4,62.393304109297226,0.7094870493068186,95.93643343559698,13.975843290232953,1790.226936724143,False
294,M4,63.31384656357354,0.7414567318058716,97.27159434226499,13.623530974924948,1786.2290924492313,False
295,M4,66.60068985906555,0.8169054062348868,99.03925152602353,14.845777889965492,1787.7918881044193,False
296,M4,63.91866949009728,0.8405645052873408,98.83036397765528,14.266436487064288,1790.0504409772047,False
297,M4,64.00229403345885,0.7628647452824644,98.93847931792452,14.178654049010241,1805.4845709878766,False
298,M4,67.9022648126758,0.8210292128067,101.30456608949606,16.009010902137113,1801.6809915693616,False
299,M4,67.19451654083933,0.8460891971058535,100.47871389566711,15.762655485670043,1802.6930031310587,False
300,M4,67.4071710258119,0.8049001528249148,100.10169027693405,16.41202215005667,1796.7225222147122,False
301,M4,69.03147696681103,0.8527898052669596,101.66508444020542,16.34869436460799,1804.6982561880138,False
302,M4,69.3791832738615,0.8823102015430178,100.52662144590029,16.787891139916688,1814.282356093281,False
303,M4,67.99430893494413,0.8101782915833416,100.19584630999722,16.21473564755355,1804.3987556752197,False
304,M4,68.92592825886022,0.785031409445857,102.9938263666747,16.317619112278408,1805.9397390444426,False
305,M4,68.11365400099274,0.8497965019496427,101.44348345869882,16.223576557431997,1792.107245614077,False
306,M4,66.04470211763619,0.8381124809053335,102.24341885393824,15.541922218904206,1822.4257331251345,False
307,M4,66.30076455454774,0.8722128148538487,97.11742190665652,14.961293553562122,1813.0080900585767,False
308,M4,66.88327996903163,0.8136340380799935,97.50235542695563,15.056470269953085,1820.6418568206377,False
309,M4,64.76546530032037,0.8131587932999396,100.67862976388855,15.275869081337392,1792.7786806603665,False
310,M4,64.1392483423599,0.7499158236826161,98.19359831051787,14.201313289514491,1803.3760140071697,False
311,M4,64.97732678845023,0.8445996984234362,98.57501140002357,16.01821800460953,1793.5497376471953,False
312,M4,61.28905553843184,0.7704596777887887,95.80227861724445,13.945168917750985,1795.1836388744075,False
313,M4,62.110291282692295,0.7422497865302595,100.45743740092796,14.527904916214558,1776.5330650511744,False
314,M4,61.831765523720804,0.7848303030715189,99.61342883834828,13.474271028632218,1791.3034866129324,False
315,M4,59.76999346858218,0.7349437897081408,98.31723790817472,13.016374701290106,1784.4053040849208,False
316,M4,61.87869794534184,0.7839674429257969,98.51731512710191,14.5579309599441,1786.5762356644739,False
317,M4,64.12585029063972,0.8367229853595302,100.42072788036754,15.575656700476337,1786.2170119463428,False
318,M4,61.99860081271515,0.7310829653773934,101.1387811710915,13.823657734614176,1794.472413993878,False
319,M4,62.368501235604214,0.7408126892420249,96.9538828328303,14.163284335657758,1787.876276833521,False
320,M4,63.52494842124448,0.7837410820984851,101.89703580753987,14.043442203075106,1803.5993591974284,False
321,M4,63.725526067880736,0.7745284701039655,97.79342984773983,16.00754994213196,1799.9792966165815,False
322,M4,62.8538498016488,0.8131306575929326,98.3970444529254,13.869462552955804,1805.5113843890044,False
323,M4,64.9268946003163,0.7098911539189129,97.74942143829314,14.86488580612323,1816.4023715764106,False
324,M4,68.98594007379573,0.7990582360524853,100.29690495200079,15.775269059032698,1801.810193462297,False
325,M4,69.23820036343653,0.8773334966048881,99.84695344734789,15.67634895968794,1816.401684128407,False
326,M4,65.65135679640052,0.8491261423351033,103.40929924826074,15.701442180608352,1815.3769050912683,False
327,M4,66.52167762270524,0.8539624299376093,102.43439762576688,16.061402624881485,1802.0578448940598,False
328,M4,69.00531231748455,0.811325850849604,105.62776368920257,17.35558866794536,1807.659426920621,False
329,M4,67.646932331178,0.8377800926363439,101.55024196789667,14.875663249480832,1806.4820862929519,False
330,M4,67.64117843451666,0.740004875541011,102.395682201338,15.691121651606394,1810.2625964700183,False
331,M4,67.73126661405462,0.8742028422093474,102.94443280433337,15.666074013003536,1801.0566060156746,False
332,M4,67.76682665081115,0.8106617105266622,100.3802052562057,15.699166998560122,1793.2612882464798,False
333,M4,65.03403960707583,0.7421242442848469,101.16046444729716,13.74273642061406,1807.0538469156056,False
334,M4,65.25947288574038,0.8328514111222635,100.70798429866981,14.258863321658302,1801.6829733060374,False
335,M4,62.84390769038783,0.7042585791673257,98.02990761048932,14.094119332700433,1801.5158663037364,False
336,M4,60.9489959095191,0.7958547227801546,100.91983282066933,13.459856107412982,1783.9250812018952,False
337,M4,62.31238763432231,0.7945857382745889,102.48837532064721,14.214032660496736,1780.5359757814701,False
338,M4,61.81193495099255,0.754530225490686,97.72843771480014,13.294787797188947,1775.2218260154145,False
339,M4,62.050832257633594,0.7749805593647122,98.18420527407763,13.847878157040643,1779.0989918510445,False
340,M4,61.18776415370804,0.7214859844305023,98.71715525175948,13.621164508926075,1790.4924921740355,False
341,M4,62.23191070787357,0.8212596897425344,98.5964207209399,13.320993562788225,1794.132269887305,False
342,M4,63.9623657454771,0.8079557415393401,99.27091253893066,13.895134874157574,1796.6909800311341,False
343,M4,63.67317314922258,0.7700055973884509,100.65505659906117,14.461930953971455,1791.9117067346776,False
344,M4,62.291622477746195,0.7243898083292064,101.04887711492394,14.808413899843014,1787.002448066419,False
345,M4,63.01565582639201,0.7388454568111325,96.92030523786845,15.071215082826491,1819.8517442875386,False
346,M4,65.56067107629028,0.7935145230675182,99.43234280286778,15.250060846392234,1796.572516323644,False
347,M4,65.52465602501589,0.8345857978558333,100.82825067757547,15.676254828666762,1797.9049488854298,False
348,M4,67.70742901776883,0.7649215666023527,100.35483283861058,16.165634742919593,1818.7315400878967,False
349,M4,66.69733835223508,0.8911742908314465,103.08274293377704,15.870586574310886,1811.6399928696135,False
350,M4,65.94000141053885,0.8353869698841444,101.13859599745784,15.185834316548315,1823.888711145254,False
351,M4,67.82181465460302,0.8441645198645884,102.25734736624356,15.98610322883218,1803.3476251359834,False
352,M4,66.76329597949751,0.8342767340692392,101.86609413946037,15.955446549085996,1811.1862144278905,False
353,M4,68.08089705847577,0.8737523372229999,99.44315544885006,16.4735061731967,1810.6027311610355,False
354,M4,66.72132119377522,0.8324511272865425,101.9031355267104,17.103772592787564,1821.5307842900968,False
355,M4,63.827011862650366,0.7488978353697419,101.20440129494546,14.322824452567215,1804.53299159359,False
356,M4,64.20325459577515,0.7877455639653447,99.89044949197553,14.868118652890434,1791.797081380924,False
357,M4,68.15942074828466,0.8710831419560331,105.5852555510771,16.909409729606644,1799.5397912367428,False
358,M4,64.84259991984952,0.7736175474318582,96.40757975011147,15.05246794346556,1799.7960074485877,False
359,M4,65.23823295336686,0.8110503863337654,99.34518354667843,14.689409520142403,1795.8763130805555,False
360,M4,62.78131742460648,0.812449986489672,100.43793508415699,14.421624919172775,1788.7318729638746,False
361,M4,61.93395311927588,0.7418753801367978,98.78188877449318,13.395400127341658,1788.3280729054172,False
362,M4,61.41648244443083,0.7684759142222951,97.78106493716078,14.175663304320775,1773.1895679878296,False
363,M4,62.928550018413574,0.7375284847361454,99.90129182410098,13.756690576977281,1782.4743867678733,False
364,M4,60.666316925968296,0.7159458882259867,99.65212625642528,13.086100790545808,1791.8196240256634,False
365,M4,61.1715648555833,0.7437510438752638,97.01152252354183,13.270993545850933,1783.2249069291827,False
366,M4,63.73198937606559,0.756904848939227,102.17371256132523,14.541459890223479,1793.172009530178,False
367,M4,62.23456653204014,0.7720545639588785,97.78152710363145,14.286819737143036,1797.290500592145,False
368,M4,63.177358191280696,0.7979074211887415,100.5338213474472,14.594195876442068,1792.30353045463,False
369,M4,63.05276863135049,0.8293501834973287,100.06702601310717,15.07146879723971,1802.4954914850807,False
370,M4,64.11389149376372,0.7261898820830243,102.77313889316456,14.330307049279286,1809.6814097373797,False
371,M4,67.26940261770554,0.8608941090001648,105.38226075904636,15.879918588420267,1810.9924791680787,False
372,M4,65.86061102897989,0.7629508567071933,103.40344219490757,14.350998119291468,1822.513392333354,False
373,M4,65.05624611077987,0.7565098089178713,99.23085423266713,15.87600284931678,1820.2731106415895,False
374,M4,70.48289300201235,0.9503432204749277,104.82361077317364,17.2609553848802,1805.3304091928917,False
375,M4,65.98010945377025,0.7760311374113456,100.17125167455356,14.84956568020983,1823.769504719912,False
376,M4,67.38315829300508,0.8154623548660851,101.42947156837121,16.206519232513212,1814.2141131901972,False
377,M4,64.8987115937492,0.7504152480991921,99.25375524632484,14.396258682543131,1818.7192360790732,False
378,M4,67.61027713616956,0.7959961171436567,104.0699967544856,15.334603473333031,1814.491894275149,False
379,M4,67.7868325024717,0.8864783511060561,100.10022253687505,16.050603035041735,1817.06612356075,False
380,M4,67.77961514655946,0.8428161390316902,103.75493767252578,16.794472265288146,1800.6478242071812,False
381,M4,65.58511856760482,0.8488689785371522,99.4842933336715,14.73657762962176,1794.2286142897653,False
382,M4,64.2697101946716,0.7850333543628784,96.53182630098983,15.194574970928365,1797.9018259102381,False
383,M4,66.4427754322042,0.8279893905075674,98.73261647481509,15.210778055398661,1788.6266167081337,False
384,M4,61.670405529395246,0.7592824239251231,96.49258949072531,14.1624017028386,1788.0314685264568,False
385,M4,63.65953464762816,0.72085223138656,102.51247728277018,14.016626522519791,1781.3344396017412,False
386,M4,60.65588745190714,0.7482419206170651,95.3324289700711,12.406897608040927,1794.3684995794938,False
387,M4,63.092344456428314,0.7314399942361808,99.46457996239079,13.815055650163268,1794.6244645404706,False
388,M4,62.66167887359409,0.7710176956428191,99.62269885449086,13.504495742782373,1782.2464391076762,False
389,M4,63.066145744672994,0.7159577006579586,97.15856591496997,12.868944571075495,1794.1310198948702,False
390,M4,63.85698230353088,0.8042246369685369,98.49930740187382,14.503423062679552,1792.2728586720343,False
391,M4,64.6902090078407,0.8273474506929109,98.2186497232194,15.684351107214697,1775.7155759874574,False
392,M4,64.1246344014236,0.7898564518141435,99.80129745214323,15.182434331643435,1806.8255170884963,False
393,M4,64.46934024926342,0.8091536220218096,100.60079432731371,14.582115999644211,1807.6256314287452,False
394,M4,64.20309968085266,0.8559148772757961,98.6871091837206,15.766722741554434,1792.27633988925,False
395,M4,65.24810240597506,0.8228825377091538,97.13843223852962,14.12693813237615,1816.0272958900462,False
396,M4,65.92323416410365,0.8681939559080548,101.25138691542398,14.058340098917236,1817.8198532769816,False
397,M4,69.07993074015529,0.8601195534013343,101.60156472334567,16.532193615306372,1816.3160197672785,False
398,M4,69.39066582453552,0.8604378580314326,102.77476906576771,16.94350483213312,1826.9518250247806,False
399,M4,67.74490965827061,0.8352896762275018,101.4435088342567,16.067302872235363,1820.019723541613,False
400,M4,67.575999525411,0.9277740776791237,103.95481829180983,16.216857647448244,1819.9049994704728,False
401,M4,68.69031205619568,0.9077291490779031,100.54325943570547,17.020553549244447,1807.2679288129343,False
402,M4,64.56926172765152,0.8307504889037384,101.64481998389199,15.069004986723412,1803.942911914357,False
403,M4,67.29086820283337,0.8195997814219415,100.59745127100659,14.23142849711695,1807.7436176636,False
404,M4,65.05007292240734,0.7816813899000473,100.90959228887982,15.527657403236454,1807.3248210459892,False
405,M4,64.81745252724004,0.7544231689646138,100.49840486211119,15.381486270151363,1801.9259276424034,False
406,M4,65.52987935253634,0.7897897451035154,98.33390986741112,15.283835556361765,1800.0710038379293,False
407,M4,63.98400012802709,0.7477198802527766,100.00322491588224,15.422504148312294,1787.1769361492572,False
408,M4,64.50674075867227,0.7730105452128532,104.14039845384674,15.756630317764177,1776.259940925607,False
409,M4,60.23964384799713,0.7248133357237496,98.28283735557828,12.882154684952425,1797.1911170958833,False
410,M4,62.4294945389096,0.7573038005701843,98.45634441714623,14.627515625197075,1793.0358597115483,False
411,M4,61.79572630130558,0.8396947183237828,103.61979477218291,13.243609588030166,1782.5566672900445,False
412,M4,61.23767268174003,0.7152783982727948,99.48247210909472,13.792557434198468,1787.9021974782966,False
413,M4,61.64082871567503,0.7186104034150252,94.85056660719371,13.069782407951312,1792.001693988468,False
414,M4,63.071443307218516,0.8009703139889605,96.10015716817877,13.697133885370086,1792.6306911927268,False
415,M4,63.681202765044304,0.8556016877495196,100.15034342416631,14.687881006648203,1780.2544271944473,False
416,M4,63.11443593715662,0.7882367246249555,102.43673092729594,14.435421386937268,1792.7410300684367,False
417,M4,64.50380248776278,0.8047835433530677,100.50059971387383,14.917582208430618,1787.5857992058452,False
418,M4,66.23542744629921,0.7601225518399384,98.25983319794632,15.08665155659457,1808.3819051422902,False
419,M4,67.5272057058277,0.8901820616770587,102.53661701597254,16.29248358087674,1797.708377281072,False
420,M4,66.57867656082091,0.8698362186492266,99.5253654773496,15.398173661577657,1812.663782204007,False
421,M4,69.28382645005264,0.803564925966913,103.36278452920033,15.780343393042527,1813.349809510419,False
422,M4,67.41455070378451,0.7418109332390982,102.94515841099795,14.737584235506908,1812.0822862417738,False
423,M4,66.07780060037132,0.8013442697189934,100.7790666641269,14.903481903271627,1824.858549207415,False
424,M4,67.07081692759485,0.8142844684438404,99.66433059708368,15.887340403732749,1817.414895265921,False
425,M4,68.25216229128095,0.8781266959825977,99.49790781668608,16.245558909706165,1816.764106747516,False
426,M4,67.1338994706006,0.8635390574756439,99.38189325865137,15.84148697432895,1804.2513557682396,False
427,M4,68.15571260639555,0.9182553288465329,102.38432053749428,16.006106903647098,1813.9960231771627,False
428,M4,65.5402801002297,0.8488711760060964,98.92802656917323,14.769670830192691,1810.0180251603565,False
429,M4,63.452057698552224,0.8077859792380923,98.88887813206226,14.247612050781031,1807.0408570578288,False
430,M4,63.58207741144217,0.8420421052477507,96.67936085920624,15.322035156861165,1800.2735548627315,False
431,M4,61.30248010531949,0.7486313712160297,99.15745038848098,13.224690573429712,1806.2484460622666,False
432,M4,61.599001318649044,0.7378468737737686,103.27441806698434,13.31849893850294,1793.6780454835348,False
433,M4,62.86068635502283,0.7850149271729703,99.54350131704824,14.992111170308817,1781.6298096092612,False
434,M4,62.504868538882754,0.771177565851388,98.26740560754155,14.82120877481907,1776.3617902503543,False
435,M4,63.74801186142097,0.8156493219925045,99.0121817620464,14.998193220246703,1795.151268507848,False
436,M4,60.89128969674723,0.752566706472353,96.02564006600485,13.017615780540739,1784.156798981192,False
437,M4,63.60462215423443,0.7711055677551998,98.6863034147433,14.890593986356897,1782.7857285592636,False
438,M4,61.876792028589996,0.7000459558563702,97.31542846685315,13.619601368938179,1793.528949082907,False
439,M4,62.69884182934164,0.7844806017620185,99.97984678895169,14.106716761202472,1794.50875307753,False
440,M4,63.5784427035332,0.7964347125454758,100.06737166887899,15.250125101110598,1791.3040626829047,False
441,M4,64.08598363587902,0.7942269507558012,99.91353892201889,13.823084081196397,1804.7235943384517,False
442,M4,65.06674654586587,0.8412615360389336,100.8228982220897,14.822073922689246,1805.0718433118159,False
443,M4,67.39054819721869,0.8768582170721173,100.83379951714092,16.223482262655043,1809.6344373291274,False
444,M4,66.82035357626208,0.7756266665368504,102.62696118320062,15.040916481435682,1814.7936066060356,False
445,M4,68.06598503391766,0.9019990521400005,103.41468426088473,16.006008183962738,1815.544906601669,False
446,M4,67.81805090168709,0.8296638103934892,100.62555218920492,16.30424366555662,1812.602297097932,False
447,M4,69.15404579217754,0.8959938815255238,102.5137926113963,16.843142394421413,1808.8987655982012,False
448,M4,68.71546922707182,0.765338823509153,101.93983155768252,17.976455491655223,1810.6775298784705,False
449,M4,67.92337450748062,0.8384332170041074,103.23520175523359,15.823298482119633,1820.8947643141753,False
450,M4,66.61852377864346,0.7642300405312625,104.43182734019486,15.197183471435176,1825.596523904353,False
451,M4,66.90808979627653,0.8975850772423799,99.03026903415326,16.17404454617931,1806.324339386957,False
452,M4,65.8937739162282,0.7839894339521913,99.35184496254841,15.915822710697848,1795.147162618234,False
453,M4,64.51539855275318,0.82667767685426,100.68024065851537,14.68740078710804,1813.1234398307115,False
454,M4,64.39014255877103,0.7971293333266845,97.984090415177,14.269494796916435,1787.725372602757,False
455,M4,65.67353615804366,0.8490699762288704,102.30397868244812,15.363215245377617,1808.6009546364007,False
456,M4,62.8514177510625,0.781970023324589,93.88057841547158,14.676620856013386,1778.0409514606415,False
457,M4,62.3128347467694,0.7430141589089044,96.75768390771715,13.964168756645044,1790.9635014069183,False
458,M4,63.421765554088694,0.7736684663008608,97.19899007206917,14.680341140954294,1769.532661060714,False
459,M4,62.55395862808929,0.8713630557092029,98.71444993191011,14.37582867692963,1784.8407959800238,False
460,M4,63.83206437520271,0.8104826564046183,100.63733913422769,14.232718991543328,1785.9436360086545,False
461,M4,64.23287167774784,0.752624391244717,99.95286274058311,13.970792332062944,1783.7195754406355,False
462,M4,62.516355719618474,0.896407626522909,93.99598387111809,13.519753159157702,1800.9820430103182,False
463,M4,62.654435498577456,0.8113483179587356,102.44040407530352,13.843491332059974,1800.5317397586573,False
464,M4,62.54510084756766,0.833028981802783,101.12499983376088,14.638992554065606,1793.8319456369948,False
465,M4,64.24521731559706,0.7785307521535234,99.81206899554915,14.466110130453718,1811.4989652108359,False
466,M4,65.12250860935004,0.7875947507962189,102.84375518425054,14.91664989420704,1804.0630670045166,False
467,M4,64.29255860389898,0.7634458025486651,100.98847993293654,15.213024393492102,1803.491758014186,False
468,M4,65.62829838969326,0.815633573236827,100.17452567405113,14.998612164296983,1817.431915334505,False
469,M4,67.14049879699967,0.9043089236246379,103.80120804475102,15.197663437471158,1812.03263060819,False
470,M4,68.21557254937913,0.9012217518091032,102.11848966988093,15.603488472625068,1810.9889522806902,False
471,M4,68.28798514592674,0.839003739068957,103.51007366842353,16.508846179233792,1824.1334731822246,False
472,M4,66.34426891178781,0.793413194745125,100.54205610126215,15.59816707337596,1823.0732052014455,False
473,M4,67.36002872514142,0.9476221615132554,101.96240184745824,17.282432385368956,1812.0747799059623,False
474,M4,66.51080633274852,0.8728459032677791,99.78641461975806,14.828502667334588,1814.0498181144603,False
475,M4,68.35848321458029,0.9210094803532832,102.64580988969611,15.898269864147041,1794.159119899,False
476,M4,67.37398195300028,0.8046755791831406,101.02691208731586,15.180701903091231,1800.3947121196777,False
477,M4,67.41562227601342,0.889371841788236,102.63931971258963,15.27814053506282,1796.8268921769868,False
478,M4,63.83676724675227,0.8148405987457504,99.85286335629254,14.49519062371271,1784.6341969417879,False
479,M4,64.66660542255985,0.8083244580967803,101.84473582913574,15.376922583580631,1789.9534375633625,False
480,M4,62.78442475869107,0.7004682821903714,98.92865009240886,14.751716685217477,1772.7484518701203,False
481,M4,63.494326147050664,0.8071494796152303,101.32262892372776,13.63569819832026,1796.923416305397,False
482,M4,62.20656897038346,0.7186459142987854,98.4782021346469,14.138010889312634,1804.5707235453503,False
483,M4,61.87624850766602,0.7850012082287501,98.522378912218,13.264865845772702,1788.9862684807833,False
484,M4,62.687914722787674,0.8126328049406816,99.69733747008294,14.712818675678049,1782.7587509429522,False
485,M4,62.141736003986615,0.7904707917721757,99.48362350921808,15.065576382553637,1783.8046301726245,False
486,M4,63.20997549215427,0.801925293658399,98.54607705035475,15.03202736833773,1785.3024654841513,False
487,M4,63.308161183751125,0.8128670415805683,100.60692634391873,14.60153433082766,1803.3523650502589,False
488,M4,64.99639877304045,0.8178192695151946,100.9264890050729,15.734170740107222,1787.8438233568606,False
489,M4,63.85535383074092,0.7016797229152653,100.06649577334335,14.221024403428604,1812.2624666833972,False
490,M4,64.81704886373485,0.7843704857984501,99.96786762269225,15.766021391269444,1804.9595282324954,False
491,M4,65.69533945171058,0.841722472154979,101.88166879823906,14.485608133376358,1814.9449261595253,False
492,M4,67.02320662556346,0.8937730624879057,98.99216012763276,16.132495888235216,1802.0645299065118,False
493,M4,68.26500048245484,0.816934324149479,102.48117135728634,16.928178466608497,1801.3516388491996,False
494,M4,67.09061449691879,0.8042019605480428,105.48951049069,15.859006126324328,1821.329402762136,False
495,M4,67.76140073133412,0.8995691557116257,100.18368188592528,15.471609299667422,1814.9132618676256,False
496,M4,67.44643639980102,0.8534338744038594,101.23540965793559,16.128055774190408,1806.4951375589385,False
497,M4,68.90080052677881,0.8269072703110086,105.65146531263652,15.715682941866879,1804.6458320031415,False
498,M4,65.60713448768398,0.802928731373206,100.58404706467445,14.978046887000422,1814.712835232567,False
499,M4,66.05598653400098,0.7963341827819277,104.05373098666864,15.24462707954741,1799.0187157348512,False
500,M4,65.06935645750714,0.8479063089999742,101.65773893758387,14.952501909446383,1814.7554764707018,False
501,M4,65.27879645968632,0.8556476408495832,101.92106742211338,15.41410894137168,1797.063180845876,False
502,M4,63.431406641326184,0.8317114455929039,98.55634926809186,14.172788569200081,1792.6932624583894,False
503,M4,65.07374854295583,0.8134321068338174,97.28385360501665,14.535535393370122,1799.7405709036202,False
504,M4,61.63147102903091,0.7176348126952862,97.14216707270307,12.891620619848318,1792.5475231013488,False
505,M4,60.85988929065483,0.6849385272128298,99.24913157347332,13.251508404664158,1788.201284588367,False
506,M4,60.80139379576699,0.7529162753428884,96.97895117662794,13.470079805896086,1796.2346785638256,False
507,M4,60.69585051767957,0.7505726454412828,99.30840600725531,13.992301880978232,1791.9360369333501,False
508,M4,60.652254147896336,0.8163415353109008,96.06755588671854,12.902939686103755,1787.1421122817187,False
509,M4,62.40933931410264,0.8026975571206183,98.43210250588417,14.359880507789494,1792.8123563845527,False
510,M4,62.89730513696226,0.7867655907117397,98.63496382774618,14.372728156620507,1785.7253049497838,False
511,M4,62.99411403612791,0.7286370537092607,99.93806438408993,13.58252577284392,1794.9839494066819,False
512,M4,64.40314301518784,0.7807439481470941,98.35392442487465,14.419491224995806,1790.8585635758675,False
513,M4,62.55564492071613,0.7515451306913012,97.42014153786614,14.187964103690735,1793.6650641355552,False
514,M4,66.940920401819,0.8877527055871492,101.24127953429257,15.99051711204548,1802.0515962881827,False
515,M4,67.09953471967027,0.9542124732894922,100.44039152710832,16.490297604913046,1816.7210191523584,False
516,M4,66.41984954234013,0.9237418564162984,102.934610608572,16.505005588440305,1815.4460644946187,False
517,M4,68.65252848809784,0.8692052151028853,104.98150416593379,15.972596897378525,1814.34528826011,False
518,M4,67.3784354087274,0.9079757896555872,101.45872665612546,15.62699967057772,1804.4629209200878,False
519,M4,67.1269209834463,0.8599019315050758,101.79878286314211,15.996801930633973,1811.09726780885,False
520,M4,67.79806649733136,0.8634324122465246,99.38185932739967,15.9721797425722,1803.1156090954453,False
521,M4,68.45691566099356,0.8469177043576945,101.44026346593313,16.52694083368019,1812.7174641190577,False
522,M4,66.3842488235158,0.7594502823963384,102.16056306935768,14.547785736267116,1816.8223447384848,False
523,M4,69.06094702345536,1.0221032433983788,102.97966374794782,16.828051634068377,1811.3053749541295,False
524,M4,66.67382157958141,0.8701496476842604,101.1594726757625,15.556667570372358,1805.0086057992646,False
525,M4,64.54703607723498,0.8621783902409105,101.36550441555391,15.465319304716845,1798.8929071329067,False
526,M4,67.00786251295648,0.7981035580794369,97.10268859075825,14.403419763486175,1787.2322636447793,False
527,M4,63.57836298682932,0.7872757061033732,102.52214019544023,14.27113853855454,1782.1649748992184,False
528,M4,63.23240219085426,0.8034987682708973,99.0582218023079,14.334826174047835,1784.2137392682052,False
529,M4,63.09648757224074,0.8434564816856037,99.47260667717735,15.069847551438754,1775.8542356040223,False
530,M4,63.22805570451121,0.7370887885556958,100.33496001112235,13.444996885311593,1776.9909484842874,False
531,M4,64.71004248928712,0.7784834603973801,98.67211677558336,14.11867021737297,1791.3368498646635,False
532,M4,61.502554524221004,0.80451519882506,96.14415834653406,15.013762330903168,1775.1739585282967,False
533,M4,61.77804622245049,0.7562629324419149,96.0332086571448,13.288008029161345,1779.7847439020945,False
534,M4,61.71774521085409,0.8274251430969451,99.31442087590251,14.801141042840014,1790.9104491313642,False
535,M4,62.76370302985041,0.7465063104228469,99.9345538137524,13.792413805463271,1778.7349116956889,False
536,M4,64.2942238601604,0.8224494329259592,98.34671039813487,14.922583193292336,1787.3668236905057,False
537,M4,65.12674192574651,0.7846217422195892,99.54513635601235,14.486680706357832,1797.9385996747262,False
538,M4,66.87294872654854,0.8009135860308261,101.64693214854934,15.513965258872213,1805.5066453875504,False
539,M4,66.03316477426438,0.8484085688746702,100.79237026038308,15.036752423073702,1779.9705119033626,False
540,M4,67.69141802234994,0.9618071821626148,101.8089103982984,16.95812630556508,1799.457546846904,False
541,M4,69.40903722402729,0.933432063428041,101.57318700029117,16.83152936090535,1806.5451074624937,False
542,M4,68.20056633329,0.9266305930542559,102.4172850425936,16.633967426097975,1814.7049358439833,False
543,M4,66.82076382636112,0.7915736076186916,103.76858504989126,15.359894246954596,1813.6531395262384,False
544,M4,68.90275137206571,0.8314141728187413,102.76860756096181,16.0374648601429,1827.1654814088083,False
545,M4,66.72205457037295,0.7801044345334844,104.39216772744521,15.837348140073763,1807.6603376809967,False
546,M4,67.65474517920511,0.8928702453567777,101.70588688922707,16.12689881025165,1812.1378048376941,False
547,M4,66.35259607878552,0.8944408147696515,102.61166159506008,15.891268319911097,1813.307333749975,False
548,M4,65.89625361516211,0.8664257160793501,100.3443635600496,15.124109760501215,1822.816939306357,False
549,M4,66.43966042233475,0.8411799830850736,100.02006472644351,16.142838552461605,1800.064767432713,False
550,M4,63.452117924012995,0.8085124697860655,101.05088896145773,13.755615597909406,1807.796481746057,False
551,M4,63.74893915635151,0.8844291868749535,98.7357784107811,14.400754242236818,1787.8663189147994,False
552,M4,62.4285539720664,0.7274878584013261,96.91343461796356,12.670793300844903,1792.2001087733668,False
553,M4,61.81453249706458,0.7417403479601905,98.56492475659697,13.08964009293765,1786.9430283051129,False
554,M4,62.896072318036126,0.8100231613330177,96.09436766864532,14.215389949591088,1758.5498360094614,False
555,M4,62.48219060576914,0.7780516464987809,97.3215046217514,13.697904404593068,1793.588569141422,False
556,M4,62.221014423277964,0.7580654744789468,98.94313006361439,13.427473716987182,1794.2491402786313,False
557,M4,62.93234163819588,0.7112468827062244,101.2816079212766,13.827998371320714,1793.0595248747297,False
558,M4,62.99057514430687,0.7276132495303023,98.07505516376769,14.120809223172495,1793.2424920681565,False
559,M4,61.88796036058834,0.7388927562859766,97.77374174472907,14.386960698245094,1778.7425726545075,False
560,M4,63.226123921189235,0.7927616720030677,96.80960496573339,14.13004366872383,1793.0424613347298,False
561,M4,66.1532741398248,0.8166038786591577,99.33035477773329,15.913536235306617,1805.19341597042,False
562,M4,64.50104517408869,0.8229196277968032,101.1997361660172,14.330030320793263,1793.9062753341789,False
563,M4,66.77754310366174,0.9064581871424816,102.43097494981522,15.323750948540816,1809.1920295153097,False
564,M4,66.1113680455812,0.8522349456695321,101.07987990468885,16.17768485507208,1799.51279408673,False
565,M4,66.42294119915337,0.7235712451815499,100.98445926474413,15.608553923738969,1823.614029115796,False
566,M4,67.71930004984426,0.8917654824340393,100.43875322857397,16.24621580994158,1808.7518445300257,False
567,M4,68.32934814290239,0.9056279939590559,101.9583322745757,15.872332124779701,1815.0187212373523,False
568,M4,67.59876437661471,0.890828087462694,98.6618038271979,15.827192736567897,1811.0500882063468,False
569,M4,68.64836123269261,0.9087529291915316,103.58832153568422,16.591224515506195,1806.0124352194173,False
570,M4,65.615845268782,0.8789251912864895,101.76552880230366,15.733506316882808,1816.8779371379733,False
571,M4,69.48485785775125,0.888074001623003,102.96830417130265,16.83245089166379,1797.3426085339618,False
572,M4,66.71431207098689,0.8605232593261204,100.45961711513553,14.865645934283348,1801.0223519011374,False
573,M4,66.52465428839153,0.9100164814884265,103.70686264157249,16.223706588374235,1801.5409803858415,False
574,M4,66.50305355553544,0.8566556139116595,101.72513804698475,14.93961058853954,1792.868800561979,False
575,M4,62.45210412934412,0.7276141049039323,97.88722832391569,13.582787876133066,1808.8228812359316,False
576,M4,63.73820357395689,0.7675285122312956,98.2338773659349,14.384192058598122,1792.3175073890086,False
577,M4,62.70277410908875,0.7686964271949148,98.67299266075918,14.557083992796555,1785.6813049043722,False
578,M4,62.61939897220061,0.7822843376617413,97.69330302002373,14.001206013555759,1777.9222695782619,False
579,M4,62.94747355427832,0.7808960813784944,98.08643829615167,14.358458273582833,1779.2326972652404,False
580,M4,63.09363084794788,0.8366331395950811,99.54091768100588,13.746934445179363,1803.811690031699,False
581,M4,62.17563595538989,0.7571980452094986,98.31039327709105,14.323960212656505,1793.051245222984,False
582,M4,62.49495013069593,0.7815526948656663,98.21948819212132,14.110190446087742,1798.5189356916449,False
583,M4,65.27906763340408,0.8710178897954982,99.0788316993548,15.137817784965252,1793.0716363015545,False
584,M4,63.85351580255477,0.8334204338704866,98.6770547853202,14.315459181794754,1792.9004121800479,False
585,M4,64.3083142502184,0.8318397225296125,98.5990571346243,14.584855453103641,1802.7369709645636,False
586,M4,64.28244309842046,0.8247833118948994,101.29039173343655,15.203851396663199,1816.5558625999267,False
587,M4,67.74972608753887,0.8758860262849666,100.72523468274298,16.123264498581943,1794.327789034233,False
588,M4,65.19053939241974,0.8223732635154034,101.40060096513099,17.07989298381393,1815.3652568999737,False
589,M4,66.98448763564966,0.8822929956926133,100.73051127195261,16.72033932683026,1807.1803061585265,False
590,M4,69.2921946685053,0.878519147744035,102.61370306031579,17.11674956119107,1818.2002203800641,False
591,M4,67.37729754797103,0.8966793994351301,100.05294636115724,16.102852543057,1807.3642623966944,False
592,M4,66.71647526285031,0.8754550742894522,101.12852170648618,15.579953030133982,1817.334323116746,False
593,M4,65.97955965426534,0.9015668553363021,97.58321660545174,14.704829918092448,1821.5356393318825,False
594,M4,66.33637750014,0.8617730478834889,102.78645770140996,16.100368429512475,1815.0746903184245,False
595,M4,66.87482722629179,0.9404484182037703,97.94399177378578,16.198689430124464,1803.516583957979,False
596,M4,64.51919527222695,0.844842855850852,101.41100634835644,15.309619145776168,1796.1609284220901,False
597,M4,65.0089654620175,0.7920444987125971,101.33436942588416,14.712600756515378,1799.2432827193597,False
598,M4,65.47562434783657,0.8823232962673169,101.53092232761084,15.35330283795168,1781.7390399828346,False
599,M4,66.12900656062423,0.8364331429051716,97.50480644173564,14.39604266319085,1789.761775163985,False
600,M4,64.47029592667093,0.9130794697036038,95.57456818648666,15.55995125007751,1779.8295619619598,False
601,M4,63.8326246513538,0.8515756465816975,97.25358709029896,15.098774878951986,1784.48811137239,False
602,M4,63.26449868380189,0.786176049416432,94.74639953241288,14.914686360488972,1782.0075847848025,False
603,M4,63.12844514172148,0.8170984589663592,96.74131428299252,14.719496545196185,1767.4979219422594,False
604,M4,62.14115347503181,0.8048817758758754,97.89531303100992,13.886818101882511,1784.2549146553492,False
605,M4,60.2752874585015,0.7329156824319828,98.40947537945802,13.683025767955453,1776.7944392511017,False
606,M4,64.70453020137911,0.8730699076890427,97.98311540068265,14.981653187589774,1786.5940609194017,False
607,M4,63.41633932155643,0.6498994275258078,98.70420746898776,13.450451927473113,1789.0686054637767,False
608,M4,65.75423158324232,0.8879491666418852,100.81884428773688,15.471983749111565,1780.9900839709323,False
609,M4,64.11991948050017,0.8844678265367941,97.1620338719814,14.323539718076319,1804.8641120131172,False
610,M4,65.62736570131652,0.9063599325239678,102.98421632305343,16.06319026071553,1790.474491740088,False
611,M4,67.21456904903727,0.8067032007906446,104.43764288899179,16.08859967021309,1808.3454653743158,False
612,M4,66.20751423909358,0.8933376526144323,104.27201652454154,15.746346765345043,1824.3954343104153,False
613,M4,64.96671948293397,0.7708141855144314,100.01328673369049,14.396077541692959,1820.135807246784,False
614,M4,68.76683196526724,0.8323443008262945,103.58369510470827,17.14668941237421,1805.720853551926,False
615,M4,68.72209571372558,0.9211629491971663,102.48645550605953,16.72395076111639,1815.6676416930961,False
616,M4,67.5435242890998,0.8278608327108469,100.40823230839891,15.547543881887485,1821.167581440103,False
617,M4,66.2385385501196,0.8276826493542816,104.22905327618774,15.483346337665434,1818.9832367726008,False
618,M4,65.89197684735093,0.8460417598761144,98.51850854176917,15.37599512477814,1815.8043265647575,False
619,M4,66.15051201009452,0.7314220575957772,99.48588282854269,15.264921305434958,1815.3454520483642,False
620,M4,64.84386578217055,0.8550616089978841,98.30477852858378,14.947816696132753,1797.184508835177,False
621,M4,63.71889667055374,0.7377650672952117,99.01977580664129,13.80967427455422,1803.1284768220594,False
622,M4,66.88903406006173,0.7932344138114502,97.26377582714505,15.509726990157246,1818.5825819918712,False
623,M4,62.01277177169531,0.7515737378748916,96.44526770864896,13.23354046354202,1801.6803860149364,False
624,M4,61.88686219270935,0.8347014658593999,102.41295413364305,14.127576084733834,1791.5437556355039,False
625,M4,62.79923967459255,0.6959758797715401,99.45934896397257,13.844796503142751,1792.2182337161075,False
626,M4,61.45214192444008,0.7773355861317367,99.03662778083581,13.899975950114134,1793.5762378564782,False
627,M4,61.30075805434276,0.7579612463139069,98.19448153630421,13.489420894994787,1785.3292597664304,False
628,M4,62.36257760254045,0.8207935702103518,98.4760756693721,14.64738142542482,1784.9780671109434,False
629,M4,62.961596040736595,0.7991947959970952,98.5833201204514,14.923483579728485,1784.243658712159,False
630,M4,63.47352639404965,0.8377592644102544,97.10480763300828,13.926559032973563,1795.0396423228601,False
631,M4,64.29335073666391,0.8108658928582897,101.73774993024347,14.06587984001552,1799.397355790188,False
632,M4,65.5307417905504,0.8882995168134502,98.55886778152555,15.349022477447619,1800.0850322894946,False
633,M4,64.72704490362065,0.7954107594604033,96.50654971618404,14.421075949891284,1805.8344599902362,False
634,M4,65.92689099178806,0.820373080090891,101.75517767895992,15.148863873870626,1796.226532714023,False
635,M4,66.16886481764843,0.9223664913878297,99.6236351333094,16.616182452349282,1808.243230000398,False
636,M4,65.88904468940264,0.7921125452628243,102.2967089038653,15.5769966246475,1822.2540801755904,False
637,M4,71.69869901120238,0.9214968681787931,104.99736483034421,17.401772446717107,1814.9152172667038,False
638,M4,70.61925123375815,0.889034274433222,102.35351947700583,18.001947149484863,1805.8506311616748,False
639,M4,66.5884570052816,0.846466356573997,102.29432029508104,15.24238044609888,1826.152746504901,False
640,M4,68.6025320808622,0.9062773239220224,100.79224070725887,16.270970764055512,1802.8245427400147,False
641,M4,66.65287800308462,0.855619344520109,101.43129445870457,15.650586143161371,1801.6882769702975,False
642,M4,66.40921480274254,0.8956347214999959,101.85337916026576,15.742075628542949,1806.2046876429577,False
643,M4,67.4820297888103,0.8519570005278077,103.42150360607619,15.283416297975506,1805.0311556710828,False
644,M4,65.73048914317107,0.885428582268062,98.8406028445922,15.564919291325378,1811.1391083757253,False
645,M4,65.14697827999244,0.9570050321736517,102.15314867124357,16.066445963669832,1791.3503299847177,False
646,M4,64.4950927098872,0.8961742719665851,100.45393837535838,15.069709526687578,1793.713320657252,False
647,M4,63.40312108948592,0.870130600026712,99.46150494714533,13.557125035247498,1790.3148685072879,False
648,M4,63.5695968270338,0.8112601500452933,97.103565198824,13.970946802790335,1775.6496753587653,False
649,M4,61.45745831935168,0.7792309063421677,100.18628936871761,14.13196273428652,1777.4871618818229,False
650,M4,62.71389379297783,0.7592910571628105,96.43528493198758,14.01544971760497,1781.645635564657,False
651,M4,63.74320496416808,0.8691269268594434,99.17760917284126,14.304843028283729,1772.1482448399595,False
652,M4,62.13469371843488,0.8741702413498869,96.92904729437821,13.919855660471923,1779.5052201312492,False
653,M4,62.41363945639438,0.7868650555111854,101.67803492616588,13.890252354380571,1795.3067323659973,False
654,M4,63.36634900208325,0.8097035076217316,98.83574854202504,14.8540062952263,1782.8448524136124,False
655,M4,62.61545738988356,0.822347312225641,98.76482386025864,14.356329952877886,1782.15168740338,False
656,M4,65.63972404126218,0.9027845481267718,95.78550674184673,15.150020614260791,1789.7038412869822,False
657,M4,64.78706866099185,0.8105179264309912,102.33662236047469,15.280468278111034,1817.7791007795627,False
658,M4,67.60807055254033,0.8666502955508759,101.55743548307242,15.791869372507545,1800.6188335184863,False
659,M4,68.29205903807379,0.8568552646576182,103.33598966865924,15.42134487625862,1795.357320535407,False
660,M4,65.83918469973733,0.8030481975162483,102.19704719043335,15.227166423325688,1802.125478989167,False
661,M4,68.48661340914305,0.8800247063132802,100.92348135849141,16.691548903451086,1810.9574501501438,False
662,M4,66.30694233771086,0.8332620172861319,98.53277942805141,15.786694648646664,1807.2763915895137,False
663,M4,70.16489374147632,0.9079370058150646,102.50068946947863,17.272187618420432,1814.4325148492094,False
664,M4,66.41149316561827,0.9233945570921835,105.21017463400663,16.408777674260755,1817.761092986561,False
665,M4,68.57354211172868,0.8567167078946463,102.87283996605782,16.807145187127848,1793.1901960061643,False
666,M4,67.14243545737034,0.845894306135214,98.03515760784472,15.200764571036592,1806.6560814792792,False
667,M4,66.6048635221453,0.8227945605903775,104.01973110685955,15.828668489171786,1814.0583458472152,False
668,M4,65.65144162046727,0.8580701760844268,101.56266288598324,15.813540262891893,1802.4884372855536,False
669,M4,65.63484213551423,0.845829486233986,99.38932307556956,14.572695833614155,1794.4421993399158,False
670,M4,64.03228273999366,0.8316265652932364,96.90595704292315,14.707066042060502,1796.7760817716085,False
671,M4,62.8624216194411,0.8302987850733645,100.62457005844863,13.918238324243468,1797.8145986450431,False
672,M4,62.34712581553763,0.7566713933075979,96.28494269057121,13.175470835410191,1788.520207465027,False
673,M4,62.135723489181096,0.8258150928272785,98.32157014033558,13.800286728090349,1790.5675546656394,False
674,M4,64.86170016641667,0.8431783842455978,96.5855256541314,14.560242989364548,1778.0977310249673,False
675,M4,62.15196923173684,0.7887197494601029,99.33224046868224,14.008853185569098,1791.2470483729853,False
676,M4,62.98633486366207,0.7901844713884881,98.88015353251987,13.568095195503222,1785.8900927467812,False
677,M4,62.59610348401715,0.8064324229846966,99.19732914377174,14.346546482342731,1785.1907549625676,False
678,M4,63.036454019965305,0.8288734545156489,99.28406622752354,13.907425908897594,1778.0574550846388,False
679,M4,63.58573814710198,0.8841637360154582,99.37920414136389,14.51168979612417,1795.7623633949445,False
680,M4,63.37311201585214,0.6897000339099237,97.38412591716518,13.391736600220533,1798.3924422370405,False
681,M4,64.57829055081606,0.864224401053284,99.23888249182176,14.809372385098724,1808.5938243462065,False
682,M4,66.4444827198114,0.866370164409671,101.17403932201468,16.16331149811167,1799.8506547870954,False
683,M4,66.53394561799074,0.864903822671652,102.3850985170772,15.849430976718322,1812.8010482445002,False
684,M4,66.01002413083351,0.7535276381083531,101.48385894205765,15.41483136650339,1802.2112371122735,False
685,M4,68.60844163824248,0.9236816214381447,103.45934123963191,15.977144880013036,1807.1799091922326,False
686,M4,69.35406278784558,0.8732702558611755,102.49646145997119,15.25518716728903,1821.5904776061848,False
687,M4,66.99960217806735,0.9001792573155586,100.03180571290933,16.21733418696386,1805.2475844272485,False
688,M4,67.88997413118798,0.820095431364674,101.71691386472297,15.860213223606204,1837.7287503805644,False
689,M4,69.15878881905196,0.9241582658028226,98.65624608744639,16.217392021139208,1813.7964523227463,False
690,M4,68.8638045439164,0.9068410722882748,104.88844156884161,16.794090767816677,1809.8627262813127,False
691,M4,67.7999322694671,0.9026996942840257,101.69490191187312,16.51659529284572,1800.053247279939,False
692,M4,66.7911689129231,0.855384927001181,101.6150814963809,16.57746937206401,1799.2670396029575,False
693,M4,66.44759132935128,0.8377260922208729,94.59010008648282,15.877219314731251,1796.8292351533914,False
694,M4,64.83834854137396,0.8594415649481878,99.55310779064745,15.04540542680587,1789.4017539456725,False
695,M4,64.2446962476187,0.8027224056354524,96.96686082484193,14.022679760368456,1795.7178777519905,False
696,M4,63.7807577230522,0.8390906713919187,100.16980804324069,14.821577748180689,1768.674707143655,False
697,M4,65.12675642968375,0.7662210464847081,98.48898350011227,14.667032122329731,1790.7740715211078,False
698,M4,61.59062123033124,0.83067796416162,97.66880014824781,14.404057270657946,1777.6033063842178,False
699,M4,60.121756497981465,0.7573057894613483,97.11565692334936,12.536055925940913,1782.485657199723,False
700,M4,62.231902051961605,0.8149499374742161,98.39848654004781,15.127212626833387,1778.83636766253,False
701,M4,61.20742530816479,0.7838741348614817,98.79841414399016,13.807739180546633,1784.3426428606692,False
702,M4,62.444186448017376,0.8099475331582394,97.82327637870407,14.589308780100236,1786.1027228455666,False
703,M4,64.1419482175716,0.7931764286537399,99.25145104169792,13.765985134703556,1797.409305148179,False
704,M4,63.241330861217925,0.751859194128953,98.51003657833196,14.066115119363223,1786.6923877790055,False
705,M4,65.42673903532648,0.8173589014485778,103.90357858347383,14.760833696497778,1797.1444534674094,False
706,M4,65.53334563325954,0.9252643692586513,99.14073088130415,14.93094002745936,1797.5357358103251,False
707,M4,68.02223155068214,0.8453156329978567,97.81226049044169,15.469304367740131,1810.1874247605044,False
708,M4,67.05835207465859,0.8817963114076967,99.03910493253531,16.523118257257657,1815.6379071648603,False
709,M4,68.06682248529856,1.0068216037739322,105.60906776908885,16.493015850646046,1818.0666298985464,False
710,M4,68.34034827449551,0.9076518001130653,103.237725742819,16.131831906325125,1828.2196045056687,False
711,M4,67.97080617731068,0.8734261536156532,102.9725922925887,15.901598958587382,1817.1891658895072,False
712,M4,67.78917219718606,0.9532714344504117,103.92899038771468,16.892073927504544,1809.8791868047415,False
713,M4,66.97476011510322,0.8697431807603175,102.15214219298967,15.55008848319665,1838.3444957645752,False
714,M4,68.42657505726812,0.9915141511815179,102.41542524158041,16.852263860526115,1804.8155293674108,False
715,M4,65.17743403271007,0.878602609260273,98.2949595537309,14.9395202307395,1810.8905333116663,False
716,M4,66.06415897635429,0.8666053617962722,97.89359687011552,15.724394133675931,1794.937260961485,False
717,M4,63.60800248441595,0.7482219973567382,96.58893931498012,13.34294927493759,1793.5529386550738,False
718,M4,63.3353248774244,0.7597993256893482,98.79406910213066,14.01694537657163,1804.7575003901668,False
719,M4,63.43262851298245,0.8189938754011228,96.51470433154753,14.10730170677277,1790.6615392492656,False
720,M4,62.56020285777418,0.8166357112149644,96.9175913298739,13.76941363034781,1788.5596702718165,False
721,M4,61.28424870443284,0.7634857901561767,97.64665102542806,14.433672528101033,1795.0164825728586,False
722,M4,60.385447030680275,0.8694742157345602,94.39552417286956,13.181783594098254,1784.3427726436876,False
723,M4,62.64740019434247,0.7696653228307583,97.01603912659472,13.507093492299925,1790.136181635113,False
724,M4,62.071830869082355,0.7973325673112333,101.47382252141867,14.448926876111836,1778.160206270219,False
725,M4,60.740160029081196,0.8254722635426053,97.86385919261721,14.126607573084186,1805.5598181887738,False
726,M4,63.74472006019521,0.7811790448099248,98.93669093073065,14.118399254607796,1789.4981126513628,False
727,M4,63.73726762449701,0.8166178660189015,97.80529682786738,14.4624518620966,1789.4041603535197,False
728,M4,64.09299281845158,0.8747099576626665,98.20322675258757,14.03966419813938,1794.626518541574,False
729,M4,64.65247834244866,0.7778939738216618,98.21064054657869,14.206658602572126,1799.8567743766334,False
730,M4,66.86900284069144,0.9545078897304492,103.89726556705108,15.679198846254733,1799.1584605287055,False
731,M4,66.93164614115739,0.845622923661068,100.5943117661482,15.728033983678474,1811.0748632544346,False
732,M4,67.19259002675444,0.9087146868951259,102.97086483817176,15.30921584339374,1809.0511730115838,False
733,M4,67.37011703280997,0.8629447244880633,105.26261775399857,16.516169198060172,1811.9072009041556,False
734,M4,68.42807614853257,0.8646747387795675,101.21113663186968,16.78716687864516,1812.0767827176235,False
735,M4,68.32612275498236,1.0006867921384486,102.87444922038655,16.86121149525599,1827.344730970245,False
736,M4,68.19786088168192,0.8655522063175827,102.60606728239671,15.905676548394236,1795.3455575050552,False
737,M4,67.6639011781755,0.9469512216132879,100.12079636477205,16.722156002368802,1817.3107688681264,False
738,M4,66.88455852452155,0.8810578174749292,100.80790429004728,15.357722218437852,1807.2576155696788,False
739,M4,67.0971608369089,0.9090364138426564,103.74555713151913,15.945415785818208,1801.003439264133,False
740,M4,67.12518239247117,0.955048468560877,102.2084412173528,16.395455658199484,1801.5728684426751,False
741,M4,65.09956098366747,0.8512258826239065,100.32835921421474,15.004255418729867,1802.0067742701463,False
742,M4,65.91136134502844,0.7536524539014384,101.51102525562223,14.096427107351925,1803.6255013607704,False
743,M4,64.91677583995877,0.9059584045159599,98.7071839129624,14.704071377916593,1794.888911914631,False
744,M4,63.490178720554326,0.811601468457857,100.18780295843867,14.18580928810139,1778.7715324955182,False
745,M4,63.445057108462606,0.8709209421328273,97.09066648534815,14.493285748198808,1778.0355189155932,False
746,M4,60.58636394980262,0.7979111396547054,97.16186510205675,14.291138656460223,1789.7316151501864,False
747,M4,61.53119417983826,0.7629788938148742,99.57140122512841,12.578143811981935,1801.4519664848901,False
748,M4,61.881991222068685,0.8788803520493389,100.74409935700186,15.064928101707391,1780.6609552577745,False
749,M4,63.30248509201213,0.7994994642750387,98.3556760358311,13.144039631707932,1785.803617406682,False
750,M4,62.88983888405486,0.7762206741175538,97.90179869695292,14.115691709998906,1787.5674397143234,False
751,M4,62.63393624399126,0.7565512868261738,95.37236233851955,12.876977696523007,1799.3312750115444,False
752,M4,65.13739714591232,0.8975532423655882,100.69131392264963,15.905561547909302,1785.8544556619909,False
753,M4,66.93342163327418,0.8640810978248193,98.19752625421759,15.307611598960357,1792.495945268176,False
754,M4,67.14946412994156,0.8969774398314423,100.32752862420722,16.57231196253225,1803.383454314643,False
755,M4,66.0411549527959,0.8375933647666871,102.66669793606928,15.005319926911879,1797.1356518188059,False
756,M4,67.13579096560836,0.9042860155746656,103.53501412922918,16.033858056447038,1803.6717411987863,False
757,M4,70.49928265540217,0.9392352388463145,101.91992373616539,18.476737481355787,1802.752559839585,False
758,M4,66.49507797700359,0.9485293587305818,100.68827592807179,16.41381157898599,1829.8659713713341,False
759,M4,66.58877564779372,0.8247642350268807,101.24339249473522,16.315088715322624,1806.6648020326484,False
760,M4,68.77933106244548,0.8909786543439833,100.23068105325898,16.749522522531503,1817.268020171425,False
761,M4,68.94550148344854,0.9482647188923703,105.25253878950195,17.213034365683367,1814.6494731482999,False
762,M4,69.97457325169019,0.9971472276434244,101.15041416712239,16.812377950735552,1801.2154938802862,False
763,M4,67.18568457029278,0.7861059318985869,99.4078817961512,15.47146529899695,1811.863306026872,False
764,M4,66.6313006733245,0.9025304256712994,102.75063414249551,15.186195535261758,1807.4370060491854,False
765,M4,63.994372348721996,0.8829894255039563,100.52132081093265,14.928562944518399,1798.7299551258309,False
766,M4,65.84076921916353,0.8556721548547914,99.50958674703087,15.564684536882709,1796.5257723118893,False
767,M4,63.178420455739754,0.9002170754536836,100.96060331313727,13.729075404069583,1795.9940673698181,False
768,M4,62.448704243020295,0.7796333786281553,94.58023077120201,13.97940748209701,1793.0636070159987,False
769,M4,62.14448954445653,0.8461230083034041,95.24082597209339,14.850934066852517,1788.4393595751021,False
770,M4,60.298235266035114,0.7819335937714101,97.8233246676997,13.6069664782383,1793.1126718032563,False
771,M4,61.39769675762311,0.7486937439914054,98.74208624449635,13.29128862427616,1777.837286384731,False
772,M4,61.29082048894794,0.7461965236514148,96.85597320127577,13.376716470037607,1774.3006129100206,False
773,M4,63.584823796357895,0.8232764079724137,99.1488521245668,13.669364499400203,1775.0215449168893,False
774,M4,63.03604739811786,0.8364359885992705,98.24989536497596,14.127189461659018,1794.3140945765363,False
775,M4,61.99289100222882,0.7365351063099059,93.7604919729419,13.896044298436733,1801.0302303801266,False
776,M4,63.519293528684194,0.9321622874845923,96.62133389577431,14.256798083700703,1786.9293532057325,False
777,M4,66.26633201633543,0.7887407559035051,97.29477345493994,15.636301733385634,1801.332578914624,False
778,M4,66.99541740080635,0.9313103302038259,101.3815223650956,16.468161726924702,1804.2836928810268,False
779,M4,64.26317928174788,0.8690259000453134,99.93983075327583,13.977776540245904,1820.7363944275908,False
780,M4,67.60844600247613,0.9305285621919069,101.36960992467746,15.73261410884957,1806.360570516865,False
781,M4,69.1253577176383,0.8679546643020581,100.66919360809608,16.813536384863152,1797.790884956943,False
782,M4,68.15569877834703,0.9286787511028229,104.38185823167616,16.145801973276367,1796.2747910789906,False
783,M4,68.38342955036397,0.9512659578109027,103.749517551134,17.271393132374577,1807.5737420502662,False
784,M4,68.88207381250658,0.8601272435407099,102.84586854810186,15.724846795211405,1812.4408136618222,False
785,M4,68.19058788673608,0.8343913407100159,100.39039793433624,16.361522019507692,1821.7406716385713,False
786,M4,65.90227760856658,0.8521365575850677,99.41103789504292,14.713528720008297,1810.7143004770462,False
787,M4,67.98258411289977,0.9453199963682154,100.63797672449303,16.23547878413655,1788.4959652436569,False
788,M4,66.13904545617024,0.8401374238209232,101.83640673713133,15.402243425885986,1801.1961775888528,False
789,M4,63.7864911774781,0.8408404476200381,100.59425630806906,14.29684896152093,1794.4504822479653,False
790,M4,62.87396937452455,0.7477139045205632,100.00167556499511,13.504544013312016,1780.1993935704302,False
791,M4,63.18268309099761,0.8552045352961472,99.32087331072847,14.715978074474764,1788.7610806238708,False
792,M4,61.84154106453775,0.7856344885373089,98.29401003323183,13.19472665267371,1787.1208145741705,False
793,M4,62.42060029359402,0.7793098191618923,102.92487743016284,14.137992723091855,1789.066525019126,False
794,M4,61.015489103107214,0.7646163029347767,95.27075519441009,13.348668015528894,1793.371482416465,False
795,M4,61.63919851335108,0.8275276981127742,99.28177699353775,12.916645344842635,1782.656280529806,False
796,M4,63.67435794541846,0.8339048307019031,100.39415990973335,15.20502424268248,1766.870847083238,False
797,M4,60.57884518998231,0.7748419901044115,97.81677418749976,13.391872135248764,1791.5260642651542,False
798,M4,64.09921643958432,0.7526567681907067,98.00417000447096,14.560132819664021,1793.9142410336294,False
799,M4,64.91490041603282,0.9244104828095046,97.74687798775622,15.324130019332946,1775.9278604231856,False
800,M4,63.22670683619676,0.7655823611859837,103.1642754148795,13.818568957729028,1819.9357351598248,False
801,M4,64.1330573804543,0.8011271791598144,100.33864894194572,13.787532957374772,1793.6963092652425,False
802,M4,65.21672082138565,0.8209993426602433,101.8790587609582,15.449031281897764,1798.9572878568295,False
803,M4,65.4930694425057,0.8406642734257308,100.07897523035061,15.55348450590893,1793.8835545221589,False
804,M4,67.97669005827778,0.8836496063559507,99.56465207655249,16.778991242997073,1803.4192818787399,False
805,M4,68.69549071240026,0.904137762467669,104.05728587572425,15.899908423646771,1819.7693315319773,False
806,M4,68.59388405656783,0.9165583009765058,99.33447821972507,17.206556945395075,1810.432577806319,False
807,M4,67.96359707011482,0.9601711318606045,103.99847681922527,17.261040094877742,1818.146439222104,False
808,M4,68.86844038598906,0.9420584560346892,96.98579365882438,15.946869281043533,1822.4701681554561,False
809,M4,65.31213913993544,0.8468840210212406,100.9051012086531,15.806659991537154,1802.958568210248,False
810,M4,68.11065593769483,0.8791857036473776,100.11250831667355,16.052562032353364,1812.2696308171328,False
811,M4,67.43917902171815,0.9073850606198484,100.4336425904109,16.294169676249265,1789.2820550357496,False
812,M4,65.04764461682576,0.888185105203808,101.40707158135591,15.34712672681104,1792.633681975566,False
813,M4,64.87475041558515,0.8728197409172253,102.17499753999243,16.213181206320588,1790.2318362823835,False
814,M4,62.81432173515568,0.8120176464837068,99.10534924688234,14.061974130297752,1797.8179218903167,False
815,M4,64.8880137636,0.8786557499591925,99.30871921652431,14.900090568158536,1791.0203150492137,False
816,M4,62.90228827494801,0.8257557980144529,99.49392900777974,14.70630585448657,1790.573756835494,False
817,M4,63.1347716284044,0.8446188657793513,99.2946078114868,14.085970770120634,1784.0682749896898,False
818,M4,61.66446176962059,0.7278864621921175,95.83262567094188,13.159021100114103,1784.290515139423,False
819,M4,62.481399060660735,0.8661701994661275,98.87178161713847,14.397610594312683,1772.00572412277,False
820,M4,60.601006345014824,0.6808854566885952,93.11740778384886,13.455497909927006,1800.4193336408143,False
821,M4,63.065973456408294,0.8244695070784824,102.82915422175662,15.162787497862883,1784.5754812394607,False
822,M4,61.24668219672093,0.6621758088506726,98.7830946057018,13.304671589875378,1790.7477817477716,False
823,M4,62.52794415362261,0.8410868655722785,97.94258648381152,14.658273554194118,1787.2232389165674,False
824,M4,65.84039682543359,0.7877587281770548,100.17737953250608,15.17818609076691,1777.1212982877246,False
825,M4,64.70746295565476,0.7909538859638713,100.18033837182129,15.310132656402818,1803.3860628474977,False
826,M4,66.12286213657754,0.8067866398935915,100.88777272965729,15.04086959690411,1781.3123717788271,False
827,M4,65.21178097324822,0.8335793094434456,100.62175860811455,15.492180452994228,1800.0745208632648,False
828,M4,68.00870735704497,0.9282397993562006,100.48611663217362,17.30227802501057,1797.4911928059128,False
829,M4,67.26997417138465,0.9242529835819155,98.9904852893094,17.182818586141106,1811.8671062286635,False
830,M4,65.81817681366438,0.8689857105594984,99.36450771300002,15.928799461621006,1813.442672728427,False
831,M4,65.57913861981409,0.7995301191770874,101.42191664925308,14.913185414664467,1822.41490150863,False
832,M4,67.04688632756091,0.8339719222875109,103.369813086244,15.809874339164601,1817.435662013091,False
833,M4,67.96330509981429,0.8373483514290745,102.79516250540841,16.558122417138485,1821.8509199764535,False
834,M4,67.42583760415125,0.879185137213839,100.01829390306567,15.699419376939055,1806.7942805421333,False
835,M4,66.47760184531319,0.9157506300854158,101.21270885689012,15.154819027214492,1804.6800707884208,False
836,M4,65.03108696506952,0.7729893013539524,103.94407382669016,15.522809711510423,1819.498706391577,False
837,M4,67.22338329993278,0.9601690102104335,99.14740516844948,16.532886972786162,1791.3464314470177,False
838,M4,66.46844833095237,0.859119630999434,99.80928167530061,15.083529728731223,1788.4533889691884,False
839,M4,62.77901217484851,0.7765936052100373,98.12510923893704,14.237643485437541,1815.8324804086494,False
840,M4,64.744602591757,0.7805102516692557,95.89160543881849,15.061745939441197,1775.360284349491,False
841,M4,59.88143526063539,0.7259080586349662,98.84499969884799,12.641088577538056,1792.5075288154983,False
842,M4,61.592352504485405,0.8006974195714055,99.5832352150734,14.051164134104049,1771.2806972515123,False
843,M4,60.57000557729561,0.769596207528741,99.06992597115163,14.090318347143949,1773.564774728021,False
844,M4,59.576761160969305,0.712593043853758,94.45633574116127,12.742096065088441,1780.72922252819,False
845,M4,62.17246253234726,0.7978753848932336,96.39423699523135,13.838720154313942,1790.6965266278844,False
846,M4,63.31227528207199,0.8103481023294186,99.11568947386682,13.649505666777788,1777.533528092852,False
847,M4,61.944095622950535,0.8383231256848812,97.93706715023316,14.477046561977355,1789.4596754732943,False
848,M4,64.28538399259163,0.8601460784700159,100.50005620994753,15.478132464790306,1775.000169301436,False
849,M4,63.90320464093191,0.7613706330501123,100.76947772003469,13.956292385471723,1791.1820824522977,False
850,M4,64.8010763742703,0.8870576307372945,99.20900027030567,14.099853059681823,1809.7248097743197,False
851,M4,66.7306369089049,0.8861446006490945,101.88911930730039,15.042514029237635,1809.1176388868098,False
852,M4,65.63394100143786,0.7773131299656183,102.78675527928796,15.769847486013074,1811.9818527718119,False
853,M4,68.29074265961408,0.8639395613729108,101.48136729111674,16.219724807253446,1809.5178991090481,False
854,M4,67.14344166705072,0.8436368125540246,102.8739769946034,16.458756550264155,1805.6176782109624,False
855,M4,66.67851125297798,0.8456989546022315,103.45149579736913,16.20721597231373,1813.616786739406,False
856,M4,67.49605893772657,0.8159968960362036,102.89741086846294,15.856124287302805,1814.9769836670796,False
857,M4,68.30088411090443,0.8497054539111741,103.1892171762747,16.01626779226224,1796.4441497647435,False
858,M4,65.50309984105843,0.8340571446216207,99.9791844729274,14.775388435376392,1815.12756872949,False
859,M4,65.5079163198483,0.8141763220960332,103.78851528561542,14.786211232111764,1797.3312946453182,False
860,M4,67.5527081858843,0.8066247030141337,101.61509779541505,15.346170214790765,1788.2695840106203,False
861,M4,66.3154397310087,0.8942441030980295,101.01180471085058,14.808974261540888,1792.0507410513562,False
862,M4,61.441443698001414,0.8255093909366605,98.68915560432221,14.443399277542115,1797.3951716043605,False
863,M4,62.52317332179944,0.792167416129053,99.51155921099829,13.781168104681036,1800.5186888044846,False
864,M4,62.078323337312625,0.8096371817014938,97.09760493401316,13.383297268506745,1805.8886251099204,False
865,M4,63.620265386758355,0.7231070395148053,97.08977201278519,13.579952038807072,1786.9259538609906,False
866,M4,62.255496943592284,0.8425499105675154,96.89926182564405,14.321124944880824,1761.7603070324074,False
867,M4,61.48048605273428,0.7563791537097163,97.54819694974879,12.952581206500485,1785.34901926242,False
868,M4,61.801221895386426,0.8133500021982846,96.91848850406295,13.141301277617615,1793.7105029312409,False
869,M4,61.31147838783134,0.7588936390034795,97.33859802574922,13.414131671142608,1786.8075107401446,False
870,M4,61.69148120686278,0.73862991982133,98.08216860116762,13.19252237487659,1771.5262191882034,False
871,M4,63.90424662515666,0.8190150889351933,101.0849748121986,15.126189516080741,1787.245823973268,False
872,M4,63.80925572002522,0.7911075033231542,101.60265716111627,13.712028309582724,1793.5890174416522,False
873,M4,63.943008567366256,0.8582446524299598,100.67224241413236,14.141753358894135,1806.3394523526515,False
874,M4,68.86874112420979,0.9050362259460598,101.65767791697111,16.9493080875113,1803.4419040934742,False
875,M4,67.16560231520442,0.8438641681523263,99.79694421098411,15.605421741303841,1806.8460694886996,False
876,M4,64.86433540946409,0.7931788926911224,102.52710836915256,14.628472448411177,1800.9450774869792,False
877,M4,67.4385186934178,0.8729029940815427,100.49226224531618,16.04100991270373,1815.15457780966,False
878,M4,66.55798926239169,0.882453013559518,102.0006947513077,16.575161508199766,1800.5613752917484,False
879,M4,69.71479254037557,0.8682805172212787,103.75544761842215,17.675371267832553,1800.9471505188046,False
880,M4,68.11922214418132,0.9052075746978776,100.92157025824372,16.469049633640047,1806.1572779114306,False
881,M4,68.54591502136783,0.8343938761314286,103.56434713131934,16.637710187073807,1797.1199380322728,False
882,M4,63.873507315249746,0.8732116018162528,102.25639088199152,15.18086612592384,1813.6260285957612,False
883,M4,67.46419583752734,0.8986481751793531,101.81505249677643,15.785280418855818,1813.6478903821117,False
884,M4,65.88634686941039,0.8344956163453119,102.00573432334585,16.2143006689286,1790.9229619701803,False
885,M4,65.20245274375145,0.7977195803015005,99.85779890372298,14.977723562581474,1788.135382958209,False
886,M4,63.25233328108227,0.7842896700315448,100.26036133799741,13.741317137557651,1798.0462597518751,False
887,M4,64.1272963848688,0.8806519681247877,98.1959081649532,15.287258549321752,1797.3521387382184,False
888,M4,63.17610486787982,0.7989244255305746,102.69625272935222,14.366512528441568,1792.1422908039183,False
889,M4,62.68717292896683,0.8287592241613971,99.83726782191283,12.818111125801995,1789.2580583715837,False
890,M4,61.95168312193556,0.7411214316816872,97.16335534985598,12.56317452430328,1782.8166214277146,False
891,M4,61.2931286653577,0.7345380617568269,98.13804221228219,13.596608087236065,1790.0085202624252,False
892,M4,61.46558107512227,0.709787531172059,94.94497878833064,12.762950904102016,1806.5121101461305,False
893,M4,62.15571934527971,0.8054292019265568,99.82273086668738,13.833611706387885,1780.8423056843399,False
894,M4,62.5822500196361,0.8445458512372255,96.07425652122527,14.683087927077834,1797.3213480015231,False
895,M4,64.46389433307985,0.8264736273556313,101.17685679277847,14.783947266977652,1791.5702800340976,False
896,M4,64.87116937320468,0.8507289924707393,99.04216378272999,14.923974540400396,1790.011872959336,False
897,M4,66.3528931093661,0.8814645814801744,100.47311112319991,15.126533973494316,1805.7508997240755,False
898,M4,65.74635538339678,0.8441703399166649,101.12727025958742,16.00444772283002,1790.8056915522682,False
899,M4,67.52509984315849,0.9110313547135129,101.09193325161408,16.28134235052579,1806.9015912974269,False
900,M4,66.86992624563624,0.9324759095536819,101.53905612881557,17.11361309309235,1798.7958882620508,False
901,M4,67.34135378730485,0.9453885778175191,102.21313785631611,16.030151619055108,1810.5504274537288,False
902,M4,68.46224075993068,0.9701398393715239,101.52257724787903,16.67417499811983,1798.444512378382,False
903,M4,70.55612804784843,0.9806076699796562,103.26427686627552,17.070404726715463,1804.1317097660053,False
904,M4,65.8969041854028,0.9159039946852922,101.8419178776351,16.35581478475189,1811.2836640448788,False
905,M4,65.53970127468342,0.8911537473599023,102.4340635889049,15.544750667973501,1807.7334819933826,False
906,M4,65.33341471033107,0.7792734558633133,103.24771753922654,15.027958980111332,1817.9138210458689,False
907,M4,64.2230948064887,0.8528211043944551,101.70123729357071,14.039901825905048,1805.3915850982796,False
908,M4,65.45296630784522,0.8153024749321528,102.23484533533549,15.771528941545583,1800.6841584011902,False
909,M4,63.2946122709047,0.7896605117489182,100.39287837579188,14.421735305260102,1790.8063326825486,False
910,M4,65.10889482994548,0.8252216624518345,97.3328495978484,15.508936061153246,1789.584989910756,False
911,M4,62.177687122172635,0.8370758396042142,98.82422757838748,13.539231235402337,1805.2311538907102,False
912,M4,63.075422295399036,0.8298314035529677,100.36448852471275,14.636370376931023,1773.7717254556508,False
913,M4,62.541853821929585,0.7326562296441302,96.89266036984799,13.828523004264122,1787.4824057656995,False
914,M4,62.62723170947855,0.8371225257191257,97.52771409554124,14.606877046221026,1779.7571923174485,False
915,M4,59.627639443027014,0.7673368447457858,95.49654739550981,13.118343726262866,1776.8685046069807,False
916,M4,62.46602550403938,0.8316997019993769,99.97875810885964,13.942177097320446,1783.6506458248898,False
917,M4,62.44961878514968,0.7694208724800774,99.49278918702471,13.58302267797159,1785.9611305812905,False
918,M4,65.60982186314732,0.7922859509389194,99.22261632717198,15.123176252629275,1784.2628935412206,False
919,M4,64.06312821340236,0.7997925579266514,97.72837686012588,14.774523041093689,1806.1311914598277,False
920,M4,64.4265793908516,0.9115798727058907,100.85527162211916,14.778290562853195,1777.2658203113435,False
921,M4,64.84268401865921,0.8310013041436268,100.15495968224296,14.900981189319133,1791.140846513357,False
922,M4,64.75951591645965,0.7905340372834729,100.7249463358499,14.78497375106437,1818.4264110700271,False
923,M4,67.04230352048013,0.7588656122479013,103.10300746437359,15.632547723809235,1800.880109378192,False
924,M4,66.97712546971154,0.8929015581948726,100.95343744622427,14.877909932228869,1799.7177268577943,False
925,M4,67.92240829154893,0.884010816113943,100.59795714185573,17.486890818529037,1805.4423275210468,False
926,M4,66.89117225656325,0.8333601807780079,103.17496669783377,16.33509685981138,1813.0410165890917,False
927,M4,69.13422676300749,0.9199395885993911,102.41208089628005,17.205302903181288,1803.9409418232526,False
928,M4,69.07988073686792,0.9595461639122913,102.66331136635384,16.9788489471188,1821.4736288317154,False
929,M4,68.44811799951121,0.9003622994744218,100.19454385906421,15.608605324367948,1798.206406839321,False
930,M4,66.34570308333208,0.7939087629587884,101.28501595532767,15.460034576157645,1804.8963670317219,False
931,M4,66.54139653633052,0.8336804728694603,101.92047867603264,15.802204489760213,1798.1556666169474,False
932,M4,66.05207535299638,0.7872785436773706,102.27769640056512,15.905902247546404,1809.8407876751153,False
933,M4,65.23646853755207,0.8561724945577952,99.32953193584441,14.338029530776803,1797.9117384934261,False
934,M4,66.22609352183979,0.8073211644537788,97.35009438682617,15.573431511032796,1792.2456801328615,False
935,M4,63.3846441827763,0.7428919409909029,99.35031801578467,14.609797868327103,1791.1710437615254,False
936,M4,62.5148158893967,0.773085457103793,98.40192541772596,14.43841188026218,1786.9274641029529,False
937,M4,62.98918689330287,0.721816232212999,99.59763160294621,14.308326135443178,1791.9838994777335,False
938,M4,62.400161522943904,0.8469524333914142,97.04207875635643,14.454061578662298,1778.153928928209,False
939,M4,63.589044164872114,0.8123887040076893,98.24811490263916,14.26240895423303,1772.237874454559,False
940,M4,62.15972784804965,0.8282097157589167,97.69690400770197,13.82398038963136,1785.5455061498194,False
941,M4,63.69966382710964,0.842213064562841,97.54493088921433,14.872573321193528,1785.9303617806706,False
942,M4,64.6246576302348,0.8128798141357922,98.1104339388233,14.320292872085378,1786.134855475548,False
943,M4,62.29657189836406,0.8034097900542869,99.44601234979993,14.371610528114896,1790.171177290882,False
944,M4,64.28496347140583,0.7446140370578043,98.86200130739462,14.884469679908335,1805.7291113531985,False
945,M4,62.98695566622704,0.8480905258912685,100.92061110010923,14.675464092996817,1806.8232360758086,False
946,M4,66.88873524487191,0.8059339601688384,101.76053513896942,15.806037112934465,1792.9955063648947,False
947,M4,66.3897900304566,0.9081077099653927,99.64709135628654,15.752315898223365,1798.6727885699872,False
948,M4,67.06250802099149,0.7801756215385319,101.7850837711173,14.864636824033383,1816.7707483429508,False
949,M4,68.52865782339335,0.8963460584774803,106.13221176276937,16.524869094928356,1813.292182730477,False
950,M4,67.84005565590702,0.8185625606749859,102.96251588426135,16.486732268185193,1833.010823740682,False
951,M4,68.07789141048033,0.8951097808262783,99.01003870107681,16.73472427295078,1825.9559291485252,False
952,M4,68.34819146953467,0.9241025411543518,103.4797952146905,16.901678144170894,1816.7213511639798,False
953,M4,67.42946011582156,0.7777066822126625,102.82809138843575,15.474152669613444,1809.9445039351249,False
954,M4,69.59660275880752,0.8400999352399755,102.94209159414892,17.029405518914977,1802.262328304964,False
955,M4,64.36356509695338,0.8504022897626409,100.12804579930832,15.054258342712558,1806.1972947423444,False
956,M4,66.98598576572616,0.8467837525244472,102.1029530342359,16.18237987657689,1799.3785823045982,False
957,M4,64.29260701801019,0.874242222126939,100.7261357180448,15.147065835223033,1788.0886578590894,False
958,M4,64.78632593760697,0.8258017712592952,94.53385562680545,14.358456816719432,1796.9419284339597,False
959,M4,64.13695067109619,0.7991198414844201,97.40088373654429,14.81837338233183,1782.8128219579899,False
960,M4,61.96599790605453,0.7218249614058023,97.74156108097374,13.846101515667979,1800.6780291063822,False
961,M4,62.231559911574635,0.7729673843035365,102.13432870959417,13.883040377665795,1801.6774092412836,False
962,M4,61.58218796453659,0.6381422277341098,98.85545020520848,12.893552427773374,1794.2724619664903,False
963,M4,63.52342594697084,0.7355602736586967,95.44333927015973,14.057270637545862,1784.8614240524757,False
964,M4,62.69339095952719,0.734070301517864,100.4439225556796,13.518338804584277,1786.0948687277144,False
965,M4,63.32061955154625,0.8224035923150618,98.07800702410843,14.177809717601562,1791.8159230727772,False
966,M4,62.25692116903569,0.7930384742106797,101.40252240221443,13.057286135175215,1783.7155612715576,False
967,M4,65.68799580507714,0.783202226096322,97.68123961796817,14.670547464511445,1780.8254618486937,False
968,M4,64.84469671345504,0.7142662739451869,99.23969467638081,14.267145738589416,1787.8988357584099,False
969,M4,65.25818425591176,0.8940982600219177,103.83887285945463,16.13829826464023,1797.208208796851,False
970,M4,64.19598447453012,0.8177642298342241,100.0794087071983,15.494085486455752,1802.0650978099818,False
971,M4,66.21907852844406,0.7756119808858454,101.89577952121617,15.223201839827997,1800.757980892996,False
972,M4,66.76495534729273,0.8442290271073671,100.36523768241878,15.437232743024616,1801.73922690139,False
973,M4,68.48703153589005,0.8828996640940473,103.26255007201111,15.566133675970915,1810.1350820961802,False
974,M4,68.82203049682428,0.8654492095073849,105.6541510966322,17.512918469499983,1813.0928502044208,False
975,M4,67.4192374895085,0.8180019902259634,103.61681494720426,15.567640873652092,1802.1246881907139,False
976,M4,68.86106059830347,0.898735032246181,103.18074973098332,15.669478355194421,1816.8454843597287,False
977,M4,68.04769544237143,0.937817859099916,105.3569241183091,16.716301854685327,1815.2227661528184,False
978,M4,67.49762774966368,0.9284409404101615,103.42215930438654,16.877879821953975,1800.1243299263556,False
979,M4,66.28137692845475,0.9361138146171499,104.61017486193212,15.637560264608197,1795.1100798177197,False
980,M4,65.12078159121572,0.8696226821352715,99.94545912102818,14.591799271602381,1795.3946766383426,False
981,M4,64.26472503114174,0.8360669108298191,100.25523189099277,15.253963636547613,1796.6007235245995,False
982,M4,62.625612964233405,0.7637824108125233,98.4184413591004,13.65275208409937,1786.1084337685554,False
983,M4,62.387517511205004,0.7707059114292085,98.56138458486375,14.430027053225755,1792.3495497051106,False
984,M4,64.11314529368315,0.822861717628811,102.05876965534753,15.059757726821303,1780.1226752330024,False
985,M4,62.71317201680263,0.7912241200496549,96.73339784365629,13.876574930831518,1795.7768047929435,False
986,M4,63.74944862932804,0.8951453861720049,97.70623241517163,14.326216656786457,1782.2347517750152,False
987,M4,63.101508161551884,0.8086479702883249,99.08384710874024,13.888962777017488,1790.339304433836,False
988,M4,62.41485201859619,0.7889404077309908,95.88259791065212,13.288334062799183,1775.4295437698247,False
989,M4,62.719710716745794,0.7869813837066348,101.3643145285637,13.660283664468011,1775.9361240276428,False
990,M4,62.60652411327145,0.7889800326133171,99.15079764031236,14.192369321128762,1793.8185749303523,False
991,M4,62.14566102352215,0.7826064426239279,97.79216589736124,14.370283974472914,1794.5387843038825,False
992,M4,65.67622391912022,0.8051790796055311,101.06279712721964,15.560225131478575,1792.5882363180378,False
993,M4,65.9460722393383,0.861178567989481,102.1523591173206,15.506951090371027,1796.7657709856587,False
994,M4,64.24980729079554,0.7695708209913227,102.42473542104216,13.975777946800324,1801.4615782087994,False
995,M4,66.20137001267216,0.8982439751267794,100.28337830265633,15.587027096906823,1808.552456750236,False
996,M4,68.08917581363312,0.8979508930147023,99.27735113707132,15.610855349583204,1804.7257305764688,False
997,M4,68.68305889836792,0.8712892828088792,102.1209624543949,16.304114687503393,1812.446911504025,False
998,M4,69.51969228077763,0.8995353901796893,104.12422178313818,15.98516676421301,1810.2813672953387,False
999,M4,71.21565493454749,0.9197122245596523,103.29147608264336,17.581072040677473,1796.0374964780256,False
1000,M4,67.86352246315813,0.8213051816613659,104.06439036703402,15.57813717347216,1806.7425885896298,False
1001,M4,68.80859686714966,0.8157512586314033,100.95861461138475,15.98678188684122,1817.186775836393,False
1002,M4,67.13055018101323,0.8479918711574578,102.19179925824434,15.120934454423326,1816.5596944428964,False
1003,M4,67.21391933507269,0.8556682263234799,103.78710249109314,16.232779986516725,1800.2398566544425,False
1004,M4,63.22217150375789,0.8729097197113376,97.57708038819918,13.707175255721118,1791.7342453734655,False
1005,M4,64.19371315102708,0.8397105259874774,97.56031744993115,14.513649451322673,1796.0489428410197,False
1006,M4,64.8412416603013,0.9013050970390261,98.89881289190762,14.39161493927961,1790.4262545197653,False
1007,M4,64.2752943933634,0.855010450737987,99.28322508414357,15.278362861237843,1786.4442035837117,False
1008,M4,62.513257669411054,0.7887706026807094,95.32958374585641,13.738613784486647,1781.1896702331812,False
1009,M4,61.01429846684402,0.7087836857615646,95.40729991055828,13.284915002688235,1794.9986098142635,False
1010,M4,61.5924790302257,0.7184443226914027,97.21191110225578,14.058095740496928,1795.4298467070055,False
1011,M4,61.66647021693899,0.82890454898287,97.5995010857032,13.908037599111493,1791.071168879438,False
1012,M4,62.70371879479075,0.8936755102093645,97.18876480712728,14.893093986696075,1781.487440329187,False
1013,M4,60.873855208790474,0.7456968569895089,96.95843281554151,13.894320381957511,1790.6215357585959,False
1014,M4,62.17530574016747,0.7975771414153423,99.78888618361117,13.527235933422242,1797.701593106367,False
1015,M4,64.914208098191,0.9178909849819558,103.03829299383442,15.245608407642681,1802.862776060067,False
1016,M4,63.99257393803817,0.8902155102883091,98.24216403910205,14.907404728411587,1781.5070355633643,False
1017,M4,65.10243493487907,0.785077952820421,99.58965323695502,15.259698068717276,1803.5206082968941,False
1018,M4,66.37122038300029,0.9371812559966857,97.94884916421057,15.943693578917168,1797.114301971954,False
1019,M4,67.61459563492534,0.9001627659755475,103.93150795825125,15.71796029142247,1802.7080653388018,False
1020,M4,67.58831825136635,0.8723469370455241,103.2456497879036,15.933215691720873,1823.8279068446818,False
1021,M4,67.22320042491131,0.9141392544789657,104.20086499531396,15.999640697385354,1814.9151790327926,False
1022,M4,68.66072198849963,0.8891351952973849,106.32478743373578,15.914545858470822,1810.1350543586277,False
1023,M4,69.3136316601314,0.8626044854419266,101.50151030011634,16.8285056132345,1812.732296849773,False
1024,M4,65.98954734383643,0.8692872379449589,99.68061532475639,15.711418633317312,1819.3394158359336,False
1025,M4,67.87559263940828,0.8720020532053833,101.38446739574255,16.13398748225268,1811.186110113743,False
1026,M4,65.42068430071608,0.8367648125138676,100.80860967916394,15.759602483743558,1813.185480006442,False
1027,M4,66.94427575547003,0.8388752672284614,99.23267547301806,16.817368971081816,1793.63294040236,False
1028,M4,63.409789611468554,0.7552265645317678,102.07717504866483,14.212261191942089,1803.7296405334828,False
1029,M4,64.68094738516875,0.8826143933478523,96.5888819418901,14.782220539357974,1791.9720586800781,False
1030,M4,65.78395254853427,0.8182444942334444,97.4068309166537,15.275489736775835,1781.5016373869637,False
1031,M4,65.61647728773613,0.8390074888876738,98.13107214584412,14.992205504899642,1786.6194046530557,False
1032,M4,64.69209969311665,0.8593669319025338,101.13198175380522,15.682589407596804,1784.9373193699585,False
1033,M4,61.20112105856825,0.773819709909281,98.59296508079923,12.742513753127142,1783.0523726357023,False
1034,M4,64.43062420636669,0.8494346018209167,98.8151740812979,13.472077652307489,1801.171860035644,False
1035,M4,58.68654857713391,0.7319548907613149,98.92933448378139,12.692540150956663,1778.1185123547682,False
1036,M4,61.34880120558811,0.780693829359073,98.1014718936012,13.74130818668334,1779.4158897481436,False
1037,M4,62.710243466364545,0.792953533466492,98.81765980711243,15.1478150802339,1777.5305302586755,False
1038,M4,60.28169161803031,0.8349530051219867,99.96087056759383,13.560220732594544,1806.3173216518694,False
1039,M4,63.364326454603905,0.7973219990066935,102.40290415938509,14.377969104940702,1784.9619181731218,False
1040,M4,64.72767628248151,0.7845458608433337,100.48434623901784,15.107940680868474,1779.7903342970599,False
1041,M4,66.27244181603326,0.8411661730148401,100.9204760529132,15.521393120232853,1803.5501343159463,False
1042,M4,65.406555499205,0.8359484616180267,100.09863298832633,15.051685071855564,1814.3239809866895,False
1043,M4,66.52054264580725,0.8623266759463475,100.72909308755683,15.820219140076409,1810.86262982337,False
1044,M4,65.5266237889982,0.8477842878432726,101.5264473378719,15.50310091406534,1807.3725996089568,False
1045,M4,67.79188044070948,0.84284677108358,101.54924731785879,16.349932658877904,1814.4647156275832,False
1046,M4,68.34689086619075,0.915106331616702,101.13095659054956,16.619252849794936,1815.414035082,False
1047,M4,68.44074761269103,0.8771948817462089,100.12663425203331,16.287551328055166,1815.6983265307795,False
1048,M4,68.03149432485996,0.9409131060059411,101.73993391119816,16.41191369283704,1817.3980144223256,False
1049,M4,69.18880297927623,0.9252708220341374,102.75123417081896,17.333044634340496,1811.5723802771029,False
1050,M4,67.45967548252005,0.8653995298589209,103.31596813538529,15.696556824591404,1813.459547186408,False
1051,M4,69.08269503475083,0.8290487315641747,106.55429786664169,16.535397102490837,1800.8454469164992,False
1052,M4,66.149342370941,0.7937875720895948,101.45065410811421,15.70691752686459,1813.8654518366518,False
1053,M4,66.12152400266797,0.867278068612856,99.32924240283184,15.673904721488848,1806.6291794384044,False
1054,M4,63.886819089093564,0.8452319783393935,100.1349461091191,15.08344257095671,1800.8024157031512,False
1055,M4,64.96711097660572,0.8125861684571997,98.25517470844929,15.966506038908687,1792.8056735001928,False
1056,M4,63.371824882198815,0.7134395424879808,100.64365440742344,14.418463205182071,1799.4518282566178,False
1057,M4,61.38193047016369,0.7734482441343564,99.72604431162974,12.480653549808538,1791.8118384802544,False
1058,M4,60.21127229207392,0.7433516621443231,96.87723607570865,13.43438909619239,1799.7655137535937,False
1059,M4,59.073831318619895,0.7274910269926049,99.57274023341384,12.461817684520348,1770.9573457581225,False
1060,M4,61.89637286358658,0.7852795287441205,98.99965584856612,13.50194796217903,1797.3862402538678,False
1061,M4,63.08962677854837,0.769791292053067,102.18238975968168,14.53534234230998,1780.896111981443,False
1062,M4,62.49706616311396,0.7814994550965382,96.65893812714084,13.771955063467297,1801.511399464746,False
1063,M4,63.584793239983036,0.7772778891816685,95.93091363236425,14.32005006731624,1790.3038646559933,False
1064,M4,64.76728104601315,0.8560970173976503,95.94855025299181,14.450506668559685,1802.5900424988272,False
1065,M4,64.10793258987385,0.8131788251110261,98.95649036548129,14.832972017881255,1805.393854178448,False
1066,M4,67.80150447548945,0.9101593447523658,102.82965171538294,16.188943412432145,1785.280791793967,False
1067,M4,67.51239519742722,0.8339848967613075,103.76105590474126,16.139978971246602,1807.6046786874224,False
1068,M4,68.90066419324974,0.881850174221394,103.92945340002811,16.461275352763636,1811.8969808133224,False
1069,M4,68.73222979118947,0.8842000871688273,101.99836071210603,16.74893097903505,1825.0559004015283,False
1070,M4,66.3335579292318,0.8437939839045348,100.80774794020998,14.511201448675806,1818.8116593029104,False
1071,M4,67.00138828736353,0.842111854212183,101.99027330754201,16.994019888377025,1799.0529195941097,False
1072,M4,68.50984864926266,0.8316591363327428,102.54333471371024,17.40408642957968,1811.2849733217467,False
1073,M4,69.96472925861725,0.9326373683732513,104.18994386636611,16.617025904861894,1799.2431590752515,False
1074,M4,67.13507882554278,0.7863975817420406,100.2570309413708,14.834434325125002,1812.0309537553755,False
1075,M4,67.8640956090936,0.8412500350329389,99.8852477752543,15.677367664088026,1805.251201512988,False
1076,M4,65.98902046803012,0.8747094360897409,100.69476987635103,14.688052797095537,1797.9695636812003,False
1077,M4,64.49970054752325,0.807267046441007,98.91384265710272,14.279426781695628,1790.6269545769787,False
1078,M4,65.74150298491593,0.8160150148377365,102.15866660521645,13.877163983057919,1784.2045246994703,False
1079,M4,63.38719996814808,0.7654730839337592,95.73917034087961,14.159819269686638,1780.8204800893773,False
1080,M4,62.18141570259961,0.8193095591822164,98.69523918304122,14.13567730551987,1780.8438675724597,False
1081,M4,62.181390290679694,0.7872310804165267,98.69947547734182,13.583755584994284,1785.2113200211609,False
1082,M4,62.29065717343649,0.7199378854213186,100.68210823435116,12.966515167879185,1779.0738830256078,False
1083,M4,63.42792032184163,0.8010589317946866,97.88363867936076,14.571791515508423,1789.3296656964294,False
1084,M4,61.54584366520873,0.8256321657771063,98.70169573270657,14.207551534144882,1783.3350814776602,False
1085,M4,61.30957972947992,0.7527315909998519,98.938003174083,13.87584518390268,1781.3337886069705,False
1086,M4,63.73010723035623,0.8334797330826491,98.83256599478547,14.683570639335972,1788.6368746684996,False
1087,M4,62.7946167607373,0.7299427609902046,98.47073950339053,14.730619941092415,1789.1197663280454,False
1088,M4,62.77661600495977,0.7502466617761143,95.39212377268085,13.670708899852153,1806.771476108732,False
1089,M4,65.82195110149735,0.8678755669113014,98.02984029458318,15.289306504896029,1810.548116830523,False
1090,M4,66.34371978387007,0.8079058828772042,101.60750052433482,15.63670577085773,1794.625907673407,False
1091,M4,64.20022809287347,0.8199705978611198,97.44427948392968,14.582954066198097,1809.62527816842,False
1092,M4,65.17761152127893,0.8208571349615339,99.86679989236585,15.561104010725929,1816.9333693938024,False
1093,M4,66.807303240312,0.851219868687592,102.90618242379774,15.780847584048797,1828.8022569564855,False
1094,M4,65.7212594600643,0.8598652976770114,99.85429157914064,13.96634598909822,1815.4509028550399,False
1095,M4,68.7787365182239,0.8216231529627384,103.1191135922632,16.181670265841262,1836.7316691414326,False
1096,M4,68.1154099564023,0.8759354515323298,105.35871111778015,15.919720356507188,1810.8491164366992,False
1097,M4,69.26976445758568,0.9538806312786585,104.33684136740209,17.563577502239593,1815.0529567941783,False
1098,M4,65.78242614331315,0.857166164238981,100.8599283133916,15.002513626501115,1818.022153841208,False
1099,M4,66.22230413622897,0.8710695741319898,100.65301259372097,14.828770438283222,1814.5415956928587,False
1100,M4,63.02582215183573,0.8809753206124304,101.84023296429659,15.550355188577909,1794.7943923936919,False
1101,M4,64.71613881220445,0.8445909503971314,99.24577873711624,15.59161173990272,1786.3172730428903,False
1102,M4,63.573713148684355,0.8000956578669255,100.67663747640816,13.971340714579082,1803.68316093873,False
1103,M4,63.9814144770901,0.7606498327761688,99.41815692754514,16.086971537424166,1794.2069048586636,False
1104,M4,63.467551157865266,0.7199530824083539,100.83526696290443,15.011457228297683,1775.4625750880189,False
1105,M4,62.62407617223125,0.7484675316189044,98.7172477532924,14.01409219347081,1782.4424772495772,False
1106,M4,62.76507915731714,0.8410756758821675,97.48650868819634,13.80648559697199,1781.5870159963342,False
1107,M4,61.28831832384061,0.656481148742142,96.84945064319669,12.751458188353174,1796.046860969622,False
1108,M4,60.930543612007746,0.7183438890041371,95.42547435918202,12.94337272474745,1782.2198344975063,False
1109,M4,62.37672490398254,0.8354386216477021,99.40379807541254,14.39785921247617,1774.2406860114472,False
1110,M4,63.22386295439054,0.7992123727172329,98.28406766122987,14.781596716037749,1779.7454639587556,False
1111,M4,64.78132283313906,0.7918621824470911,97.94348704173777,15.191487970683381,1787.964023983102,False
1112,M4,67.4357916969192,0.8304312882328146,101.21096308590243,15.464328424324357,1778.796444138352,False
1113,M4,65.71291134587813,0.77590622278136,99.64475487886526,14.080146654976746,1784.023388777651,False
1114,M4,64.43897484628474,0.8049604562088796,100.45971828852589,14.288185427218737,1814.34182411721,False
1115,M4,66.38109821108759,0.8903900175234452,101.11901269936317,15.872115365494173,1814.0469558105476,False
1116,M4,66.81835961717665,0.88501721145663,102.23240243452729,15.006895265721523,1824.3494613985147,False
1117,M4,67.87213885383858,0.771883825392788,102.35477463193078,16.975882296449328,1811.984245019489,False
1118,M4,66.69112002357686,0.9271325159788268,99.79231116207286,16.064205585504947,1824.804628558173,False
1119,M4,68.25101487155821,0.8798684677570684,101.49328679766533,16.672450606938288,1801.8664407206625,False
1120,M4,67.53836800564955,0.8473829248861232,101.75161870337196,15.949097517770765,1814.0609915065127,False
1121,M4,65.00965198866005,0.8062136953274098,101.40023530170322,15.308037863757132,1822.0532041275167,False
1122,M4,69.05091127760755,0.8947629639396192,98.26502953294276,16.045746751346563,1799.4280443014002,False
1123,M4,64.2154540835125,0.8107912996987138,101.68649621146655,14.880804752273821,1811.6659499970767,False
1124,M4,65.96387710079402,0.8136170927310823,98.06294256788675,15.139035192798284,1793.4305243763274,False
1125,M4,66.81160731441187,0.8483128009590452,99.00855573055354,15.505862465023439,1798.7499055465792,False
1126,M4,63.41717818914801,0.8455542529318475,100.17748904502115,14.394769128485182,1788.718908626059,False
1127,M4,63.50975755698423,0.7680052859050623,97.98280025048993,14.47807358257364,1804.638132716808,False
1128,M4,61.92092898493588,0.7798576023190581,101.15710185897946,14.521338961424366,1789.1636643476563,False
1129,M4,61.756837563538355,0.8296417310241372,98.91179355634846,14.327645784080831,1795.8197729277454,False
1130,M4,62.81005985354388,0.7018044931374814,96.51468419277252,14.310705850884007,1780.7590390101145,False
1131,M4,61.80656194365241,0.7491464938584388,99.28842831982716,12.934894441827895,1793.955378367246,False
1132,M4,62.26089515132493,0.7478395083744447,98.54972230361935,13.406772538352914,1791.9954583030512,False
1133,M4,64.39502976278804,0.7735565380012838,94.54563200499925,14.64903340144212,1789.281946445788,False
1134,M4,63.69319300321254,0.7772554931814674,100.11362538050818,14.94786393933923,1788.8343353823216,False
1135,M4,62.302492820779264,0.7237296048093682,99.27476786349551,14.149759880669082,1786.2670576274488,False
1136,M4,65.34075196222093,0.8025590653408875,99.67510482153787,14.500065152550054,1799.6220835377462,False
1137,M4,62.07637683637464,0.7228889942798921,100.26900940895227,14.320987093225696,1812.0504381335154,False
1138,M4,67.42133861652253,0.805663178665096,100.33677267428817,15.728233282406666,1809.3075879125108,False
1139,M4,66.22808560472913,0.8653077198421287,96.94734744819256,15.150414448716083,1809.3346230831953,False
1140,M4,65.71337768117778,0.836021595088952,102.53366284862948,15.80591194777468,1804.0354458164443,False
1141,M4,67.75875177565251,0.917400282535546,104.01966749426302,16.330600619954808,1814.381945802462,False
1142,M4,67.99268549683394,0.8332302708866537,100.83718499472337,15.525791633283367,1817.5873097284523,False
1143,M4,67.24232225229915,0.8258169293030233,104.11669474084493,16.55421361962456,1809.2952320888526,False
1144,M4,67.38643552907628,0.8714680620834859,101.03536736297936,16.709350365501027,1817.9772099434513,False
1145,M4,66.0646612399215,0.8302710084549368,99.49654677932513,14.65317575674103,1807.7176774159582,False
1146,M4,68.08397146647147,0.9002361103927284,103.57720977325248,15.963113566784246,1807.4587933438029,False
1147,M4,67.92043203034682,0.8250799621198159,99.02683850181239,16.74733800453395,1786.2525575556008,False
1148,M4,67.25603266118894,0.8461115906594655,102.31354273152253,15.452271336997871,1813.0826646148494,False
1149,M4,63.40758809538383,0.7361769546277761,97.30488173320704,14.023677549135673,1804.1015600580415,False
1150,M4,65.09172511062576,0.8038065048683833,95.81463811960309,14.87407517374842,1793.466259179249,False
1151,M4,62.70766397563218,0.7813466911914717,101.26723225139138,14.185229581168821,1790.876504176271,False
1152,M4,61.54842476136785,0.6684721953702777,97.51579372718837,13.8630707406003,1812.6477588947164,False
1153,M4,65.03826924543364,0.7333117984883278,100.09515798370953,14.605734950747525,1778.4096973591104,False
1154,M4,61.5174433974803,0.7894057011689121,101.32142931085168,13.6313650384956,1798.9008088645517,False
1155,M4,60.68002955522869,0.7951512272672402,98.51984162242069,13.06927118945798,1786.152557940823,False
1156,M4,62.09559450451079,0.8519273123458998,100.71902551540616,13.691594119463343,1785.652682257702,False
1157,M4,64.21521971825246,0.817511346395995,98.41797822601754,14.60999172577961,1772.5975049427834,False
1158,M4,63.48958234407746,0.8626543151506956,99.54339065480758,14.859926647919988,1800.1920582687715,False
1159,M4,64.63074866624378,0.8061867961562234,103.50655646789822,15.014026608209798,1782.9946069845846,False
1160,M4,65.74206361099982,0.8528379103724637,100.17223131332767,14.839887172280623,1783.643512443406,False
1161,M4,65.72462097953988,0.8604803837711398,102.06213096377766,14.89751761688517,1799.8590138586055,False
1162,M4,64.90598284201539,0.8080107527737487,98.61036258630747,14.41261957782109,1795.5762912431885,False
1163,M4,66.44293702312122,0.9065125491249372,99.5791112348086,15.282103905994743,1802.1619978625195,False
1164,M4,66.90533946198038,0.8813237427888568,103.13563837294643,15.391383578401157,1797.2430793696653,False
1165,M4,67.41527847448778,0.8100920586526106,102.0938358644105,15.48226371136872,1798.1976924896683,False
1166,M4,68.66308568362612,0.9091493754722225,103.30124047242133,15.772076659348864,1829.0729278410427,False
1167,M4,70.19447240169615,0.8353598803665493,98.48539627641838,17.12174852473205,1810.222367617798,False
1168,M4,67.80020692027689,0.8623959010299674,105.05406335035656,16.42051832887872,1812.7298453049539,False
1169,M4,68.1467980938278,0.8690406856048657,101.16503076830897,16.02586485693126,1818.3952178733907,False
1170,M4,65.21247428846155,0.9037131957577289,99.08537096284373,15.041919687437657,1800.8727099299401,False
1171,M4,64.83571843881518,0.7969967173110521,99.78918784748508,15.359436165869782,1807.296768543789,False
1172,M4,66.9185484652479,0.8805151172485614,101.66679204782064,15.66771408445379,1796.8302878393806,False
1173,M4,64.36796373345929,0.7052394794135503,97.44584834343033,13.414934857991813,1809.2787070442578,False
1174,M4,64.27146484085658,0.7490263827999333,100.06510866059732,14.119270672326357,1809.3629944248066,False
1175,M4,63.62229234699047,0.7912681889160399,98.91017297597814,15.333952631606449,1797.876332690691,False
1176,M4,62.104640033864825,0.8449172486557556,99.42181899246674,14.191727594107718,1781.0182923936136,False
1177,M4,63.417593032580164,0.8234002223773853,102.75840466335255,13.825785455583128,1776.1961292697538,False
1178,M4,62.67227580372547,0.742729896384904,99.76020821341265,13.146709394219693,1791.151715868767,False
1179,M4,61.9751297660462,0.7804727179748455,94.00303474206116,13.222988190253796,1775.7290548515637,False
1180,M4,63.982199182386495,0.8338238910424488,96.63262786942248,14.12817653955825,1769.7200006727082,False
1181,M4,62.49819212872076,0.7436371383255889,98.85568280418816,13.710387487013502,1780.9492887833171,False
1182,M4,61.973122035949274,0.804258721887395,99.72212164276853,14.543569861883013,1784.0743477422134,False
1183,M4,63.25988401489933,0.8574603432518211,104.07555157093425,15.063258162257734,1790.3599744476594,False
1184,M4,63.8022558766962,0.790814551637636,99.07895467207877,14.165627057542087,1797.4696622443537,False
1185,M4,64.11464936060665,0.8600262243408708,103.1363602953142,14.965802436632515,1798.9447692815784,False
1186,M4,67.14260416465966,0.8563026866445289,100.42077960078292,16.037631024166615,1793.7065399835224,False
1187,M4,67.64423728189952,0.9553564987674004,105.84111070682151,16.94015822427516,1808.7961264374662,False
1188,M4,65.84273776957725,0.8380368036034045,98.74903119655961,15.36863587192304,1805.7891972476157,False
1189,M4,69.99694787168215,0.9094479516976597,103.95854121819859,17.91156534599581,1813.1975333655657,False
1190,M4,66.3285959939594,0.8169756254880964,104.06386854913302,15.908365862430895,1826.1730717917387,False
1191,M4,66.43955498552836,0.8250948773119985,103.36718931170157,15.127736078377428,1817.7681524998302,False
1192,M4,67.9182305167558,0.8173980606705314,102.74478754681554,15.738250336337911,1817.2531400861535,False
1193,M4,66.01290799217419,0.8226271989732112,102.04985645721342,15.949182863269689,1817.0511612925186,False
1194,M4,68.36128363976776,0.8676703365588702,103.59918155140504,17.024419483151252,1795.3067456200326,False
1195,M4,66.20889436259921,0.8877095922896439,102.46307128110476,16.073580676081235,1802.9415270161926,False
1196,M4,65.41539940483338,0.8798034756140627,101.93697338612556,15.255474305668702,1801.4803344491152,False
1197,M4,65.27293821897392,0.8425779741267807,100.6755430644146,15.379144986914062,1791.502019959474,False
1198,M4,64.79678882753224,0.8837030297753747,99.3280944587151,15.063125675302512,1807.3567208508866,False
1199,M4,61.97856130173067,0.7263843868484047,97.0928327054463,14.194108623053591,1794.3673163174042,False
1200,M4,62.457563534607665,0.7728973242216678,98.4554600988521,15.012736990348992,1788.3544268992844,False
1201,M4,61.98043669683924,0.8344043374566774,98.51403103877537,14.334731124921651,1780.2784603809225,False
1202,M4,61.45076196871666,0.7380255764075678,98.05184097600866,13.136673302554318,1786.4282942638574,False
1203,M4,63.829446492495485,0.8330696507739498,95.34143907327355,13.4618148767457,1774.483810402957,False
1204,M4,62.743744372474694,0.7762478816451402,94.3020411555955,14.550185108731887,1766.967155970428,False
1205,M4,65.20824892254083,0.7940460430054959,95.8766422825071,14.722201428238119,1791.0727578229694,False
1206,M4,62.07349936394227,0.6973600649395713,98.00649516380601,13.403695132315763,1784.0637301211077,False
1207,M4,64.99295089046657,0.8344252274004345,97.08741213473905,14.710196981598845,1780.308500079939,False
1208,M4,63.355220472006906,0.8011707865211598,96.39146552113083,14.271335341120812,1794.8755245895095,False
1209,M4,66.923717245722,0.8956017028592507,101.64560763638369,15.691267012704852,1791.937778853566,False
1210,M4,63.31140928878828,0.7859316017634657,98.93264089302868,14.201660546237385,1825.2160555734847,False
1211,M4,66.05796698313956,0.890905364505902,101.58507513391898,14.915051232706736,1814.8827740749164,False
1212,M4,67.85692421770526,0.930286594878711,101.00611782717957,15.926640625047016,1796.3799104124319,False
1213,M4,66.40765265839941,0.8301340568267839,99.44392253268832,15.254808836665438,1822.4044521178932,False
1214,M4,68.18363678690177,0.8874384252194378,102.04237954922107,15.752542533021801,1814.3502451141565,False
1215,M4,70.8261336352674,0.9121784880873447,104.66677760868164,16.71391540711696,1819.0056714222892,False
1216,M4,67.19282000130185,0.9232080327969903,102.6475089610329,17.3271359555153,1815.3478775539347,False
1217,M4,68.9238729952155,0.8334475888422158,101.79322194980794,16.16479173234943,1815.6482247216193,False
1218,M4,65.96926290597061,0.8413780818306767,98.4687494440114,16.035769255174937,1789.2706195825272,False
1219,M4,67.52439532478321,0.9680883657131906,102.30072683313787,15.703554775059802,1813.3057376439,False
1220,M4,66.550792858065,0.9165366163349328,104.47594606901482,15.782977522206927,1804.6285083129155,False
1221,M4,62.0227771425953,0.6977647237909826,98.74874898643964,13.698656762004367,1809.0516213166377,False
1222,M4,63.00971657430929,0.7252391477750777,99.85049776006065,13.267213361357948,1794.5242330077735,False
1223,M4,64.52795327867226,0.8468981720326707,96.45631326019162,13.940121922293244,1779.451781746352,False
1224,M4,64.71107525022572,0.8171278781773108,100.0476584241205,14.474543808670221,1776.9950408111292,False
1225,M4,65.07562457183798,0.8328759251848201,93.97752505894765,15.658052045178664,1780.3513421334699,False
1226,M4,63.01838141392489,0.7841798883532226,98.59394270167553,14.921944988938948,1786.2860694920585,False
1227,M4,62.52570957711429,0.8099292513832269,98.90653523338005,14.397323445508462,1770.7097765342676,False
1228,M4,61.893877356851775,0.7588219759727513,97.28942574183797,13.154088580982304,1784.7403484776514,False
1229,M4,62.60927024277125,0.7830305256105792,99.63530055192717,13.886472277772702,1779.579712667089,False
1230,M4,64.03307777463924,0.8381793890173082,101.8962305338164,13.967388902440174,1793.5877218702715,False
1231,M4,62.11293192448749,0.7458928112305315,100.28635706115675,12.853805890355623,1793.0832947499446,False
1232,M4,63.91176283013548,0.7138081115564208,98.76238162244819,14.339904655786196,1820.7155345155165,False
1233,M4,63.81237098701355,0.8033629561708409,100.66175772374513,15.103556232191455,1809.9722517052232,False
1234,M4,66.86530379731477,0.7936200279026832,99.68033852316557,15.271552318459017,1820.0805476819303,False
1235,M4,66.39243897414875,0.8683966005045558,103.41579542260399,15.960907438966524,1812.4592899079262,False
1236,M4,68.28142781298186,0.8890784466652945,103.8894561456617,15.98030496570566,1811.1225983423237,False
1237,M4,67.72497682868676,0.8483220959227898,101.66170951801942,16.302045729956696,1816.5436377189897,False
1238,M4,68.24673203278287,0.8817014201047038,100.96538686018998,16.842805854278204,1809.2704529274995,False
1239,M4,68.56788168294896,0.9207507566990729,100.54007527718909,17.667435155530864,1803.6785447229909,False
1240,M4,65.35792679880885,0.8322934235639776,102.8605348192718,15.320224837314905,1811.5406489129582,False
1241,M4,67.12403136847479,0.816120002496364,102.90221138616275,15.60592835610142,1812.6046182909513,False
1242,M4,67.22524845147038,0.862976589323881,104.79496184858611,16.877362482359135,1808.91900315038,False
1243,M4,66.07070068772526,0.8626741306890244,104.13873604094105,15.577335333782976,1812.2141482471131,False
1244,M4,67.77740273947428,0.8485698446307719,99.04743600181128,16.378221730565784,1798.382392048231,False
1245,M4,65.1488072374761,0.9030635278846338,104.65156719388159,16.23851446571334,1774.713830816842,False
1246,M4,64.7465749785853,0.8062923189079242,101.05830350585265,14.236571380322896,1783.0409960862817,False
1247,M4,62.82424427743729,0.7880276514720781,100.50518551662357,14.071519856628663,1807.7824181029134,False
1248,M4,63.01910586299113,0.8285261387083821,100.02039091754935,14.001753451632512,1796.2205953940054,False
1249,M4,64.09458960344985,0.837814919363555,100.863894504396,15.386674733031388,1789.5351996047184,False
1250,M4,62.23227500028546,0.7339117353241832,99.30153804772382,14.176259606927752,1776.5875538585478,False
1251,M4,61.38214226716474,0.7586676821257644,97.40952957257865,13.567666843572576,1782.0426162491108,False
1252,M4,59.974815416153035,0.7854532989312119,98.27119116307827,13.72063579802041,1782.267410763028,False
1253,M4,60.729127615966405,0.7265105625716181,97.24707669656821,13.698101121818317,1788.9929956751175,False
1254,M4,61.47438394849381,0.667177221675382,99.03959458455162,12.48681351643965,1812.1976127441362,False
1255,M4,62.524727234965624,0.8248685930181691,96.10060824900062,15.449590880994117,1787.229195501573,False
1256,M4,63.71553125674218,0.870081906594707,97.42481669137126,13.497113277002919,1802.4825722488922,False
1257,M4,65.8022455421065,0.8288134088584806,94.95869872003053,15.043859545316927,1793.0793461954488,False
1258,M4,62.29030146195664,0.8223553457778099,102.81851169139894,14.360709569609845,1809.5230853327437,False
1259,M4,66.66512568533642,0.9153659257289686,101.20133894549082,15.896255736656997,1795.499091069554,False
1260,M4,67.08080088572302,0.8423681496922235,102.51005473092047,16.377117351320383,1807.0381329122781,False
1261,M4,66.42127328794265,0.8298257301097014,103.18271669009211,15.559441773234127,1819.6501896058564,False
1262,M4,68.67602485348156,0.8234630108459471,100.16686245638111,15.556204232409808,1823.0798654383009,False
1263,M4,70.7084186428261,0.9364126242072729,103.13891399467262,17.94934853816835,1795.101645995539,False
1264,M4,68.47035824496379,0.8750753643858196,102.44609828366296,16.923562640933795,1816.4805773672267,False
1265,M4,65.73773388206044,0.8131769691740929,99.67587220384735,15.850807662887343,1813.6417675243445,False
1266,M4,67.65422204293391,0.8391816607480269,100.70942280706325,14.820704083136057,1799.973088147912,False
1267,M4,67.56248809999612,0.8630483307410357,104.28760190313398,15.836319385191736,1817.2649381808667,False
1268,M4,67.12069183643473,0.9310177489390835,101.97461793722152,16.507750867309117,1790.7982971122997,False
1269,M4,67.04847684117296,0.8699297792147651,101.34796040007325,15.795461182768484,1782.056049947206,False
1270,M4,62.37516635422333,0.794647223301452,100.21244012678149,14.141363583027895,1793.1547529297084,False
1271,M4,65.05153849652841,0.7665846203888714,100.0066643228142,15.64961990506588,1794.6997722536225,False
1272,M4,63.90949277998247,0.806787818090331,98.09358384900509,15.231987056523693,1801.8825494662606,False
1273,M4,61.828853139683424,0.6946173821399318,98.35474359527653,13.2382500310681,1773.3507892709943,False
1274,M4,63.606837636839174,0.8579212224086737,97.62125786250117,14.245681450476988,1784.0002561484575,False
1275,M4,61.84206335970507,0.7025007513790198,96.03756605456641,13.342954209267505,1796.2844448637493,False
1276,M4,61.54100392239851,0.77385989060493,98.48361552140518,13.363006127237165,1776.4216036207977,False
1277,M4,62.107901527095024,0.7924636494261045,96.87498843277689,14.703162086535087,1788.5287837362582,False
1278,M4,64.17583224243887,0.7741850209756725,99.25446938856281,15.405784534639563,1787.4552360627383,False
1279,M4,61.004251856533195,0.7454791689863509,95.71264098397246,13.646594782331379,1787.2848766086195,False
1280,M4,63.855142557995265,0.7256829437560983,97.83093234325293,13.626284576468255,1795.0450885152716,False
1281,M4,66.0242765633624,0.8840616463971528,100.33001833357552,15.882364521527,1791.2449974313593,False
1282,M4,65.35753947411048,0.7891719475983966,97.43466088954342,15.807141212405982,1807.2915803482383,False
1283,M4,66.68423221692359,0.7766258926511594,100.10638249362266,14.45753919572632,1809.5788914394193,False
1284,M4,67.77058343949315,0.8695205558365833,97.92060653107671,16.034092328406203,1802.7010291885604,False
1285,M4,65.70599149132488,0.8204402874053149,102.61932560878192,15.647531025404831,1815.520998219331,False
1286,M4,66.41594558981356,0.807450000747645,103.96474336753728,15.52473835020011,1802.6791415956952,False
1287,M4,67.7879478534956,0.8424903529318999,100.08456595759559,16.97323204977816,1822.2614841681354,False
1288,M4,69.2576412124723,0.865238374227775,104.59590486044749,17.353507498924397,1801.2524799482123,False
1289,M4,66.61459619656559,0.8807910468767499,100.97274089983986,16.001353362131795,1818.2124798908326,False
1290,M4,67.78523002370163,0.8664691941263986,101.56896631801828,16.72676153044205,1798.1283083348667,False
1291,M4,67.64437729736483,0.7810543831822668,103.141587212172,16.36141207945105,1813.5079997361622,False
1292,M4,64.3565182209937,0.7553148115090672,100.52394939083067,14.027373544968496,1805.607457630846,False
1293,M4,65.14197544771727,0.8812433039114986,102.92005526685371,16.662494870496552,1792.4144664872933,False
1294,M4,61.49509048301422,0.7792908672709719,97.66616359741822,13.687032216379635,1802.058792629162,False
1295,M4,63.81802986789598,0.8097549223196953,99.66304894577694,13.925542407870854,1787.4858495957997,False
1296,M4,61.58635263062091,0.7550952982309469,95.6196195586884,14.291377396970283,1795.7488673303533,False
1297,M4,62.94134041159866,0.7502634454916991,102.00743934882182,13.581268123502388,1777.4945256185438,False
1298,M4,63.17788818726931,0.768946312543858,97.19719603468891,14.702510861921933,1789.9137467465487,False
1299,M4,63.10993534575258,0.7070039859358949,99.97125447122676,14.855043626490657,1782.7375519126208,False
1300,M4,62.330088539530955,0.7500307911513927,97.3950466655414,13.712187569445543,1784.799296465213,False
1301,M4,62.67217829649402,0.7922546217334728,100.91476420257746,14.23472101640859,1788.9038960424546,False
1302,M4,62.891675812594656,0.824982452229951,99.13645151541436,14.076045453925605,1795.2791992528387,False
1303,M4,65.79609399898919,0.8558939250892398,99.78621808561194,15.687091763122133,1786.2892884304504,False
1304,M4,63.93565793150811,0.7291194487820616,100.64657166951041,15.34593830949448,1792.188073210794,False
1305,M4,63.50866734805164,0.7693917117423689,103.82046566183196,15.361170262747335,1792.4620631147245,False
1306,M4,64.6968947800695,0.8208984646507318,100.98353167109856,14.226311192499317,1793.456774486754,False
1307,M4,67.45357530489645,0.8654426745908821,103.20034722084566,17.062541161467458,1811.3906908792933,False
1308,M4,67.91586696463914,0.8686439988719251,100.15218693290099,16.06087886067245,1802.2484893839758,False
1309,M4,66.98733537197464,0.8423003545142492,103.88388973413912,15.126373604858486,1799.3770227651914,False
1310,M4,67.18215747392074,0.8749912588560347,100.96942590715709,15.98153630566387,1832.3293480292632,False
1311,M4,68.62151574696851,0.8661496744176476,102.03875274640224,16.530131550084516,1819.8077918240308,False
1312,M4,69.0581624789601,0.8010266484989522,99.45463179838335,16.275676541942385,1812.3457768496457,False
1313,M4,66.14565621555462,0.7891730536678107,101.86562942952511,15.073141737214172,1817.7843211128647,False
1314,M4,68.1524488319723,0.8559353636601532,102.79389025355188,15.770750175182059,1811.2927550291229,False
1315,M4,64.03626443910288,0.757063425005966,100.0478190410045,13.947118421393,1824.2181756719458,False
1316,M4,66.38261113509091,0.7888373513332074,101.04728828561154,15.642702151199433,1796.293366569471,False
1317,M4,67.01609394877612,0.9556775694430529,101.79878460457064,16.544532082410903,1796.7019591271546,False
1318,M4,63.96651178295032,0.7524790860067867,100.34970244979806,14.496229524464365,1795.5792409869532,False
1319,M4,63.3164733087094,0.7476830713805926,96.97034699066185,14.712928796145057,1795.5631993883126,False
1320,M4,60.48949745334954,0.7170977930298529,95.45838168818831,12.785707906055894,1808.2344709188071,False
1321,M4,62.69457433711794,0.7118965039564598,96.41339439510399,13.933640151273952,1786.0117600588271,False
1322,M4,61.023039295230944,0.7876342314345203,100.49445990149047,13.928883182440376,1779.6297456992877,False
1323,M4,61.34883212096038,0.7724250506978142,98.56763268352043,13.926856075649829,1779.1306543122953,False
1324,M4,61.176833395523644,0.6611767167972084,98.00899656003098,14.25595461963088,1779.0882756554029,False
1325,M4,62.59914241561561,0.6325885443508351,98.26825735356086,13.177886858464388,1788.6804399739906,False
1326,M4,63.39738962407941,0.8126867497827002,97.12168834415048,14.670056527220101,1788.9706212999843,False
1327,M4,63.56036919266044,0.7404613968601407,98.72855919369566,14.842317326447269,1810.4577914672445,False
1328,M4,63.7630675976656,0.7116196911779943,97.66993437580223,14.895692430340251,1797.7570715172353,False
1329,M4,65.02825337370776,0.6917667904889656,99.76047478003431,15.721346951344968,1797.5862621810916,False
1330,M4,68.83306822523568,0.9414765613645866,100.61244247710357,16.75887547686221,1782.8721613588043,False
1331,M4,65.20387085890394,0.7350889183859682,99.01080688024575,16.131077027850758,1814.083771910327,False
1332,M4,68.27524506518895,0.8324531860094029,101.64430765360233,16.83128769063193,1800.5262768980335,False
1333,M4,68.75648603719577,0.8196271805316757,102.89585246049823,16.989101858354637,1811.482223996662,False
1334,M4,67.7121590302591,0.8978567598269602,103.75003082538741,16.79037030225835,1801.1496397329597,False
1335,M4,67.62505613133459,0.745964095736759,101.5387104442522,15.097231579162408,1816.2170012691108,False
1336,M4,67.49656181482271,0.8584523005187447,103.01481736400729,15.454038483931845,1814.868899251201,False
1337,M4,69.42356607196746,0.8861612945417153,104.25311425624218,17.392574993246757,1807.7876339575855,False
1338,M4,68.19191398662699,0.8533068347298559,102.35289631032705,17.011070168661668,1815.3066242226496,False
1339,M4,66.505733459482,0.7342133299653206,101.38408355982708,15.537479242245727,1803.3127031007646,False
1340,M4,64.77129539924223,0.818162626047588,102.59201720320968,14.674457264297533,1807.2741359584154,False
1341,M4,64.10715141443447,0.7676870085425053,96.71345380188635,15.63560797112575,1805.1640707430022,False
1342,M4,63.975518115357886,0.8027437893283363,102.50551554939901,14.834517215378654,1810.1911429474324,False
1343,M4,64.3286964056154,0.7894737578370272,96.06088133513018,14.651776152663974,1786.372803839338,False
1344,M4,63.79028124328986,0.7514400786475033,96.62320770298962,14.301812983555497,1791.0099587915606,False
1345,M4,61.66837415056703,0.6653534417760335,96.42771336954227,13.914820263765707,1785.5846590259537,False
1346,M4,61.27919265787757,0.6603066835887843,95.94386956422119,13.43601325762931,1796.234400610013,False
1347,M4,62.645868506464524,0.7445626114841671,97.38703965005445,13.050641587485933,1776.3248177614726,False
1348,M4,60.910655541098365,0.7206477020640122,96.82159582897005,13.48522085712129,1794.5607122655247,False
1349,M4,64.06360723802699,0.7843779873011588,100.31859433565852,14.453542266858195,1781.6072852673146,False
1350,M4,60.35938754828861,0.7085095835619947,95.37457856651088,12.921209529015538,1788.900191174663,False
1351,M4,62.4143381440624,0.7946655852547531,97.15106822652288,15.08020768157373,1794.4048104638352,False
1352,M4,62.669055664188924,0.6401651232075353,94.47229749394606,13.673559003707721,1808.6583748859134,False
1353,M4,63.75707143794938,0.7308850377934124,99.53829229859565,14.568201196915062,1799.0154788670498,False
1354,M4,67.18361693691355,0.784345386698869,99.57849570624936,14.198485448800978,1807.0896189856235,False
1355,M4,66.54139268649594,0.8720490208023051,101.35112037238868,15.845398072042155,1791.7135766222202,False
1356,M4,64.82832622535383,0.7835885312748062,100.49515861066632,13.95980423452508,1837.9904269842175,False
1357,M4,68.33042546143679,0.8272215542219243,101.8989242821931,16.524352652932247,1805.4211081927062,False
1358,M4,69.79699879883911,0.8804888143230974,103.95300279711078,17.03683262461542,1811.0304789812,False
1359,M4,68.58589701565948,0.8933891283854545,101.0714707461795,16.3502486442064,1804.5168862864466,False
1360,M4,68.77754181445692,0.8643027821659434,103.32819933861457,16.273552316249397,1807.988028206663,False
1361,M4,65.61804095191947,0.7808609008083289,101.98667914123209,15.72613578744864,1822.1840329644933,False
1362,M4,66.38048112829475,0.8221037321470427,101.55007825471814,15.349677322161018,1806.1187697389555,False
1363,M4,65.32633330453784,0.6785284595958677,101.75708524539507,15.416538286885567,1823.34276621437,False
1364,M4,66.65650775679518,0.807966418575184,101.29911752211493,15.679965457517381,1808.4059228573378,False
1365,M4,65.93257184559066,0.8673177901790026,98.81527979589016,15.710264633747016,1805.1884578878405,False
1366,M4,65.05692975675147,0.7321186091192644,99.67971082462921,14.926404360071087,1795.0918111273434,False
1367,M4,64.61796874012803,0.7704872692512913,98.99314631448227,15.113631449825263,1791.6696248753851,False
1368,M4,61.43329055640152,0.7317607434969352,98.74993171393602,12.94292079918537,1792.3564783933498,False
1369,M4,62.712074963323666,0.7636025459836892,97.57791773181155,13.543050983998528,1795.5574348263738,False
1370,M4,63.44855953637403,0.7956457719721868,97.84855869331007,14.751799888148014,1782.5670777637854,False
1371,M4,62.44314521659814,0.7849400753437422,94.81712304463959,13.740738699385494,1800.263983340194,False
1372,M4,61.713373976179,0.7642261568687025,98.61605983502199,13.845716394634032,1775.3882714967388,False
1373,M4,63.271301866815925,0.8094130625552093,97.28975306810533,14.72141866941667,1784.9200958668812,False
1374,M4,63.573925586870814,0.6656388797420065,99.31498562637714,13.981733998436994,1803.2369856701343,False
1375,M4,64.7097238507511,0.7305055167430413,98.65413041007868,14.85723812303959,1806.2426922076313,False
1376,M4,63.518764668810746,0.7579141052470286,98.01506824277772,15.170666816982932,1787.2209899285083,False
1377,M4,65.29270329818476,0.8487310073288061,100.07687144544319,15.24112154852448,1804.5780148556585,False
1378,M4,65.91402275036856,0.8899771641558865,99.58576589396023,14.903106719882926,1800.7812151110747,False
1379,M4,64.2843128632627,0.7205883921156797,99.17330286733059,14.209358962558731,1821.4822477901894,False
1380,M4,68.68505435039276,0.8142413151581055,102.34690652598479,16.79444651350882,1795.7713922753467,False
1381,M4,68.18851193769996,0.8130061018406651,103.04206283185492,16.7547835846345,1813.8280028689837,False
1382,M4,69.41875048095254,0.8599847024765334,103.81820728611645,17.660550653057967,1816.3092809109605,False
1383,M4,69.07820157793711,0.8019581914930977,102.59802774338826,15.63547289675409,1819.5543784880033,False
1384,M4,69.60327296222057,0.8349279442191055,104.54782193084375,16.36510976046784,1817.13724953564,False
1385,M4,67.26495995406205,0.7479885290144291,101.46359952835715,14.388849845391052,1824.5953185771739,False
1386,M4,67.35062394666936,0.7909732629209051,100.55943940896985,15.117388424937506,1803.111445291877,False
1387,M4,64.73551857816064,0.7463566718089,101.31094197422142,14.838569794823627,1810.4082050056302,False
1388,M4,65.12893945339653,0.7788986333463691,101.19911322031396,14.386346563679508,1815.3351667715947,False
1389,M4,67.45722603131084,0.8381859296086459,98.73199279396022,16.118315751092076,1788.6005913149058,False
1390,M4,65.83418216103908,0.7827442934779943,104.13997540697935,14.703619456491294,1799.6343526977068,False
1391,M4,60.68395259462161,0.6743810762472441,98.61577424724504,13.28249566831998,1806.141467897093,False
1392,M4,62.59177329930456,0.7232631807312984,97.85188170172987,14.157152937881964,1787.6021037904761,False
1393,M4,63.99624960496217,0.8418600577620874,98.92135021082775,15.012486236298624,1783.1678922302995,False
1394,M4,60.887340677587716,0.6981080890395652,95.45255164295853,13.187658168341226,1799.211234750313,False
1395,M4,62.22337107733186,0.6402284288014258,99.80571955253195,14.381662557148122,1785.185294274178,False
1396,M4,61.73186843745377,0.6616350696160743,97.36762022308024,12.513268289695162,1799.1822205292622,False
1397,M4,64.15992166169315,0.7687695885082811,97.89183241656922,14.319465120775652,1783.2617011663701,False
1398,M4,62.9048530141366,0.8388971257695602,100.6970415039341,14.938954834807088,1789.6867638841247,False
1399,M4,60.55020719283339,0.6444500288965844,96.08665054477673,13.58092181807225,1802.597395444002,False
1400,M4,64.1829117746953,0.803999025535945,99.85777605087661,15.156951917554608,1782.0990658938272,False
1401,M4,64.96875315963874,0.8272910054202375,98.40650976967585,15.475565302176475,1792.4189687743167,False
1402,M4,65.47997713428995,0.7736955664705993,102.28852788055211,15.159025023340753,1813.5512046537656,False
1403,M4,67.25574573367471,0.825652848958771,102.17903801610277,15.700706333205714,1812.7385806597104,False
1404,M4,66.74679568513297,0.7643553906391212,100.78767588002988,15.046248718543936,1811.7776436351417,False
1405,M4,66.08854806552729,0.8047974181214012,104.16672925104729,16.026021658301193,1812.2084841158576,False
1406,M4,66.81007499732807,0.8490204703421018,101.7621363011282,16.217376335950238,1820.49504119712,False
1407,M4,68.77303329835158,0.8169333057754147,103.42879258745891,16.531666204715176,1823.391241691117,False
1408,M4,67.30791121181642,0.8363619959081591,100.5406331551472,15.62952481925846,1822.6313771267814,False
1409,M4,67.28404434307068,0.7629999138098422,97.59312886920254,15.6556683751418,1810.053003259128,False
1410,M4,65.62705902263043,0.7757843654451738,103.70766821262761,15.438027583714703,1819.5253653307782,False
1411,M4,66.4995934968363,0.8292075194212595,98.68462263355491,16.060983698156672,1795.8765688604979,False
1412,M4,65.43150841854975,0.752801158869605,99.73143877232872,14.949997586067685,1802.047116540034,False
1413,M4,67.82231674247595,0.8438666594004437,101.4251016187918,16.067313896046112,1790.3594954365913,False
1414,M4,66.36375905285686,0.70505697558333,97.87000612209663,15.377198155751376,1804.0986342525741,False
1415,M4,63.09408586738394,0.7206019127995404,100.56897083365423,14.618719306339527,1803.9233244642694,False
1416,M4,62.16119275600536,0.6794972796944082,99.35008391081794,14.69324050869419,1780.7892748389436,False
1417,M4,65.28839506264215,0.7957817166817124,98.39138423008322,15.51700185954226,1799.6995388608982,False
1418,M4,61.87757524140784,0.7652880058637666,99.01628334097651,14.797314528162506,1768.00071989103,False
1419,M4,59.83272696321555,0.6384002710573601,98.37534529251454,12.15179297499803,1791.9539501620839,False
1420,M4,60.7641280232897,0.7282699528568131,96.84282525237658,13.376328345121998,1790.2169108318806,False
1421,M4,61.86510144717206,0.7185016784116968,99.61304213572174,12.880249194769842,1796.1411872932792,False
1422,M4,59.30950027160857,0.71633864359986,99.99852858149663,13.733081062094557,1805.7623937930375,False
1423,M4,65.90259420740395,0.8483206156456222,95.8273208588571,15.953822676725718,1788.3632814551552,False
1424,M4,65.17081783638955,0.8058487177544723,100.9672338719473,15.014916055433876,1791.2454932709952,False
1425,M4,65.2940603683283,0.8177094735330155,101.69282532563709,14.662878789207586,1808.0463793764802,False
1426,M4,67.22943420545091,0.8504514213154158,99.20983905035008,15.363516664723136,1799.2497737255105,False
1427,M4,66.70467414938615,0.7513577772051496,104.72584569071519,15.598050424608463,1806.0572385093776,False
1428,M4,68.17406774747333,0.8506332906411281,101.02535171785323,16.423458661082446,1811.916689125171,False
1429,M4,67.46564188278057,0.7943053629075987,101.65155526721635,15.287657007442887,1806.6590430717572,False
1430,M4,69.28920878646458,0.8753761242856338,99.70549946233251,16.206568508909967,1812.0287880110536,False
1431,M4,66.68687734991485,0.8602363440230537,100.56561462735678,15.503267819251612,1817.257443039509,False
1432,M4,69.43475408406599,0.8722369505706733,104.95284497014254,16.771920925209905,1812.607663660215,False
1433,M4,69.02121208490642,0.8984479036883741,102.57288879057596,16.594386014261147,1812.7632284850597,False
1434,M4,66.21287518992264,0.8193987750104421,97.16279636167927,15.396317871564808,1808.1739664758434,False
1435,M4,66.40520733603874,0.8144152907293908,101.24561734349727,16.49724332497508,1804.1572543531756,False
1436,M4,66.17487796372063,0.8355033787538101,98.48242439810171,15.777840151966718,1801.2460200546634,False
1437,M4,63.830308940684624,0.6452535592672672,100.21669038092178,14.230438272787886,1814.1839840628536,False
1438,M4,66.3261252734788,0.7856881093150322,102.21114749433629,15.811241003477805,1786.1810821487193,False
1439,M4,62.652351991920106,0.7236433059869276,98.32946088844952,13.853625839325195,1792.7357111314107,False
0,M5,61.68195657559975,0.6841325240499779,96.26042454121868,12.7919483163326,1797.0348459108106,True
1,M5,61.41656012039843,0.7516425414488721,98.70155143759003,13.572341472952187,1770.2539381815768,True
2,M5,61.91164365422978,0.7544943008581644,99.90086011657691,13.338150596492875,1797.895619355653,True
3,M5,60.31657310274019,0.7136118890031928,97.76284018949089,13.78590118155025,1790.3906569713076,True
4,M5,62.17573155674185,0.7416213498743732,98.90193522544413,13.35249970787843,1800.1562331699772,True
5,M5,62.05174038795239,0.7609898836659864,97.46157580995336,13.166234363162983,1797.926327476396,True
6,M5,63.02294385734655,0.8517504124057432,98.46226333349702,14.911572512492738,1789.606163578431,True
7,M5,62.96923844740708,0.7879356249727092,101.79293733205343,13.962445990769751,1786.6488482823058,True
8,M5,64.66182917346235,0.7680576897814752,99.98878690479461,13.70880913329054,1797.9681382280762,True
9,M5,65.11509064019438,0.8115963479315712,98.47301033451873,13.787512110365364,1800.3087701737416,True
10,M5,66.03117101049314,0.7899048234681171,102.81607940263936,16.60742067697012,1815.5514217839843,True
11,M5,64.92547966127509,0.8490163336350672,102.41497715763636,14.760980357850563,1803.9753558226826,True
12,M5,68.45039860539839,0.8141824952360784,100.34096040514518,15.813081907563328,1801.611461235527,True
13,M5,69.90199421898596,0.906402853760293,105.65861393962935,16.89288805791367,1810.7093968095373,True
14,M5,66.78912491771827,0.8982747602732867,99.63435996310429,15.87895319657767,1817.4779323275893,True
15,M5,67.08666389782059,0.8184867989592736,100.82744199463018,16.154193714141783,1824.8678866026946,True
16,M5,70.41329982819894,0.9010091854289911,102.89251453990195,17.18870757713307,1807.6225678239973,True
17,M5,64.69192362343124,0.7204915391677501,98.5215932176868,14.011118885301745,1839.8863293787485,True
18,M5,67.96859250710598,0.82315300327175,100.38501174364656,16.17220210386303,1806.6596178354798,True
19,M5,66.19952999001238,0.8443974839433573,102.67208944205522,15.311466996334442,1823.45408926381,True
20,M5,66.41790292726125,0.8042810433553623,101.81687429350335,15.729790536981126,1796.8257207042204,True
21,M5,65.18568437036664,0.7860814906097651,101.1819223887778,15.518875408126508,1798.4438209401687,True
22,M5,65.16525142827474,0.7757898059174503,98.42706177174642,14.811205540484691,1805.5360047559016,True
23,M5,63.27716370263763,0.6980902285530601,98.15234797008685,12.975401624311646,1791.1097363221586,True
24,M5,63.64288884208995,0.7839758168911185,99.60055832623915,14.952850503782493,1799.14474948944,True
25,M5,61.118372800908226,0.7180875288232391,97.66079789996556,13.707896478809165,1778.5873958372854,True
26,M5,65.24686985070608,0.7399803573315227,95.73293057997243,14.807853617843548,1776.1963565197484,True
27,M5,60.932117591864504,0.6794512048491564,96.8341841025436,13.29679848611703,1798.1159944771036,True
28,M5,62.67259751724012,0.7460625658065874,98.34220166843372,14.337091094844984,1793.6857917431976,True
29,M5,62.18354429183809,0.7353722757975697,100.41413140529266,14.858594740040976,1788.2478909377426,True
30,M5,63.79810536101976,0.7471427426859866,97.056026866998,14.015279219352111,1785.9198224211973,True
31,M5,64.33833613945677,0.8303287520392163,100.15349443858699,15.160435335954324,1800.9216025130795,True
32,M5,64.37702750193603,0.727792737918257,98.1272909439337,15.200986521529327,1794.724411725154,True
33,M5,67.35012801846979,0.8857260255630587,99.3178046600205,16.893760932796408,1798.358451437559,True
34,M5,64.93763798670247,0.8234765693964827,100.19987871301376,15.100606567722272,1798.5409985206904,True
35,M5,66.73552997917515,0.7692580246516473,105.93496716603423,16.038865186292103,1809.9492836346928,True
36,M5,66.95107109890739,0.8555166285731702,98.72155323702023,15.64268471097943,1801.3009664980627,True
37,M5,69.9660283169579,0.869348843609442,98.79750776025324,16.89805852312543,1810.8162377272977,True
38,M5,67.74873660718063,0.7722745322483824,98.14319395522094,15.289724334420862,1818.702560114447,True
39,M5,67.48150801375624,0.8504586548518362,101.02162170530266,15.657457530461778,1833.5836139574974,True
40,M5,70.25883108983065,0.9335840317579661,104.46208700652096,17.579461096828723,1813.2038393384973,True
41,M5,69.88678049930002,0.9535641410933448,98.45165918192328,16.72477655948941,1811.091283419907,True
42,M5,64.87183511060391,0.7588601694493275,104.59124674923858,14.683626330183218,1802.7435275096045,True
43,M5,68.61184209836509,0.7963652430574707,102.02171293595929,16.778819537175323,1808.2627535145975,True
44,M5,65.69691630283327,0.8093676040099591,96.80107649147863,15.971882609702137,1791.6893006088135,True
45,M5,66.47660451624743,0.8281056687860567,100.67231797778793,14.72940889495356,1789.6402378508571,True
46,M5,62.561946882344365,0.7190633292904725,101.69291832421656,13.91064531728324,1799.5011277784479,True
47,M5,63.79642830762051,0.6864165547151138,98.66594173229255,13.16187511960231,1796.051397900587,True
48,M5,62.704917140122234,0.7815876979122616,100.35286368122715,13.750508059840241,1804.475452488225,True
49,M5,61.37301802787518,0.6757142959361614,99.19951226104007,13.520389968594088,1801.2247575819606,True
50,M5,62.78647949456929,0.8721268821860899,99.15916034002963,14.222580846585588,1787.8633799386475,True
51,M5,62.09659975890942,0.8273368190580481,96.993632080743,14.035342605445708,1785.122346839889,True
52,M5,61.27030174859743,0.7304630298778263,99.76427900900825,14.201058581885489,1796.4495379456907,True
53,M5,63.21251547596033,0.8187929799788505,99.02030402266121,13.63743677675222,1788.1553771618776,True
54,M5,62.321752421746375,0.7147619867644082,98.38073348859488,13.852194069842925,1787.5232955304896,True
55,M5,64.37888618911937,0.7494107523107538,95.40908582703186,14.643051401420584,1777.3059787912268,True
56,M5,64.77458894525292,0.7984709962604051,96.21096213794031,14.504078339180202,1799.293279211873,True
57,M5,64.73308140090954,0.8621992249224556,100.60616983972533,15.629949693035325,1792.557138778012,True
58,M5,65.9085175434187,0.8231742923517092,99.19302271524333,16.09182838496841,1801.205593858705,True
59,M5,66.19266725648029,0.7577844053419894,100.86394614311308,15.310149933497371,1805.8253138215448,True
60,M5,68.576541008796,0.8021134486551221,101.25692957613016,16.462647897369372,1804.7934271987535,True
61,M5,68.33185876664993,0.8706327398846814,98.66155525649016,15.850970951261045,1812.3654674284942,True
62,M5,68.30609607483001,0.7868087220003315,99.20998288945434,15.920945667584894,1817.1716655346327,True
63,M5,68.26544489018286,0.8427296598631231,102.0940695448703,16.037138869715967,1809.4380483694222,True
64,M5,69.93640841663749,0.8691163195958264,100.60321684504568,18.347139097155374,1803.917163797396,True
65,M5,66.93894901730918,0.867049151614248,101.6053172269401,16.5291120298091,1809.6106908629845,True
66,M5,65.67702875518523,0.829548213809007,101.36562264207917,15.796392086532546,1818.4687767390678,True
67,M5,66.73579529726949,0.8351550376367456,103.08773099266205,16.071446610483978,1803.7536597083565,True
68,M5,65.1381659683153,0.7776135134199376,100.31719198956496,14.817275786248583,1815.1240192290647,True
69,M5,65.62600970179628,0.8820411492463257,101.99218074542505,14.64245843387097,1806.3511337880584,True
70,M5,65.71254108779036,0.8107441515776713,99.67678252239273,14.47609626488801,1787.7641651003564,True
71,M5,65.65301718928681,0.842158120295471,99.78296010468239,15.69207791925094,1787.948777808086,True
72,M5,61.22615390840117,0.7024765589720688,97.23322834113233,12.911349218717497,1800.5661715925828,True
73,M5,61.866794272078515,0.6588539203899687,101.05155494642358,13.480286081882506,1806.9354563761856,True
74,M5,62.51681430195798,0.7130662458528106,97.26247486053225,14.001986267791327,1801.1634507390913,True
75,M5,61.07328450092107,0.7243468531257292,98.17596974419347,13.629009622098362,1788.822957313411,True
76,M5,63.58276272580222,0.7752104032199985,95.80268626875196,13.716867751884562,1784.9852433961141,True
77,M5,62.29605990694763,0.6957444055051797,98.95505053283047,14.332473064044335,1789.3279707838053,True
78,M5,63.3147725032246,0.7238500996301445,100.95877684853971,15.329959602539377,1794.512605144193,True
79,M5,62.605954152150495,0.8225480359265653,99.2669659240079,14.098907927896704,1779.9514245737475,True
80,M5,62.22235796784052,0.6873137157299092,99.6968305388323,13.07146211471366,1793.2538027924188,True
81,M5,68.84817137212663,0.9520027920013435,102.87726877045598,17.187721435589303,1790.740620846372,True
82,M5,64.9830484112162,0.8427088265191657,101.81891305812893,14.213884792733642,1814.8661809256291,True
83,M5,67.90432072247539,0.8390852851362061,98.92171565381423,15.565629345330748,1807.8104637053932,True
84,M5,67.95929515654726,0.8425307430515363,100.15819867394707,15.224930479564325,1819.5775062375158,True
85,M5,67.48394421295401,0.830110749380329,101.3766993475452,16.30018961797476,1804.0905368778692,True
86,M5,66.39565883730582,0.7928021231575577,101.6273858674997,14.962030249772017,1825.2617413461508,True
87,M5,68.81112514258147,0.9014847636489772,100.80494133652729,17.081403083762805,1802.070399545172,True
88,M5,68.05627779333676,0.9026239963682544,98.87571346146986,15.75573174556811,1814.0879825140416,True
89,M5,65.78982399350618,0.7471876940487052,103.92813656445009,15.398556075732298,1831.2536989733483,True
90,M5,67.32840686871762,0.7991878328528237,100.01327711970478,15.485147577162946,1824.0310697592256,True
91,M5,66.73949489986873,0.7953846537791197,100.03699377650692,16.393269564196387,1814.8291477647265,True
92,M5,65.61689882690945,0.7843944502049637,102.46927953763267,16.189459430606465,1810.9806008002338,True
93,M5,66.94496250303703,0.8422019264371873,96.90050532454237,15.86357026498203,1805.2444749501929,True
94,M5,64.49030465601597,0.8177400961558662,100.93165526077466,14.965479043179053,1779.4467942091646,True
95,M5,62.583563995395124,0.7822973244000787,96.98481436973522,13.967363903167234,1798.1641243521067,True
96,M5,63.97685049729962,0.7920840205098316,100.07564011575577,15.342617433546694,1780.4054552464884,True
97,M5,63.41065350551477,0.7465657957888299,98.88044975133312,13.755936904229035,1795.119740598152,True
98,M5,61.88052282016121,0.8441453775076234,94.9112447429073,14.292615921230361,1786.541540563582,True
99,M5,61.60025486868845,0.7705012394390799,98.5367103285004,13.486829055069943,1787.4351756236613,True
100,M5,62.56984161715047,0.8421287761841738,101.38953973666489,14.28256942798377,1803.5058039320602,True
101,M5,61.52213925001506,0.7204024004813298,97.04305800929492,12.707038961038995,1795.0366110822793,True
102,M5,62.05987530839466,0.8199691318649394,98.7307893014854,14.4780904897369,1791.6032311526185,True
103,M5,64.81523550100204,0.7865186451958519,98.21475144468455,13.895145893785958,1805.459837682005,True
104,M5,64.79731429391633,0.7288764054516753,99.3218532261873,14.337743124697527,1795.285778222642,True
105,M5,63.018500731722064,0.7511207279164355,101.6285728549321,14.929773592301828,1812.9635227213278,True
106,M5,65.02537239789183,0.7355664875730924,101.8532842079109,14.203428547112964,1802.8937452739012,True
107,M5,65.94395319695286,0.8158674223492922,99.5761722534896,15.408798179384043,1806.6804636927716,True
108,M5,65.38120529497614,0.8011321444526373,99.77664522243359,15.065636024470722,1815.55243784079,True
109,M5,67.66231452609534,0.8384968215160991,99.31408168443643,16.339965929897144,1804.2010490737723,True
110,M5,67.74873050469236,0.8792396703778042,102.79113553934462,16.103319881729185,1804.3861301095344,True
111,M5,69.52405014468192,0.8541428125144209,101.51101559659978,17.103984573893438,1808.7234667397909,True
112,M5,67.27205899622528,0.8031294535155529,97.67527076148419,15.163408895755484,1806.6721793946065,True
113,M5,67.9940592522913,0.8768317542629928,99.39761585827233,15.701582378332251,1813.9084817599028,True
114,M5,66.87359389162393,0.7336119306777825,104.18466783857204,15.204377137580815,1816.3875703750373,True
115,M5,64.09298585042806,0.766822180670859,98.20480836730515,14.799846439948382,1803.5455838429007,True
116,M5,66.80253988264349,0.7714113185571518,98.9576800083188,15.33629199355123,1793.2885259627144,True
117,M5,65.98157658005752,0.8122640081993764,98.27018557679365,14.729487050121373,1798.1199804049222,True
118,M5,66.64499319355147,0.8089010749525105,98.08544471794555,15.173643729703032,1792.4274968885316,True
119,M5,65.3702042044505,0.8011607661976746,100.75349780767753,14.708184374693957,1779.6712211744455,True
120,M5,61.52436921167262,0.7199864433333212,100.04102801660255,13.783298327177405,1785.61910859051,True
121,M5,62.73945276861856,0.7421083024592685,99.90291783711534,14.241263610590744,1779.1870499583245,True
122,M5,60.564637765923955,0.6972159613732855,97.64705788087488,13.387102291944007,1798.6978237465025,True
123,M5,60.962837273996485,0.7668477225405055,98.42467360591276,14.621386718979542,1783.3385051186956,True
124,M5,61.984703086964345,0.7260064348579371,97.18877662963547,13.801498640073222,1789.1034047094577,True
125,M5,60.78469390840005,0.7631671350185172,97.83682877280108,14.186902651366344,1797.1845299009324,True
126,M5,61.0372163757606,0.7356861594644255,97.21186196446679,13.222115439180621,1809.0621958588438,True
127,M5,65.06695549245492,0.7402660559119333,98.56740318567662,14.638987784017225,1785.3304024071385,True
128,M5,62.97749927934734,0.7311928126366357,98.15571515520435,15.22648780130142,1792.2639718683874,True
129,M5,66.95895430978706,0.7872681113819874,98.03515266939775,15.59801217485851,1799.6181397357173,True
130,M5,65.41010898126636,0.8632860397984421,100.17577205521977,16.098021697007784,1793.9340018884593,True
131,M5,65.25659152264433,0.8019981075343882,97.6029887162099,14.836454931890973,1808.4470373073182,True
132,M5,67.05021344958736,0.8308844478426767,101.43469221993755,14.514016209794578,1815.8492770102619,True
133,M5,67.46281241277268,0.7804530174200347,96.21195097598763,15.662098139615958,1825.5274759935824,True
134,M5,67.5204505822941,0.8525748844014227,102.58127024125191,17.00704772033607,1824.9844831812356,True
135,M5,69.62271850356474,0.8255009747847492,102.91201857878481,17.226389594207582,1814.9243573886747,True
136,M5,67.97552688392011,0.7838531120065239,102.27758392876336,16.299797421893487,1809.597041594354,True
137,M5,65.10806993018215,0.7843451373518194,101.236066180119,14.649677542771213,1816.4178601967737,True
138,M5,67.74646580529271,0.8470825585495947,99.78374820619409,15.34961269135767,1820.0832494914928,True
139,M5,66.2135852816598,0.7926196432398818,97.62535717412773,14.999994350733953,1811.3083713278897,True
140,M5,65.97839635444781,0.7748205520654138,100.8396709370977,15.165020227465494,1790.4713054176548,True
141,M5,63.43246578216195,0.7533940897329126,102.29824450183118,13.997416770655247,1799.3292577563552,True
142,M5,63.22736568967455,0.7270194431788328,96.23687258971408,13.31727840948386,1817.022946825503,True
143,M5,65.25458658545153,0.819187048349062,99.68039290161094,14.021933970157008,1802.7739347987297,True
144,M5,59.510569843420676,0.6149970686909364,98.10264487901992,12.410770845806052,1793.7235842611508,True
145,M5,62.57578895784048,0.7218789162851367,95.96952607162643,13.144661296265177,1796.1652728241843,True
146,M5,62.95145232051705,0.7157436485829851,97.24551791035714,14.543953133095126,1776.495271638678,True
147,M5,60.33359706999234,0.5966229246611654,97.20524290203825,12.870548693541462,1787.6109246976782,True
148,M5,61.88218706750323,0.6882611344854389,99.51072167523623,13.415422115201295,1787.10659525188,True
149,M5,64.69861731182822,0.7742850644381525,101.89636945160814,14.843916510053022,1785.7959434559693,True
150,M5,61.73568870380858,0.7583559362853212,101.85869359428325,14.09392477231374,1788.0494483748619,True
151,M5,63.09191386629632,0.6777338670990822,97.64559253448914,13.382187614726115,1803.6104192372002,True
152,M5,65.39069942002713,0.7650929271298688,100.18850910173559,14.882468051259677,1785.7543805566356,True
153,M5,63.857511383707106,0.8000996218820134,99.19278691856773,13.31320732731343,1804.5539430663546,True
154,M5,68.02022559672379,0.8870761778823334,100.30991290378792,16.391275190419794,1800.4882368891379,True
155,M5,67.3070653934426,0.7880117017328623,98.68798433129352,15.703589297376803,1814.3641207588817,True
156,M5,66.75248297828954,0.7485940931750696,101.73491973424274,14.70454400945236,1818.953176755407,True
157,M5,67.971946005804,0.836844177606359,99.26878125108435,17.2104785115194,1817.2312468406928,True
158,M5,68.54844727326744,0.9069945447142217,104.23879559935544,16.533353584984578,1817.7295606842538,True
159,M5,68.23893021734825,0.8232751270175308,101.01606371106037,15.300805000590845,1817.1383686563236,True
160,M5,68.22146668696807,0.7871459403722535,101.8117705560032,16.507452209469662,1815.9190868564262,True
161,M5,68.17735422695021,0.8437264209518707,102.63715289455729,16.616051082853367,1802.603507456583,True
162,M5,67.09818445497349,0.7761914898015528,99.97528424280208,15.125227344224722,1824.348861539407,True
163,M5,66.70834921715799,0.8907644086495585,100.5830155559659,15.736537097945899,1810.4140440812432,True
164,M5,65.49445736092017,0.7828310971989048,99.39830560759178,15.214696334363042,1812.1768375616,True
165,M5,67.86782879307964,0.8669607303732564,101.63505932371721,15.75942194869685,1795.0704745699654,True
166,M5,64.83197245323605,0.7797554942750686,101.91459021271818,14.986047207396162,1792.0894456355804,True
167,M5,65.20347654123468,0.7276099860865354,99.50821211077961,13.695031150775387,1799.7424468990685,True
168,M5,62.20976714507948,0.6751044606971701,98.340619010448,14.395460778445807,1787.6499244474405,True
169,M5,62.52084283265899,0.7727424952218412,99.11195280394722,14.624446325811467,1799.1914021338205,True
170,M5,61.25320051608862,0.7325861773024193,96.35774911323364,13.102171964121728,1791.6293921809506,True
171,M5,63.63327343247381,0.7485083495527144,98.23307540882777,14.563327048074507,1775.6960534145767,True
172,M5,61.66785525462456,0.719986333176512,100.02909235452087,13.311942214176806,1782.9923549667856,True
173,M5,61.80561358824015,0.801587930600907,97.99454715806384,12.929372463580984,1785.5104084650613,True
174,M5,61.49223355594374,0.6856869608426226,98.81888438935665,12.845108847084367,1802.178782933648,True
175,M5,63.52939870950858,0.8258589469090493,94.93905011619812,13.967646158888273,1787.3629445172896,True
176,M5,63.40596049703444,0.7470244990165751,99.24823955526452,15.372270208331274,1793.333603462939,True
177,M5,66.03569645628512,0.739769212944874,99.5405739347943,15.002830312475274,1809.855997766847,True
178,M5,65.1152356247125,0.7841806351337952,102.00816364911803,15.510323695506283,1811.7308505486235,True
179,M5,64.86837155132031,0.8062760049020687,99.11566713256727,15.830273443218307,1805.858088846193,True
180,M5,67.6306914516521,0.855388126273164,105.42273108754785,16.145777028160982,1836.582620986803,True
181,M5,68.39810228005425,0.8767872614392945,102.66566595905596,16.164118154434952,1816.4025312351155,True
182,M5,68.42704954843039,0.8558708649708416,101.26979733280366,16.46894278699872,1818.8470127218568,True
183,M5,66.06831701289777,0.7440236695938952,103.28174028831512,14.909478584786413,1828.979481260732,True
184,M5,66.17766985794341,0.8939602816564852,101.42866240575637,16.297734161965693,1817.1379032541201,True
185,M5,67.72067431431252,0.8183897926971353,102.60999162374559,15.332773781306182,1811.2215644422288,True
186,M5,68.65074327347493,0.8437574594798055,99.65784694795916,16.12788622768469,1797.2140726715204,True
187,M5,67.09780360586605,0.8995248937706143,100.88437338651488,16.704222149462215,1799.598845236039,True
188,M5,65.01685663067249,0.8398159667599119,103.81056760783534,15.917292424757722,1800.8267976476884,True
189,M5,65.18009563530337,0.7580287406199323,100.98765116199057,15.85070639639425,1792.905597644962,True
190,M5,61.36191797126219,0.7106475125639073,101.51241796093073,13.854753917982814,1797.8298573585878,True
191,M5,62.46680831075724,0.6644687584662303,99.80896211358007,13.9424597232273,1797.080808678276,True
192,M5,63.25805683624587,0.7651074369754307,98.10468761418828,14.611252650715711,1807.1157036780312,True
193,M5,63.05772878441957,0.7029629018874527,95.21532014147364,13.782152172698256,1804.8108062580006,True
194,M5,61.10102322333164,0.7042364749336196,98.60288288883879,13.781379420900482,1773.4674154687305,True
195,M5,64.17457937695525,0.8169783812074703,100.90641143559507,14.370831958194513,1784.2314380920056,True
196,M5,63.512616104770586,0.8134361009905167,97.70777477666935,15.540385471977412,1763.6561034456133,True
197,M5,61.3637502026768,0.7029204542670133,100.02296820173825,13.41095733239887,1796.627327882163,True
198,M5,63.651918936143815,0.7982858460930329,100.36455927328522,14.416291896509037,1785.5471411832998,True
199,M5,63.257583244749256,0.7324954523520777,99.61023745146301,13.441021188428511,1790.9980080586315,True
200,M5,65.97833461509944,0.7843829941197359,99.31537345599493,15.7859392202931,1777.9626066684466,True
201,M5,66.04725803670568,0.7966684316893284,101.30431021653675,15.164407144354328,1793.2256194329923,True
202,M5,64.74527889735437,0.818707855092399,101.47201469144436,14.674251818464809,1816.258925846898,True
203,M5,66.76814999889126,0.8403889724039758,104.65911289552817,14.993167826097324,1818.8857973639313,True
204,M5,67.44452348422794,0.8265786331649114,104.19881417715165,16.188265895811703,1819.4731382347754,True
205,M5,67.64221742600628,0.7511107082375836,99.60401756503514,15.643721108185458,1820.834123737481,True
206,M5,68.66524435871885,0.9075868456920686,103.01781954200908,16.215644621570895,1813.133097971181,True
207,M5,67.72436249153128,0.8149850707523405,98.93896298731643,16.083020051638204,1806.868414892299,True
208,M5,66.88841867750857,0.7992015020868428,100.80358619489535,15.882498796405997,1816.1614895493599,True
209,M5,66.19348553189685,0.8335481483948808,101.80953043968874,15.322871779420675,1834.0796703388705,True
210,M5,68.8587704387984,0.776488701003848,99.78268933829024,16.486352322290493,1808.531127366763,True
211,M5,64.85500263780118,0.8078586149563136,99.79492392589249,15.04490316552809,1814.6957249747236,True
212,M5,64.43956250610796,0.7762517064852087,100.26706823727405,14.922720951262262,1803.0720107633936,True
213,M5,65.61067444653328,0.84690437325032,100.93793694387473,15.767153687996057,1793.7354990763624,True
214,M5,65.05607688740699,0.7782908041788092,99.80364374497766,14.16996196293165,1795.2051090197308,True
215,M5,62.94776422251702,0.64684616841656,100.47356833073142,13.006854449690719,1790.7337350132227,True
216,M5,63.241809729490846,0.7735151304117521,100.65807020889147,13.135508936569027,1801.1756945243537,True
217,M5,61.973427821591265,0.8075307993206422,98.23413963354048,13.727618236557973,1803.981880029686,True
218,M5,62.46937155390902,0.7754547105794098,96.25851102666635,14.600698900591006,1782.488753611198,True
219,M5,64.22315189402029,0.7658748905785828,97.9409365340768,15.588696146362853,1785.471538294242,True
220,M5,62.381938377448506,0.7302196048392675,95.90088438135334,13.804640894298688,1798.3030065775342,True
221,M5,62.19543259855997,0.7275286139702494,97.18155944329764,13.424447677579115,1783.6300019440564,True
222,M5,63.757302914530364,0.6690507450066059,99.59771446781593,13.672097909789965,1791.0649077618302,True
223,M5,62.04468034559522,0.7131293593798319,99.72613518158222,13.254567985447713,1797.278846211621,True
224,M5,62.485250411634176,0.7218289841491448,98.05881780611833,14.085087273331181,1794.5602588020504,True
225,M5,65.45699406196238,0.8524815056768836,99.6367369833948,15.258193642308393,1788.2737123819795,True
226,M5,67.14635956634632,0.8843903182925708,101.82936144642277,16.538764410651375,1801.376669225993,True
227,M5,66.97298132845071,0.8467979471772279,101.01718481617799,16.3384963226131,1802.2463537451044,True
228,M5,66.8709335095719,0.779604425595636,101.70985676146051,15.678668906333618,1811.1708668683927,True
229,M5,68.44419149888232,0.8039132158709409,100.21934392106327,15.78473204307512,1813.044357480375,True
230,M5,69.12446349992062,0.8949765690899101,103.59178908167307,17.48266940463736,1813.118119474357,True
231,M5,69.24729476536612,0.8937964007857283,102.26544057752213,16.743145938205526,1808.1144100627869,True
232,M5,68.94727997304575,0.8705155779975465,105.9780692515162,17.21646484693142,1817.8650850237414,True
233,M5,66.26306713620825,0.826653299186425,101.87187347533715,16.60828539192077,1809.9171964612706,True
234,M5,65.61985421443184,0.7215238818073022,101.56839044100452,14.413957849081823,1804.0160565633398,True
235,M5,66.82206811456732,0.7370181443016762,103.79370018878745,14.93828061008558,1820.7622884846344,True
236,M5,66.4434563058804,0.7583304710366551,101.63728090077626,14.569080979101894,1802.691547268641,True
237,M5,67.75272773461326,0.843999860839378,102.0063127465819,15.801125478493722,1790.3588412843808,True
238,M5,62.93839516346389,0.6999788792524734,100.50796723571483,14.689188584717108,1793.3020251988935,True
239,M5,63.468844034541476,0.7487566529178779,100.10116269211015,14.13844090711782,1796.387082632332,True
240,M5,64.1515770515909,0.7363743045337495,97.99804731069676,14.507010902630853,1768.220177238545,True
241,M5,62.42583332477459,0.7232739757633073,97.77758011757521,13.716910022351062,1794.745771876669,True
242,M5,61.693749314104664,0.6474562998861876,97.65790832179998,13.64008810602585,1795.8780899416968,True
243,M5,61.58811204042917,0.7164150835927486,99.23031333014329,13.781725703848064,1776.8703267156382,True
244,M5,62.89738017348639,0.8138217787437912,100.24489518585867,13.930875722041028,1781.9810175035514,True
245,M5,62.181244992492296,0.7413758840185918,98.0741083426771,13.31058719017191,1797.951894311524,True
246,M5,67.05298066408889,0.8426695968845108,101.85302181048739,15.833015494346446,1780.0375479755976,True
247,M5,65.19642783279737,0.7688906023989669,101.5589756745205,14.82711976400347,1773.1086967824026,True
248,M5,64.68653273190864,0.8097943650828588,98.00181213703382,15.3842931015952,1785.9033470901054,True
249,M5,66.6487832380746,0.8570067594195874,99.79018583512348,14.963091533913744,1798.7940443962389,True
250,M5,64.43935232680147,0.8103427561773133,100.23795009359715,14.808671735599805,1803.5822592920035,True
251,M5,65.27105827703924,0.7295605469857328,102.73011505578356,14.932120101286905,1814.2801923273298,True
252,M5,66.35766042483107,0.7237141248692218,101.11779721897358,15.401764315733908,1817.3171267176451,True
253,M5,66.2031232424653,0.7702025931388834,100.67462260697549,15.770164405320156,1834.4330562499358,True
254,M5,66.89966024111371,0.7790988801662715,102.88310731266614,15.123141553844444,1822.5667452332282,True
255,M5,64.37621751438394,0.8596252270204409,102.18815272651429,14.8011060415543,1829.0583726737893,True
256,M5,67.64677350828993,0.8177083971206293,101.51990565041618,16.346715167594233,1809.9362003927617,True
257,M5,68.20133189744531,0.8395152711065699,104.33232581356634,17.116156852238667,1800.7973506473063,True
258,M5,67.65221342622262,0.7957659086918603,98.73570726791247,14.528749783677204,1817.7291240010647,True
259,M5,66.20363161356998,0.8323417693908032,97.77316024831418,16.33002556955965,1802.327475720517,True
260,M5,65.7034043543908,0.6978754909608357,99.83049584710388,14.793970535895076,1813.5572836634124,True
261,M5,66.97813506608675,0.7869149820186296,104.18267941011666,15.23556886828845,1801.4694962947922,True
262,M5,62.50820083539224,0.7843169129563103,95.4698111293029,14.220125298072956,1809.4796956060402,True
263,M5,62.42448754677503,0.6822539820164695,97.69754142328382,13.047795711689211,1794.9252631837949,True
264,M5,63.2070912780631,0.7370422789877509,97.23426525408262,14.083905739491746,1802.748456628503,True
265,M5,60.30031821789727,0.7928802939602839,94.82342256913508,13.788863995945285,1801.3630361567468,True
266,M5,62.23995644009763,0.8015239466900916,97.77736267254947,14.21534681372419,1796.2104405645057,True
267,M5,61.63038726332557,0.7751626467685548,99.97062840042206,13.595740155133438,1784.2224809186823,True
268,M5,61.914434328622946,0.6798586577354956,94.55572454422766,13.364470631520872,1765.3803781189658,True
269,M5,63.10080773178912,0.7414044698058079,101.14195669920103,13.682783279092611,1792.7011368795772,True
270,M5,64.55019610821745,0.7287598024837507,97.09499112029475,14.295936811691302,1788.807693782641,True
271,M5,64.02649331304559,0.7020275454970841,98.9298793159861,14.312904684967762,1787.4623422080163,True
272,M5,64.14271044076898,0.761814394181184,100.66245493212864,14.4866773972205,1816.343480259913,True
273,M5,66.20370174580032,0.80593237526807,98.04666550729235,16.45457555258359,1799.2880336921276,True
274,M5,66.97427422829506,0.8006961683088236,100.87287725821486,16.18785808926046,1793.9110268748009,True
275,M5,65.93525367528123,0.8532719708220875,98.5862095714457,15.129330781556007,1809.8843059663513,True
276,M5,68.01616147511481,0.8394224957321126,101.94610176934518,15.50410550803193,1797.4542237887563,True
277,M5,65.17204950897485,0.7003550716376399,101.62890442459609,14.505984698840006,1820.3694041974622,True
278,M5,67.00369006646176,0.8681185679437593,101.6347778974348,15.549875460623806,1817.5150587269025,True
279,M5,67.0559077808639,0.7489028713989129,101.90972089113077,16.431152348690066,1809.8720167217082,True
280,M5,67.55278645873692,0.8072957297300767,99.6446635906577,16.540464047902624,1829.262445039274,True
281,M5,66.9492800702161,0.802344666970396,104.59054075431324,15.978020462952204,1816.3874075486763,True
282,M5,65.73413156317655,0.8771517202567257,102.08015756637286,15.396392414077864,1817.8836858086947,True
283,M5,68.01268686534092,0.8414354367401771,100.88056859147842,15.81463494723881,1795.5723643629071,True
284,M5,66.63190821315615,0.8156737558771081,100.60471019225258,16.35886487330024,1788.973632234487,True
285,M5,65.32618942849261,0.8217371887006975,100.9308899102221,15.523474475196187,1795.1890782443777,True
286,M5,62.95892304087969,0.7301065976624631,101.56219075913623,15.646598746997984,1802.036724283962,True
287,M5,61.659901315460026,0.7000265841277539,101.20032957020778,12.52980399557543,1797.7734979180377,True
288,M5,62.392165041233724,0.7164003485205335,96.77782208469395,13.732230484555478,1781.3565017285848,True
289,M5,62.435600498694704,0.7081733902464995,96.3129919405432,15.221827457213896,1771.3728747683047,True
290,M5,59.59120680202123,0.6353500881248958,96.64283046251721,11.901438043892096,1800.2900419724283,True
291,M5,61.405940793796155,0.610811046861729,96.10305209745995,13.568222785869484,1789.1382199717123,True
292,M5,63.866224280445664,0.7068412840461987,93.9164566640819,13.487713289511857,1790.920609597772,True
293,M5,62.59383194870369,0.709182715118564,99.06200343162614,13.435012553862368,1797.977749510897,True
294,M5,62.68063700878469,0.6865475242044968,97.22177449916346,13.521934416860578,1818.2794908629621,True
295,M5,64.04393661057397,0.7556666845490183,100.30926498544262,15.002064725150241,1795.212435800952,True
296,M5,62.68329178087055,0.7948627014038784,99.13696203814327,15.26728704480436,1793.4212996455433,True
297,M5,65.79168677914967,0.7959329016043177,98.77858519572328,15.22834110976057,1796.1603902154793,True
298,M5,67.33414106410423,0.8009849615272394,99.48970164949125,15.935502296397294,1802.1736760861515,True
299,M5,67.07533115976251,0.775773799250106,99.81661785553949,15.803697656422333,1817.8315106310554,True
300,M5,65.96695709766473,0.7587880169774892,101.09057677251495,15.36800507973967,1806.4851288144985,True
301,M5,67.6601459325442,0.8056824042540335,101.83327050635776,15.859577603101194,1809.7550289037488,True
302,M5,69.5602837146196,0.835860985750851,106.77679160734576,16.54360278340186,1806.0490631998273,True
303,M5,68.42429287349688,0.796852857806476,104.02101317638214,16.83130015085034,1811.5860406073914,True
304,M5,68.99787853746294,0.885700560594043,101.6713416460066,17.05409446718199,1816.5514867446177,True
305,M5,67.09985632776072,0.7842895311343716,102.86224172364932,15.459156690897453,1807.043892464107,True
306,M5,68.62940723715016,0.9081286907641515,101.61049978647341,17.08808179020301,1808.012428700152,True
307,M5,66.2761281420371,0.7505394443460943,99.29899150343073,15.166205112752117,1810.26684042599,True
308,M5,65.74426134455466,0.7392730013484827,100.83335409342386,15.060275175358852,1802.556503831115,True
309,M5,64.47818288667446,0.8154411927530455,97.03363049306216,15.047806390510125,1798.1380827655487,True
310,M5,64.33141715293789,0.7873153718744383,105.01844364322751,15.79971524141573,1797.8950598569563,True
311,M5,64.62675976355723,0.6885332290473157,100.85300565869537,14.008723596929775,1803.946040749596,True
312,M5,65.78915042581315,0.7325407964863803,97.93196387398005,15.770030929999475,1796.061938062281,True
313,M5,62.00176341650616,0.7651939263291446,99.14286038612107,14.476772547518731,1787.2722833646706,True
314,M5,62.10649208465826,0.7438289562955046,95.59930758035203,12.889352731353187,1793.241653586359,True
315,M5,60.33616394786749,0.6097968609115519,96.77275430286501,12.937625865419905,1788.8222570767327,True
316,M5,63.49251764062589,0.8362903658518841,100.5595606667916,14.99129341545326,1781.9776698369199,True
317,M5,63.13496615742448,0.744624797937148,100.05791137076656,13.43160073913005,1790.6246423144303,True
318,M5,63.11909585057053,0.7938868612931022,97.22062448685485,14.694477373907718,1787.3398899784931,True
319,M5,62.11408508850764,0.7905969324174633,97.44880434950232,14.254619305183834,1798.458155072686,True
320,M5,63.65687748890446,0.7611155232543143,100.15182487757048,14.374391676566223,1792.484132045823,True
321,M5,65.80621790454867,0.7427849974207887,96.81223239088523,13.99023856132031,1813.316666750836,True
322,M5,64.39182656595857,0.8543184585655001,100.24914606399811,15.798708219959305,1807.4821951294878,True
323,M5,65.92679997429755,0.7926132524102125,98.51651850348972,15.607450768845288,1820.0688637544201,True
324,M5,67.00624410564019,0.7507897001278743,102.01006248883526,15.556524043377499,1805.7094339744033,True
325,M5,67.76696967355507,0.7224900657877628,103.70052448290353,15.683442833866772,1804.900822278791,True
326,M5,65.96116285898232,0.7799544194442751,96.90114769998019,15.224951082743347,1824.3414395383788,True
327,M5,68.51308713370845,0.842975181514746,100.12910078052916,17.279274182804034,1812.6879146328097,True
328,M5,68.69484036290245,0.8235856966534071,101.95101629942245,16.496122036288426,1817.3344274615454,True
329,M5,68.48069769377429,0.8233050046649537,105.7630983602044,17.169593601495464,1820.189635750606,True
330,M5,67.52323048934797,0.8231334663924316,104.23556628569956,15.867761172082513,1810.1193630126681,True
331,M5,65.83737681470927,0.7946271024219357,100.02903912546802,16.227837857636178,1806.464458554423,True
332,M5,64.43877751732583,0.6643943102468559,98.88261370200642,14.115592106193876,1817.4516888127762,True
333,M5,66.34241398958065,0.7717485653534105,100.28256231329512,15.882661994520687,1804.3167048424204,True
334,M5,63.86041531749583,0.6925670714689233,99.98984646270833,13.830063452016473,1789.1384350796793,True
335,M5,63.826331419974,0.6723407423769862,104.24007908563493,14.452834960190845,1789.419454979121,True
336,M5,62.31374149951956,0.7150596003869087,101.34191353945573,14.08352985566341,1787.6401515407,True
337,M5,61.78908952126348,0.7544060653240509,98.52788806488712,14.130333482408908,1796.039098005216,True
338,M5,62.134187938790255,0.7465808919541719,96.74992301698053,14.091976676545324,1790.7544862028262,True
339,M5,62.0662841325004,0.6677202695959324,95.99239059977884,13.518093602377837,1789.1367374511115,True
340,M5,61.812142112847084,0.6514626316174784,98.63529703774925,13.56237213111864,1778.2173790823824,True
341,M5,62.104740072666125,0.6331311396822636,95.33682808677199,13.004520615258754,1787.4020506906124,True
342,M5,62.14624731514773,0.7382801004250942,97.94767956383033,13.342724035714502,1794.4993519001766,True
343,M5,63.005982600978506,0.6710215148411453,100.48269356083179,13.626767957738748,1790.3822541313364,True
344,M5,63.37878290114056,0.6728328663211811,96.86856876290442,14.190921685031316,1809.255297714166,True
345,M5,64.62708001723598,0.8265815184779948,100.92549444788364,14.999273906572467,1784.5858763534857,True
346,M5,64.43564740659369,0.7935219948790536,101.734434877871,14.73605813236219,1794.602972635585,True
347,M5,68.25651270628438,0.8540182611905767,105.0754292702517,16.714686198930828,1818.188252739846,True
348,M5,67.03367566382889,0.8700733860364691,103.09461442876383,14.97709074480417,1811.8586711840478,True
349,M5,66.16594928953873,0.8715416235469731,100.76784039967902,16.087631761830558,1816.7892496199786,True
350,M5,68.8657441228995,0.8284161787787401,101.54128447463671,15.639960757721136,1812.827127421093,True
351,M5,66.25311090478584,0.7832678518999626,102.61462296881372,15.686434821185689,1814.8253563547469,True
352,M5,67.43278385606821,0.8393744786761242,102.01763322434677,16.23220047169789,1807.8429542403583,True
353,M5,67.59505691837808,0.749701465632673,100.40719546752926,15.762116720206206,1813.7891596251095,True
354,M5,66.25794808081122,0.7883627630367849,102.67827488579137,15.806985944517383,1806.5965767921282,True
355,M5,68.1065883541276,0.7645382906265535,102.75774994343057,15.816819525679973,1810.6485589404674,True
356,M5,66.20451004347792,0.7659327362149527,101.72232936097514,14.742981331703275,1810.65555734143,True
357,M5,65.28692596274368,0.7443453116854021,100.0326389550658,15.385272148166289,1800.956371863262,True
358,M5,62.260147800519086,0.7144000713845067,99.89217736587251,13.263468703558447,1814.3479029227674,True
359,M5,64.36787744431523,0.7664611140281838,97.65493867139368,14.266161230308812,1791.0893096702928,True
360,M5,65.52524661159859,0.7039236196207915,98.48864953138384,14.517334158125475,1785.8147698023,True
361,M5,62.34331123084769,0.7822893715732786,100.79267146921582,14.160797243349899,1786.031774571557,True
362,M5,62.17509331624832,0.7215092556339507,98.6589581586024,13.693732781964734,1803.2204221006589,True
363,M5,61.832938889712224,0.618145852833331,98.02865169068609,14.724160765280567,1794.2065983326022,True
364,M5,62.66334353059071,0.7546238681812363,97.83098968541294,14.670949191148056,1772.6283861424677,True
365,M5,64.28995545099339,0.757736442975353,99.9752540219073,14.315345820069089,1804.3099973652922,True
366,M5,60.021390995030536,0.7190756984547073,95.64295649387587,13.238560568291437,1794.0262107905817,True
367,M5,63.21078770373778,0.8071676909336435,99.32656172392475,14.292758859092965,1812.939185939202,True
368,M5,63.16930242636377,0.6530040920338753,99.73307544894564,14.544187277808389,1802.3670138124478,True
369,M5,64.97368482603194,0.7176025351100852,101.7065466957083,13.73487803502309,1811.8346631539744,True
370,M5,66.00296299156132,0.7705554794706247,99.47567495162177,15.302710016588595,1812.706970085471,True
371,M5,67.02270466741997,0.7732308513154569,102.43293022688923,15.424146181150535,1814.792524364098,True
372,M5,68.4488709511987,0.8426327668944412,103.07999183112716,16.212604812020434,1808.3054783491227,True
373,M5,70.24205046476169,0.8069916272831605,99.93041463879392,16.311753522477474,1803.9819334935003,True
374,M5,69.79135433241794,0.808983683989973,102.08528655260866,16.31988108328365,1803.1116131888075,True
375,M5,68.488201611414,0.751370662968827,102.03752091460007,16.043370715967924,1818.8761830825622,True
376,M5,69.23490172005855,0.7774260148560075,102.57253868643735,16.558618544088116,1824.3107036184178,True
377,M5,67.17345718355028,0.8942834060030034,100.69718662549742,15.469919981547166,1801.5947253003003,True
378,M5,66.0278666054542,0.8355466104808886,100.56614837405995,15.236651844015983,1807.8043129148266,True
379,M5,65.72228690868702,0.7941675737198033,101.76339289576035,15.09027211884207,1812.9270515731732,True
380,M5,65.80755185445504,0.8664662722273856,99.91989228155447,15.837391051886408,1808.6943074268602,True
381,M5,65.54995335452278,0.7906098911937826,99.22648678960145,16.06760807917597,1783.5288783472674,True
382,M5,62.79636746977939,0.7427473682330034,99.70465145317726,14.137603923053558,1799.5329913256091,True
383,M5,64.01064553009877,0.8050452044014204,98.30498385604137,14.675688209297737,1789.417606400823,True
384,M5,64.2357987646299,0.6888150205602595,95.97705938496756,14.817175066383541,1779.7458240406093,True
385,M5,63.678183091161934,0.8129553949762722,99.04984273844835,14.342239461083064,1798.2245882041873,True
386,M5,61.91948382675409,0.7167396288183621,101.84954120372402,12.70120099891445,1795.9757204106163,True
387,M5,64.2853404878379,0.6624194121301606,101.77275706362076,14.560094625517022,1793.667456215412,True
388,M5,60.7268979387839,0.7070769350849831,100.65481667154408,14.809387311988829,1779.6715422505952,True
389,M5,63.857518192064504,0.8030189551068565,101.20798893842998,13.639326548955935,1783.2430632722442,True
390,M5,64.27211442473025,0.80532860330186,98.3666414616733,14.143788451630812,1777.6933347420181,True
391,M5,64.19480272515625,0.7377979985145475,100.75294748684776,14.751456548401414,1787.2225245280754,True
392,M5,63.401774141249646,0.7575582319760771,97.68578870111872,14.93074772678072,1799.5479730921911,True
393,M5,64.50929496885146,0.7931324520311479,99.51104423904698,15.473038391123463,1803.2793367104416,True
394,M5,66.57919927642006,0.7947517731347291,97.69850494948376,14.844242125741848,1800.760042140501,True
395,M5,66.76660601267042,0.7499229172332817,99.9963091910253,15.195156357059599,1809.6904087417884,True
396,M5,67.22388665684231,0.8140024990733119,98.18514115068271,15.980996266205427,1803.4660444688366,True
397,M5,67.37898108473264,0.8184534434203063,102.28786692971183,15.334137228300458,1796.9026911989338,True
398,M5,66.89567029430941,0.7483875459783144,102.33155711452812,15.858759418601913,1811.83335314169,True
399,M5,69.03461338852838,0.8154698080597732,101.09648306263868,17.215969511867986,1817.9232130523756,True
400,M5,67.04844264312325,0.8775933411197434,99.08596600255152,15.699791937692373,1823.8120055916584,True
401,M5,68.03920873188902,0.8429419281178966,105.41090735757547,16.701460788838343,1807.0073353039018,True
402,M5,67.41924769763204,0.7411556507105199,99.6363649216673,15.106084753316235,1811.69569833746,True
403,M5,66.70359767423408,0.8600827764037103,101.33812788999356,15.400366871994088,1809.45559711204,True
404,M5,65.34434453800161,0.8059361118336056,102.88581402607666,14.894537134140055,1804.158483056973,True
405,M5,64.4871178847211,0.6928963513757008,97.79731663390555,13.851372992975554,1806.5681167877829,True
406,M5,63.67017147361361,0.7502965385188617,99.3609114262131,15.143878770861368,1804.4552358837102,True
407,M5,63.01347103489039,0.7780102670558865,100.47260745449266,13.64008529454635,1782.7341953507507,True
408,M5,62.53887811905423,0.7420737441554222,100.6809769830627,14.003837873093953,1794.3781844689288,True
409,M5,62.32287407106756,0.7515225997469064,101.80606524133569,13.846213244248778,1789.786012865674,True
410,M5,61.80078756735807,0.7503003658435089,95.80672017534405,14.242186724269501,1786.6726154893836,True
411,M5,62.36327107772567,0.7091300471440618,97.5387722268738,14.059373121921162,1778.2488625330593,True
412,M5,62.434099413286,0.7210549610881681,95.58574830397899,13.161098438498648,1803.7725165050997,True
413,M5,62.650775388566004,0.8069971947111666,100.6832282067681,14.756856437682062,1779.8619587959643,True
414,M5,62.809558499899126,0.7035232956854486,99.14560838633552,13.835975586705702,1793.5045531983624,True
415,M5,64.8644528494556,0.7720971796909503,100.99793040386271,15.345875655681953,1790.5833826820306,True
416,M5,63.80507779855454,0.7487805484388864,99.66744485998784,15.395214794281946,1783.63325020123,True
417,M5,65.30518330680188,0.8317047951409933,97.96585733407568,16.00991006830806,1801.7876087481545,True
418,M5,63.234274746457544,0.7052444155642985,98.39251255316029,13.585226475673823,1814.295714648925,True
419,M5,65.27128736298458,0.7471979745714658,99.90797913091609,15.4649718805114,1808.5040891965555,True
420,M5,63.37436852644669,0.801615906626572,97.64016560173353,14.661344460134199,1818.6869553228357,True
421,M5,66.74594818002019,0.8317638769894046,102.01376852700584,15.966106272205778,1803.856699055388,True
422,M5,67.71873072406899,0.7940670012707474,101.78080065783135,17.09366874163088,1807.6655764520904,True
423,M5,70.21572055408585,0.9062376755833019,102.28137889305252,16.934561150132144,1830.192854292199,True
424,M5,67.86580389702382,0.8797867977667295,100.39896915450473,16.691676991995752,1805.0464627105512,True
425,M5,68.231624882155,0.84205847761915,101.99022042691307,16.497362522308183,1806.3470123955901,True
426,M5,68.26186236697926,0.7879743383692488,101.6544232379701,16.80524258300663,1808.9983328010585,True
427,M5,65.65922427429271,0.7536286185491294,101.70481394156029,14.953307902507795,1817.7666703597258,True
428,M5,65.13266678700992,0.8666523118423862,99.07673382190492,15.152463003619715,1800.1031704148315,True
429,M5,65.06597153983466,0.8738213687104944,97.537634043607,15.107806285437166,1800.8098032603789,True
430,M5,64.47596454625396,0.8125332897823524,98.44949035368224,14.856169544674056,1793.8327009846805,True
431,M5,64.17607251608698,0.7718963561436583,101.4342724210318,15.214543567773765,1786.0842697752978,True
432,M5,63.04887369975606,0.7024945753026922,97.0906466441332,14.53123098385321,1778.9393632221727,True
433,M5,62.95295397479093,0.6629155136822976,98.98384983031899,13.641206825017639,1801.1215689941093,True
434,M5,62.0336124787553,0.7958186584528002,96.9892859148299,14.126108362764974,1804.5757170783722,True
435,M5,62.93166356899552,0.8238987552447147,97.06504903930075,14.656995758455746,1783.5889460909696,True
436,M5,62.988306719018055,0.7941311884853893,96.98084983964615,15.100837112812894,1784.7276043588147,True
437,M5,62.5388413369328,0.7744048786128649,98.59022798541693,13.858407844543127,1788.2379529265784,True
438,M5,61.86817354973535,0.726375660406782,97.43606895102408,13.71717788390607,1784.8882713739486,True
439,M5,63.46068050314512,0.7589505051816955,97.17136383082097,14.209877122066802,1807.369065863743,True
440,M5,64.65657890097079,0.7964390745567783,102.97734167075224,13.697657302673411,1791.2923058187355,True
441,M5,65.97393340589706,0.7785922657211315,103.20218643319238,15.39196243243535,1806.4602788543525,True
442,M5,64.67308930127558,0.7240971019579263,102.0055430730515,14.46158106131511,1806.1043756234894,True
443,M5,67.52645679278906,0.8211454144035413,100.23793143141474,15.97890028240144,1817.075707486695,True
444,M5,65.32571458661901,0.8196094357964674,101.07759244520621,15.374826101748045,1808.498391507578,True
445,M5,65.55026095379074,0.7544016618242788,105.70853973983081,15.563760624243498,1814.4419666837027,True
446,M5,65.56556005381029,0.7273582366533375,101.82638216334851,14.717243853038248,1813.4276998331006,True
447,M5,67.22726653305601,0.82728790616262,99.79994610136292,16.654474974926394,1805.1330301311605,True
448,M5,67.35489740493027,0.8054700958558694,102.82257810032172,16.28511460783272,1815.3979396489278,True
449,M5,67.79941814936237,0.8205292150143261,102.73452374674142,15.7155263336836,1809.1816813823154,True
450,M5,67.15273212685275,0.8138342137418922,100.46879655723316,16.27976937658822,1802.3989070355233,True
451,M5,67.99008814056485,0.7326579791275682,101.32559196363923,15.748544954696149,1813.988802566787,True
452,M5,63.762858621346595,0.7180296431075677,98.91793313903815,13.086934138739565,1808.5965947629827,True
453,M5,66.27930315299234,0.7873534734763933,101.97584071178906,16.083409523674234,1794.1999309301443,True
454,M5,62.8680806548274,0.7561135107865148,97.81429479560816,13.964605023065975,1808.7971127397805,True
455,M5,63.393638268798966,0.7721815982758223,99.90403647504894,14.870049133766363,1795.9567260159852,True
456,M5,62.75907508686675,0.7371829781928928,97.48452153930498,14.778079304682889,1799.7738009941575,True
457,M5,64.19790422127903,0.758245929364308,97.83392469319945,14.973807963142033,1785.1757672373108,True
458,M5,62.454436841971386,0.759462607615914,99.88070085764194,14.246713908177815,1790.30003823608,True
459,M5,61.82363364328342,0.7520567112451277,100.43155059237122,14.303329215646098,1771.9870966567444,True
460,M5,61.25227809913944,0.6486119022463661,94.7575719118721,13.934277564787942,1790.8700660118595,True
461,M5,60.81041294545295,0.7371115355138497,100.03958482115753,13.006568313954197,1790.3284727580485,True
462,M5,65.47566815210222,0.7773429512201455,99.4386603001176,15.568444649231907,1773.504057775767,True
463,M5,64.12969711231602,0.6966096520604426,100.85633985026959,14.624891627886099,1793.4699255676514,True
464,M5,63.25432416114936,0.6453669865293763,98.12387409500239,14.503073385817522,1782.2523621531566,True
465,M5,66.31954642755501,0.84539958034531,100.2238437664648,15.977108530987987,1820.3726678378284,True
466,M5,65.7703311986379,0.8429024961215261,99.25378706472252,15.53904108501409,1805.1835779261469,True
467,M5,68.1743860303972,0.8728523740148317,101.25652360117637,17.385244571306533,1802.837501213955,True
468,M5,66.45908377649803,0.7823994991669657,101.35248334841785,15.382630509424066,1817.3663839612757,True
469,M5,68.87077815709213,0.8345510602422826,105.21222373867032,16.388039532377974,1811.450384518655,True
470,M5,66.53869033430273,0.7821918433313109,101.81932764162379,16.854634310442535,1816.1129535815319,True
471,M5,68.9542067554566,0.8692709068741326,100.00824668366177,15.810809287340394,1825.220736522684,True
472,M5,68.26150746909131,0.8001061814154574,102.03684409440714,16.25867052697715,1819.3185094637604,True
473,M5,65.41321943923079,0.7311301819875085,103.94405774309512,14.658633700663911,1825.5573592328585,True
474,M5,68.18364957281047,0.7575302657821671,101.56427114662011,16.272911826343595,1823.459229066575,True
475,M5,66.22067733738767,0.7516801826473479,99.88767192681426,15.053099505413964,1811.8544685873494,True
476,M5,65.07181774677805,0.801189917569689,98.91135083945491,16.08162206789255,1812.2096659919891,True
477,M5,66.63217707876261,0.7993226644200835,99.72452133958976,15.644166332731503,1804.0057216922053,True
478,M5,61.9838276138803,0.7364927810945145,97.83163652682768,13.795505271245773,1801.1852557245409,True
479,M5,61.85971499461278,0.7366524608227027,99.52450364255581,14.294859628227243,1788.7975114242945,True
480,M5,64.67775849335516,0.7346680724287122,95.97093705777134,14.780829720366164,1784.9104470357754,True
481,M5,64.29307454443202,0.7324024903500249,100.54506874607358,14.035836503970554,1782.4543315055705,True
482,M5,62.40190216104845,0.7788127406524572,97.78632826351875,14.076300877045483,1785.069533486945,True
483,M5,60.179504582091376,0.7060902130060434,98.95622115884042,12.809194714047944,1782.7935373258422,True
484,M5,62.50953759185888,0.6103697043749499,99.86862629628139,13.477489833560814,1788.13212963214,True
485,M5,61.58122049783429,0.78908314502107,100.89187958227346,14.42970891332185,1778.0979253850799,True
486,M5,65.10977934645207,0.7067787914432478,100.12621605656017,14.29414257233488,1774.436948327177,True
487,M5,62.95074465477102,0.8150061010750098,100.73636216908952,14.401356884114346,1792.2927072515251,True
488,M5,63.538931678668725,0.8161793835417446,100.25886588214445,14.676337167450265,1779.4469412028757,True
489,M5,65.14227392949284,0.8066684399986629,102.66714861541388,14.626503856234267,1808.7793904791872,True
490,M5,66.51820211236608,0.83196482348126,99.31176915764573,15.566179129434063,1801.7323600297432,True
491,M5,67.46994704757098,0.8382850245254905,100.99577629941973,16.41729176353288,1821.7467622375598,True
492,M5,64.4972761649971,0.6503027972412966,100.0419562819916,13.87932258652054,1831.9809937023285,True
493,M5,70.16674636681769,0.8277857220423592,102.8271500806371,17.248940920470577,1805.9491440849158,True
494,M5,67.67604224608431,0.8417935938298828,103.86177481349165,16.14133264746257,1811.308487371123,True
495,M5,68.41457688759958,0.8562202113168467,100.42048360448197,16.4568275673887,1809.6477196387516,True
496,M5,70.13658279932484,0.8302584020337118,99.22403874705354,17.13771188602054,1806.2688537809265,True
497,M5,69.10796348561824,0.9028235021212063,103.78708398483077,16.345728829781272,1808.0280424167042,True
498,M5,67.11359284356097,0.8173233269242381,100.2068681857401,15.719229016738199,1808.9565338483053,True
499,M5,65.2626628201617,0.762053346976314,99.25104671842696,15.865113090437731,1808.1887241344152,True
500,M5,68.09936983046768,0.8310719068882108,101.63500115475523,15.924034182179177,1812.6270948001172,True
501,M5,63.83638057169083,0.7332561496348414,97.93440379013144,14.319547062823784,1809.1539589896202,True
502,M5,64.61766871478737,0.7708429284263142,102.29166193293423,14.802889744070123,1805.0185610103752,True
503,M5,64.02547967788938,0.7860732975613953,99.46850551161772,14.446761905818514,1782.6729363783957,True
504,M5,63.06781575347755,0.8180582422490004,98.14200062368921,15.267326993927703,1795.3921261023286,True
505,M5,62.51273764321764,0.7475870863923895,99.64011452313372,13.729782874887485,1775.7773870345081,True
506,M5,62.62553915241832,0.6982873847874175,93.62800527823032,12.535856185410102,1775.9048772762906,True
507,M5,61.15624498560722,0.7490791510950426,97.78484625219345,13.130979460961973,1786.2073789059987,True
508,M5,63.06189337032541,0.7346975727339985,100.54271283007532,13.74190877736423,1788.7773881659134,True
509,M5,63.654538172728934,0.7642258407162418,97.77826010931159,15.04721790618329,1780.3344311041096,True
510,M5,63.01993786382031,0.7587542707256683,99.96228373178813,14.868995684451004,1795.7576282330006,True
511,M5,63.65864160929614,0.7344418828540159,100.66057150443434,13.265031630132432,1790.7638465239083,True
512,M5,64.19425798421719,0.7568740056155312,100.44911438737341,13.98052074808781,1794.9736067120693,True
513,M5,66.75524880144265,0.9207299789395657,98.86105569831663,15.560755956407608,1796.8867363814754,True
514,M5,64.86991787615815,0.7129122030299908,101.69891904974166,14.237482882915652,1814.5159555210896,True
515,M5,65.41593531399258,0.7410507927267885,102.79767551047296,15.250685276559354,1811.7986467075339,True
516,M5,68.36224607456225,0.813236010052178,99.85776843795502,16.18672682131538,1798.847444932074,True
517,M5,68.2552004013063,0.8341640561207453,101.34988619038673,15.889525282305318,1801.029737391632,True
518,M5,66.98759144331844,0.7085484730901325,100.72163094701645,15.5163106270534,1838.9219593008177,True
519,M5,68.09896467370767,0.8511229484993948,99.88384004230238,17.186520361868688,1808.605647072157,True
520,M5,65.5374609801188,0.8010279930675358,103.21739848316516,16.265189093707797,1812.5782914440551,True
521,M5,68.26372021414055,0.868258766377265,102.5411803737987,16.857692295434642,1807.0689979504457,True
522,M5,66.5024855441365,0.8302983697919057,98.77634764324814,16.205794196346023,1803.9807431992867,True
523,M5,64.7738198657699,0.7130335803140058,96.92011349752437,15.217660010025195,1821.3392711821064,True
524,M5,65.22776418319785,0.7681353591554051,100.29745007581587,14.267099467393898,1801.56134578112,True
525,M5,67.54455932094326,0.8404358721054266,100.79064003694971,15.819859068195054,1781.4308239381546,True
526,M5,63.66630825838683,0.778376666565958,100.07752226960417,15.912156995324384,1798.9905804092764,True
527,M5,64.80408236676712,0.7808110536101314,99.4895980727304,14.436545423849608,1789.6473989153392,True
528,M5,62.75709175206862,0.7114482499514196,98.04822839824773,14.104393318560582,1798.4467495065073,True
529,M5,62.31544085148548,0.6508938818498661,95.15011644314804,14.027919503172964,1791.5070202984234,True
530,M5,62.630083409326616,0.7300761837451875,98.67423118393367,13.747696007876069,1785.4343760432955,True
531,M5,60.69965745929,0.6869482507163893,99.47103846353825,12.118446517902976,1790.6454225522732,True
532,M5,63.83447971355342,0.7451508485194732,98.11741736952169,14.533358255017967,1779.8850489305594,True
533,M5,61.644359271659425,0.6639286006547909,96.46996845604826,13.447474036599809,1787.122670266924,True
534,M5,62.86940859273386,0.7026482611114809,96.28974075310255,14.640588823373903,1778.5711281677538,True
535,M5,63.254687441578895,0.7457774594520519,98.7436055875454,14.158136392265577,1806.1198860656218,True
536,M5,64.30777873875986,0.7906110028694396,99.10674531720058,15.655946040614616,1800.9545329880084,True
537,M5,63.34451649250299,0.6974318914175951,101.94521751617043,14.212814875791624,1792.8797526431358,True
538,M5,65.84669123038978,0.7346335488131459,100.61366278600981,15.025325309337372,1805.0415150214092,True
539,M5,66.01037717877772,0.8096782248421235,101.08426880023839,14.245501016644237,1814.258841460378,True
540,M5,67.83426421708175,0.766567389113138,100.3045074570546,15.629135172062977,1806.9115399651503,True
541,M5,68.16323861019384,0.8154613004564054,102.36754378807483,16.332324328635156,1815.244120021504,True
542,M5,70.39170443466676,0.8585516140551283,102.53183079774368,16.994045171558327,1812.629887593144,True
543,M5,67.60848800270203,0.78340767217344,103.55645949841744,15.863947523429683,1813.4337909382207,True
544,M5,67.71502112319459,0.8097086378530879,101.39149952865147,15.907458942780687,1814.7992741836476,True
545,M5,66.67736011528355,0.7479605940079012,98.16594855378229,14.546696366591705,1819.7995905192183,True
546,M5,66.97958870196831,0.8377144841434612,103.43043245803933,15.880116307033429,1816.0128240377244,True
547,M5,66.62037150707377,0.7938384118268036,102.39516537005414,15.816259808020286,1799.0071899017787,True
548,M5,65.78725132642911,0.7385794236551222,102.31777227646869,15.978569251229837,1811.2145349164703,True
549,M5,67.23620002584505,0.82451463807379,101.74183984037934,15.65886154569782,1812.0974310146298,True
550,M5,65.52402604157588,0.7574861720373274,96.66954272647398,15.661757075718414,1806.626467597277,True
551,M5,63.46344095785739,0.7124738018909742,103.08530889428197,15.055138454450669,1792.9205150538287,True
552,M5,60.12417320847652,0.6339246473084675,101.40657088774734,12.903036568672642,1813.189582084095,True
553,M5,62.42804762627632,0.681865149020053,97.76001529726906,13.710255049899038,1800.4889300301193,True
554,M5,63.84263897531799,0.7133565209184896,96.72758603459042,13.744339125675014,1781.1842707401852,True
555,M5,61.87252000110445,0.7127471035224493,96.78274740450821,13.83488827599786,1801.3173298508723,True
556,M5,61.27229118158419,0.7294531475057744,96.58372934952632,13.912986777868175,1783.2911391831651,True
557,M5,65.301561858094,0.771562674877373,97.76503997888308,13.772629276130761,1800.8851435216775,True
558,M5,61.95668552156292,0.6564431850192473,100.38129957489038,13.786818552886857,1796.5709219491882,True
559,M5,61.58186104345217,0.6686530816333706,99.6148432511346,14.026764206382508,1797.0139506333878,True
560,M5,64.7679511305502,0.8348830533100866,100.58899199627261,15.24388553091608,1797.199364064045,True
561,M5,63.889837835777136,0.7434207918955348,101.55884031483903,14.673700086312481,1795.9644188280495,True
562,M5,66.27800101603748,0.7517534278228324,101.39416631091257,14.709729017641166,1791.2949795492978,True
563,M5,65.95560300236393,0.7750899243877909,96.67705775245474,14.868817596260834,1818.0088042226464,True
564,M5,67.55455972328156,0.7862045879716693,103.3324757608504,16.003741681454947,1799.7768541475066,True
565,M5,66.14319511820928,0.7922233532900599,102.29515867249499,16.104331354709547,1805.3142280971279,True
566,M5,68.28400376546492,0.8216625275678874,100.09584765803892,16.528144166447618,1814.1948640558583,True
567,M5,66.60974149103977,0.7827819944378492,102.33999101466921,16.10372187797424,1824.2820968027888,True
568,M5,67.33289766448706,0.7765380384042335,103.96618417099279,16.856867130111908,1809.94863264536,True
569,M5,67.63661472040708,0.84229786853254,103.03633693799371,15.68833609377615,1814.7874743897057,True
570,M5,67.24992816684177,0.8682757565493673,101.63818025773524,16.23063957832582,1797.2850007026211,True
571,M5,66.96809290740785,0.8695722791442093,105.65978240072465,16.149816983367568,1804.980307495477,True
572,M5,67.24748999757375,0.7456988757584664,97.79023591912447,15.964638428892242,1812.743050402645,True
573,M5,66.74993466200485,0.7072855227422274,100.02516093452887,14.594333655693253,1786.4729007041442,True
574,M5,66.28854697398347,0.7684897175871968,98.21471559405619,15.749073332787356,1794.1236747475452,True
575,M5,62.540132287927364,0.7866960742259684,97.67845061973848,14.565205304953741,1784.4510687314614,True
576,M5,63.14840334249174,0.8095634400986682,100.1214417807649,15.747977464737675,1790.208025664043,True
577,M5,65.63575105947085,0.7996569686975585,98.47351143442725,16.30788639785032,1779.3680724436233,True
578,M5,62.976924172140656,0.757644396056072,97.4558835030006,14.940318416141167,1781.327249821325,True
579,M5,63.130357211794305,0.7715373661668528,96.8594858302439,13.522848836980199,1791.7680290367086,True
580,M5,61.28957001006052,0.741464979461159,94.69412770369613,13.956706565049034,1785.5899445327032,True
581,M5,61.39697417944348,0.7061870831850796,97.99119935580931,12.516905967972104,1792.7398491545541,True
582,M5,63.401118239396986,0.7990642008852884,96.71298692477949,15.049110397940822,1788.6845569101204,True
583,M5,61.59260837600565,0.6720119469484853,100.12572330223487,13.105436027350883,1794.8222241074538,True
584,M5,65.89212912426687,0.862580032035879,96.89878514762563,15.79951428440084,1804.1066517596992,True
585,M5,64.21800841350641,0.7547179234526451,102.25340104277244,14.701498911912948,1811.5005811344952,True
586,M5,67.42419519471392,0.8781082507620565,106.42294945700688,16.175763561169493,1790.3253628566197,True
587,M5,68.27435562489366,0.8103464800556955,100.1384435043355,16.02067262248753,1811.0530167981265,True
588,M5,65.4229804472396,0.7929220719739871,99.62149348400385,15.153853941105172,1818.7176483751225,True
589,M5,66.81206620657316,0.8525976940275062,100.55378790948639,16.64097943632871,1827.6830539955956,True
590,M5,68.21189571168406,0.8220098755617804,100.66300094351553,15.540116071845251,1805.7314136827313,True
591,M5,66.28938731621649,0.8357063240956076,102.60784464952133,15.568247916780422,1817.1350021471055,True
592,M5,67.28811003180029,0.7672744265003417,101.54011784754036,15.918789345428278,1819.2944990165554,True
593,M5,68.70490033201818,0.8661126167351757,99.11451050408057,15.856323208019926,1825.6716707852013,True
594,M5,67.85818934812347,0.7799282805961879,102.0121521648092,15.989833034778828,1797.228645200407,True
595,M5,67.1421001368635,0.8393790140408938,101.61398570550003,16.215844922678563,1805.814011339841,True
596,M5,67.2590439724159,0.7800439575580226,100.95285350822918,15.783239481931078,1798.2825972969586,True
597,M5,65.6591241432234,0.7608296580782266,98.694048622279,13.756869240379666,1806.7779754018943,True
598,M5,64.77826159865228,0.7887419560980813,99.47953654561819,14.82690569535964,1800.1720997433638,True
599,M5,62.8497278791989,0.7478989737789956,98.98439814070306,14.273155660174181,1811.9365970604254,True
600,M5,61.274592222320535,0.7613428210039364,101.03632540588144,13.836384603127838,1796.3776624820507,True
601,M5,62.30599101072875,0.7537734013362578,98.89251564581349,14.232645636076352,1796.8424106161253,True
602,M5,61.85705748413967,0.6949843323919417,97.89548172184575,13.282736835350558,1776.586960500149,True
603,M5,61.865327993243426,0.6726784341652038,95.9863730257089,13.591862570759789,1788.3125426049419,True
604,M5,61.36923908980007,0.7128159896908022,95.17225667142908,12.978760553175999,1800.295190017428,True
605,M5,60.924560100850314,0.6891245674938605,100.33587390297726,13.092393101861855,1795.7697214519208,True
606,M5,61.65680897808533,0.7309131067009526,97.47012940587256,12.885393681948338,1793.7259799059373,True
607,M5,62.06128714276839,0.6936186505727214,101.31941717760256,13.420519612489889,1805.7238516329148,True
608,M5,65.55699181293954,0.7068322590797244,98.15016921038996,14.508863958010851,1811.606982600149,True
609,M5,64.58642910650339,0.7330664112920976,102.62393888781656,14.557348746955102,1810.9629641557801,True
610,M5,65.18239949802455,0.8372702119333556,102.7246203523807,15.679841529092007,1794.92859676499,True
611,M5,65.91503945127761,0.8040191032259808,100.2074398604609,14.902521859490113,1799.933378227477,True
612,M5,66.0283641272868,0.8270198325645908,103.66757816655323,14.885081640911398,1819.6645862864095,True
613,M5,66.94686352388459,0.8716402322903319,103.40036024615326,16.570233375031272,1805.8971474028508,True
614,M5,67.94978772306031,0.8159289962379983,102.79091143401483,16.362008187311122,1814.9243570697306,True
615,M5,66.68909225592581,0.7801605755504502,101.46740353256851,15.21514211295438,1828.55511368152,True
616,M5,66.96091822338812,0.7801004781834893,101.64300510750647,15.893942809960885,1825.6656017954845,True
617,M5,68.54397611341703,0.9587617943303938,104.73920279386982,17.8399620428362,1824.5642906539529,True
618,M5,65.03635844196401,0.8045349594439141,103.58424106883564,14.943136499514642,1822.1364013900866,True
619,M5,66.68286099678652,0.8473910223727736,102.04749239691718,16.5006672178824,1821.257393838561,True
620,M5,63.508034167317604,0.8185943459290661,98.96177662737159,13.77227448952801,1816.5897734962807,True
621,M5,64.2853043456201,0.7771920082300374,104.70246608848383,15.234600111895926,1805.1632676345312,True
622,M5,63.35371249670122,0.7787635881626328,95.76433896877218,14.597508357708303,1796.4139902234167,True
623,M5,64.366840681829,0.8190186710163497,94.96811714514482,15.733474004036852,1787.0454314323197,True
624,M5,62.53762476987601,0.6812347020204497,99.69292318161202,13.820488637717093,1785.5561816471875,True
625,M5,61.041403734092576,0.7319283421239486,99.4345034776875,12.628350642562362,1792.2972966469035,True
626,M5,60.09354531337708,0.6902254918573348,99.31425266388851,12.925117891795729,1785.4885894014171,True
627,M5,61.50657703956164,0.7281718102988438,97.4524348652971,13.534038624580154,1781.2966397886953,True
628,M5,63.28813438237465,0.8428140184648196,100.80261645200221,15.151307238560245,1771.0102142777328,True
629,M5,61.66503350993128,0.7335157420679491,100.52982796555892,13.97476463667335,1791.7434526147008,True
630,M5,61.91595899757018,0.6450493646870706,99.63057904362864,13.258281852581769,1799.5044297915085,True
631,M5,64.20174498631536,0.69907210486811,100.30370101372674,13.828413896199418,1787.8969525560235,True
632,M5,64.97364961051859,0.751252608458193,99.42164631706825,13.958269918670519,1790.2433916664377,True
633,M5,62.71393542948106,0.6646092464415607,101.32062967126585,14.044219844397759,1821.184487745497,True
634,M5,66.51541912545449,0.8141923393697906,101.56501950077377,16.329179858828123,1811.1153644115973,True
635,M5,69.12509451094705,0.8748531896922906,102.03241268428137,16.821397355916186,1822.5594674650245,True
636,M5,64.70892389979163,0.7635695859538776,100.67044423687211,14.839580759126319,1807.9842888750504,True
637,M5,68.20643971701438,0.8909279120114447,101.2024248085688,17.278574661027207,1815.7057149041552,True
638,M5,65.3261525983032,0.7195479839147455,100.12311271433403,15.061035177643753,1814.9586334413998,True
639,M5,66.08000187071443,0.7690419583007185,99.7599561410513,16.16806927219429,1810.253764475345,True
640,M5,67.92914460896444,0.8383064246997408,102.02782070953639,16.58234005849443,1809.1510069091246,True
641,M5,67.35208656246694,0.8653903704141644,99.26819571518116,15.21211060876875,1823.2339725751947,True
642,M5,65.94035044168389,0.7856752382921517,101.33540093184703,13.77118897037124,1820.0561260451123,True
643,M5,64.83185524177559,0.8370763080152438,101.04560044936007,14.529443562435283,1817.3392563772118,True
644,M5,64.9523733200138,0.8239141398594758,100.37860109549608,14.760588922195684,1795.150992393699,True
645,M5,64.74708991284659,0.793613178774097,100.38107212978686,15.653414678556148,1794.1509021539391,True
646,M5,63.39744717033008,0.6990387640643028,100.31830647834413,15.216050496151661,1808.6877470546856,True
647,M5,62.58289158852917,0.7042700121984079,98.35915584956113,13.438097543638378,1803.2893351581408,True
648,M5,64.89637675955164,0.7623232133475832,99.47494413660228,14.646588372645216,1789.3325569226045,True
649,M5,62.87377957014751,0.7037972816120509,98.24997957627849,14.132765892796535,1768.2423289057376,True
650,M5,60.84497254082267,0.7532912195725792,96.71121853971593,13.310790275717553,1784.775300465322,True
651,M5,61.61917777964721,0.8175490613178347,98.32967429097246,14.728342672147448,1785.4819780269738,True
652,M5,61.5722661573501,0.6447104228331191,98.26239879531592,12.982981050032075,1794.3598390658724,True
653,M5,63.97498917582811,0.7054913881108508,96.19605375371324,14.058718027252866,1800.2586360689327,True
654,M5,60.2559576359797,0.7663093835453317,98.36605254615233,12.625697020400501,1790.7543707879404,True
655,M5,64.017487411538,0.8035289511962533,100.42016279943657,15.226111101196713,1782.7966064651534,True
656,M5,64.50862562176187,0.7544210191276753,96.78043571151446,14.833488870631022,1779.422658013592,True
657,M5,65.85162995947046,0.8523670324970698,102.91216609606474,16.002037738872147,1791.215499183719,True
658,M5,65.61522915623185,0.7796523086469113,99.90524182340576,14.155332851061459,1813.6240765532127,True
659,M5,66.58314270424191,0.8605282909235514,99.94749349044638,16.243644103150867,1815.4445014089233,True
660,M5,65.16365935887676,0.7049967680729892,101.87101978089234,13.86378523388966,1812.7262929320777,True
661,M5,66.0527430346524,0.7701033638986526,100.94232625856202,14.474761692204364,1809.8989595223727,True
662,M5,66.46232700838466,0.8021158937338779,100.51547635698567,16.152165485020877,1819.8080534256035,True
663,M5,68.70943678918354,0.8584784032954765,99.08896952699861,17.144060584252912,1804.9197470803213,True
664,M5,69.7791714554897,0.8641365294683998,103.51735073582263,17.225600481304323,1802.094713288283,True
665,M5,67.66654313068715,0.8087316522654485,104.9101173732635,15.979708879764082,1803.0015874399392,True
666,M5,64.96131834877872,0.7080720765093402,101.51219641950176,14.969761915149855,1832.0869394634317,True
667,M5,66.34401823547049,0.7723128204088043,98.9151366747328,15.058451672062555,1808.9244320923215,True
668,M5,66.79549096984239,0.8284388829931313,101.18901220078833,15.963455246601296,1792.3360433001073,True
669,M5,65.40586593141144,0.8045068222783309,97.38366430897578,15.601066808028612,1800.2017004751708,True
670,M5,63.28408160115047,0.6656518045654197,98.79893700361116,14.223791973839269,1801.6639128188847,True
671,M5,63.96574343463255,0.7363619545196108,97.58809469620601,14.3265873297041,1786.7288161025724,True
672,M5,66.3429634291209,0.7774621459224708,99.40819492508054,14.809595372516426,1789.7244988311315,True
673,M5,63.72675009997174,0.74868453492207,96.95986269230534,13.90898205484958,1777.2232363389835,True
674,M5,62.44194064423497,0.7260240796760526,99.11639388594212,13.222313962256267,1793.8716264357834,True
675,M5,61.546257914759295,0.6730848869393823,98.70167111263832,13.692620222998277,1789.7502795088096,True
676,M5,63.145731069658055,0.7116322787859928,99.82756673289953,14.093561357775748,1789.3971205652078,True
677,M5,62.80814171799635,0.7188265338997993,95.96244978706433,13.43087231633244,1784.3201063222505,True
678,M5,62.80115541428267,0.7268149396536104,102.93448778602867,13.607323421714279,1802.0754653272054,True
679,M5,63.08256785404327,0.7344301740465191,101.74754532927072,14.344324442546341,1788.7576624730866,True
680,M5,61.89133664923733,0.723205299168651,99.05349176338028,13.396836065695702,1799.9397364642184,True
681,M5,64.61372329831539,0.7854189702548189,103.18195276314161,13.99534396928179,1812.1982371980462,True
682,M5,64.88468940682893,0.7242750674296683,100.6262250893593,14.188949186104711,1807.225710231778,True
683,M5,65.55080221082476,0.7234290440832861,102.70388111145975,15.284816111841417,1803.6669269685312,True
684,M5,65.16200970824211,0.778134363030857,99.27088933361388,15.495481820936734,1823.569826710605,True
685,M5,67.0905118154848,0.7587115932590347,102.58296133852421,15.611966564613867,1809.7133100083436,True
686,M5,67.65775336046897,0.7553370827668522,102.65695229770803,15.626076572986799,1821.1149413092305,True
687,M5,67.36536686649931,0.745234448882517,101.30488883081095,15.284538690562623,1818.423469859802,True
688,M5,68.25017092917598,0.8388419059216841,102.75681945038828,16.814039562272228,1814.6673196890056,True
689,M5,69.172215515284,0.8677455803315193,101.85806931047607,15.738443255610658,1816.6619075053736,True
690,M5,68.32899643035569,0.8215688310475675,103.14775885487653,16.346346509125766,1813.8399853820067,True
691,M5,66.19929735068206,0.8305427506760183,102.74418916371512,15.431888360602297,1808.2556617268924,True
692,M5,64.89475870051965,0.7611404575107689,98.85794473963949,15.21267126066458,1802.8427529719977,True
693,M5,64.02806188019025,0.7845223491265383,99.85803696976383,14.925130004785466,1796.8581947859323,True
694,M5,64.78622091189098,0.7481870653320862,97.24702195231073,15.072121989893816,1786.9117406836394,True
695,M5,63.5668852657798,0.7279969334285215,93.83025611719893,13.70027859095078,1796.78395815337,True
696,M5,62.62031198178339,0.7175836218526006,98.29568050684097,14.27392620592628,1771.557429000579,True
697,M5,60.54652329353525,0.6923970971118096,96.5303274610547,12.68013767325692,1798.5133808377009,True
698,M5,59.320341388404415,0.6368004515602904,100.08894185720548,12.811098239547224,1791.682745112513,True
699,M5,61.23214852978796,0.7383442659331114,94.47476753707406,12.536929876858448,1777.7547009229427,True
700,M5,62.79724302315499,0.6983016217096358,97.78664521511963,13.591825508585956,1783.4383581059542,True
701,M5,64.79512574492783,0.777609013121156,97.66506463635018,14.522299863403862,1767.9679109855101,True
702,M5,62.01911168017786,0.7588270007195334,99.0755807944106,13.209795515368132,1794.1031880637618,True
703,M5,61.87135810116056,0.7645723130660955,99.92786909613282,14.195225271598057,1786.9024978111872,True
704,M5,63.81581800889826,0.8025886562895733,100.01928967704245,13.543938814657718,1800.5431258147958,True
705,M5,64.82850247436787,0.8099596195797957,95.79153182524703,15.059518318715716,1792.0301552944277,True
706,M5,66.2403355524548,0.8116433480367642,100.83981776170401,15.165772799067371,1808.0661512066054,True
707,M5,64.3195547124785,0.7407308785939481,99.8835664740379,14.24046703612993,1805.0993781403688,True
708,M5,68.82939688999362,0.8456226275274518,103.15992023250281,16.671187601628517,1818.6037806105253,True
709,M5,68.29927733048028,0.8912755778176944,102.7951350825757,16.408372216998668,1826.3048990564832,True
710,M5,66.49845064491531,0.778787990658287,100.74335934125338,16.901193258274297,1816.8885444139585,True
711,M5,67.26359536594036,0.8750821087474598,99.06376202021093,16.4470926960316,1811.547365836954,True
712,M5,68.87103300291547,0.8336974164415877,101.99196186172675,15.981917871847722,1815.2713834636875,True
713,M5,67.0777645083029,0.7767040465697808,99.93979362394886,15.413939739771928,1811.5673376993032,True
714,M5,67.39093728878314,0.8430018812066012,103.91018426919665,15.590380196613562,1807.1542543648882,True
715,M5,64.64893835497412,0.7937799353206458,97.8203654483118,14.138206452418524,1807.5985028613534,True
716,M5,64.67639651812647,0.6939206919477274,99.92349853440072,14.971895406298852,1809.550915241177,True
717,M5,67.8629590395041,0.871009351466299,96.36718206863972,16.496967947053754,1793.4671956561185,True
718,M5,63.00146103461519,0.743170270138291,98.78307483344899,14.467365346875141,1796.6813349900285,True
719,M5,62.64458153514957,0.8422841074513562,99.73545924592914,15.323192068259557,1795.6434569675127,True
720,M5,62.10331778311365,0.7638817911327389,97.94787204772769,14.424898149683475,1782.705477439627,True
721,M5,61.644024683653996,0.6665298731475654,98.39468432715856,13.840191160088521,1798.315525876751,True
722,M5,62.20284175744391,0.8000956299973251,97.1252396978539,14.198396478968949,1789.0427936552583,True
723,M5,62.237557729106896,0.7697982091012648,99.6242262998709,14.358137088375175,1789.278510326292,True
724,M5,61.86468893136025,0.7773574831435802,98.43803619602795,13.792165194357217,1767.3271063026348,True
725,M5,60.690122692719875,0.6508193075205633,97.67431849401594,12.18903479411016,1791.14344856384,True
726,M5,62.73780838671023,0.698793578174706,100.72093423670981,14.873580990979942,1796.9823395896262,True
727,M5,63.29540116243189,0.7053404074046228,98.99383876121752,12.5584453744773,1786.7493138139719,True
728,M5,65.9183048191602,0.7524149128903477,97.74578813834253,15.812481187065263,1793.9111123897626,True
729,M5,63.52583184156764,0.7078419779477679,102.22212448278799,13.992462129312685,1814.2975307286138,True
730,M5,65.24533944837394,0.7685780218168033,97.3163402732967,14.529324890139874,1825.7400552640786,True
731,M5,67.22834181567043,0.7701098392119384,100.02811625602753,15.546333239608327,1816.7905026815652,True
732,M5,66.41432192332815,0.7644420252367454,102.59897155243321,14.915314177353125,1814.7890877914745,True
733,M5,67.35771933716049,0.8114452197093882,102.97768151487989,15.355805528122763,1800.0088676676012,True
734,M5,69.27169401742586,0.9379737006956758,100.57081550756558,17.254577827893012,1797.6556015479432,True
735,M5,66.71612504508657,0.7931145969587721,98.43415175170999,16.234824768454388,1806.1513716887166,True
736,M5,67.5146962302702,0.79827499643004,104.68487717408081,15.700164708752105,1807.5119146510267,True
737,M5,67.60719777663304,0.8458422107067713,99.10715460697537,16.64184439432061,1819.3100577061168,True
738,M5,66.54308551231256,0.8272845436423868,99.45415892658754,16.06589326430346,1799.7003205984,True
739,M5,66.53086194078193,0.861237790982891,101.1013086809113,15.798601425165273,1811.9325176264222,True
740,M5,66.97913104918733,0.770917267537904,98.38171384420671,16.022030959464587,1803.8681871576607,True
741,M5,65.11152477936209,0.8112682242525634,100.11971539347822,15.096858181862716,1799.5171500666434,True
742,M5,63.82338153673634,0.7426071543057884,98.79275194013216,15.125411678349815,1810.660289316109,True
743,M5,65.17455402010991,0.8119569463967659,98.99817495657433,14.081838806324765,1801.1881003141555,True
744,M5,61.84057017176344,0.7057101238128798,96.88204682761486,14.35924748779732,1783.9795838514106,True
745,M5,61.870677214990216,0.7518910802367261,99.59645118962328,13.710905168511799,1792.3691168045484,True
746,M5,63.96708063868173,0.8045187071761869,97.93186082676719,14.971448779009098,1800.5185551777772,True
747,M5,62.18223735799649,0.6608017645084459,98.27250212578048,14.533478156922461,1781.8945940317324,True
748,M5,61.90833462448401,0.7503127997614453,99.21591006352688,14.142801293600195,1790.025156557498,True
749,M5,62.155562663961,0.7399286471308576,99.114168705345,14.936994655110574,1777.5187266187045,True
750,M5,61.262660932055034,0.6840691253808739,96.0394264575731,12.414171601727244,1782.4959275819463,True
751,M5,63.834394532636125,0.7035699494535022,97.72550665168988,13.567637446371736,1795.8975897121582,True
752,M5,64.17236296352642,0.8458425389664077,101.70656253015076,14.691744694479112,1778.7378504170376,True
753,M5,65.07067827806287,0.7935835136061701,99.91741842738709,15.062477293316947,1818.2817252374712,True
754,M5,64.4677302541773,0.8553816391633486,100.28149165873758,15.305209025567668,1815.9832036995567,True
755,M5,65.80945110260451,0.8041059098302794,98.98027376167985,15.266400248611134,1809.296683594679,True
756,M5,66.37817943404079,0.7468290671684376,96.78479486333757,15.137984546705134,1821.0470294610013,True
757,M5,67.21230817036277,0.8373964264545773,104.02647658439933,16.945650787822657,1815.5445039231336,True
758,M5,67.44504547304977,0.8286125316328636,104.10147355669254,15.91077857477828,1832.1206895248442,True
759,M5,70.35775384521114,0.7814424393482007,101.22507692102681,16.730279148172418,1817.8912843001697,True
760,M5,68.64366381588607,0.8483236667594197,103.34306205197876,17.36488601562332,1811.9366458242155,True
761,M5,67.55132317806834,0.7743142215411047,104.79586685466316,16.395528426001196,1830.6272525207778,True
762,M5,67.00427364833139,0.7905184537424659,102.20808751439912,15.042130385566109,1807.2161865386145,True
763,M5,66.43589101868183,0.8283057298783751,101.5659548357254,16.743792353663217,1810.0713238131682,True
764,M5,66.23988305277655,0.7771385678725545,99.94880407675392,15.084702090841061,1808.292056264704,True
765,M5,64.51799683587781,0.871433154109711,100.03230825244805,15.093879521081563,1798.736324442206,True
766,M5,65.23366691410175,0.7613768253541287,98.36598780570881,15.278282909808368,1796.9264030355525,True
767,M5,62.142420465453185,0.665627374062044,99.65387943141914,13.611450526398109,1797.4904224242434,True
768,M5,61.33526956765985,0.6950406385324616,97.8424682874327,12.92515250754513,1794.1768093430169,True
769,M5,62.42096299903873,0.6784969388136574,99.78101159123887,13.818467177281658,1783.8482086792594,True
770,M5,61.851998441627,0.6731910811118876,96.90424055279344,12.879127854236874,1783.7652360621164,True
771,M5,61.52536623714762,0.7516720565567351,100.24542940033488,13.675188585359232,1789.1639677634487,True
772,M5,60.61412474494209,0.7749994889733632,96.57820602583905,13.434815520631865,1769.865018313148,True
773,M5,60.93816039237201,0.7065871576370573,96.87538327518767,12.601743878531362,1795.0963581301992,True
774,M5,65.10049142151918,0.7479331216455477,101.39493893511145,15.52620215077806,1790.5933828851266,True
775,M5,61.387702996732536,0.7117583667891026,94.25348988874242,12.543899570303319,1803.005655322258,True
776,M5,63.54231305128424,0.7567858140124919,100.69591438761792,15.169472057116174,1795.5598965869285,True
777,M5,62.83560780897726,0.7715004903726611,99.39715398060369,15.537036819864074,1786.5260008766893,True
778,M5,65.97331277529258,0.8278194763108324,100.22593263505308,15.181812324357477,1810.765576407159,True
779,M5,67.89566154051059,0.8168245365220852,101.34863712890107,16.041879075776986,1813.9406912427503,True
780,M5,65.50011722838917,0.7852037705387624,100.87827361601164,15.315767776148292,1818.1054105893925,True
781,M5,68.11567319592955,0.8289941701930127,100.7429885491259,16.279103941743415,1810.2573316170356,True
782,M5,67.0841679426303,0.7915319059729673,101.51968305874513,15.879980704017028,1828.1530677232597,True
783,M5,66.94434350858614,0.739593323984092,103.21054847756278,16.018747113734104,1825.5277348245638,True
784,M5,68.65996359313972,0.9343185381249522,102.28956339095042,17.27107930341602,1807.8457243002624,True
785,M5,67.71176074919076,0.8243831226748207,101.32741126610543,16.604828169333018,1816.571232293038,True
786,M5,67.06178852455741,0.8087337505930531,102.56870418945984,15.437028317274446,1816.3323314368422,True
787,M5,66.35318710992921,0.8276513763175,104.15573865697843,16.92675756352422,1809.6967707477813,True
788,M5,63.14629936909922,0.7468750916074547,99.91345227338833,15.266429015561426,1802.7039429754032,True
789,M5,64.08827058665578,0.6356112938674469,100.40836296250063,14.723210995930074,1802.4917618511074,True
790,M5,61.82147808674926,0.791041712411266,100.03296653869702,14.090257973449106,1811.295209860716,True
791,M5,61.0333272145153,0.6952144688949273,100.24218260074704,14.187429848302916,1800.021681672448,True
792,M5,63.015639830493825,0.6358348287741962,99.60110789206178,13.432876161161591,1796.229819215866,True
793,M5,60.122315063366784,0.6613204015554807,96.60700518254964,13.27274229485027,1805.2397326295952,True
794,M5,61.333959757363964,0.6957942328125136,99.33256916864032,14.874847187187106,1781.834406321621,True
795,M5,61.918152547599135,0.7647043793099695,97.27510901002988,14.188537195205445,1766.9464922591226,True
796,M5,62.079271079219446,0.6518645757031629,97.51336627609652,13.801167275716203,1782.5647029963616,True
797,M5,61.79103556671075,0.6906088993486218,97.15090674436561,13.862897849903092,1789.0338142866237,True
798,M5,61.23538519747656,0.7231712241113151,97.77423318247179,13.464454012988398,1801.0602461311803,True
799,M5,64.17690728196739,0.8106114089519689,100.57596245655853,15.058803845162808,1787.6546144873553,True
800,M5,62.846659244645444,0.8030988515242595,97.36487425251906,14.520601785765066,1800.7013701289286,True
801,M5,66.6013472503616,0.774970056268134,100.16317881557322,15.50924069494746,1803.5107619906103,True
802,M5,66.25052531269327,0.8423601220656577,102.02236386642875,15.52011731725561,1800.2781440237436,True
803,M5,64.94326667639254,0.7728153369335423,99.56065493046215,15.175045068644746,1808.8830654910964,True
804,M5,66.24823761693884,0.8108300311350012,103.3432877088211,16.332576038609638,1808.1604700265289,True
805,M5,68.37424063928732,0.8380353462562384,101.34339225826878,16.056765807821805,1800.8330532513482,True
806,M5,67.91392673453112,0.8122042134353719,102.79274221661426,16.064392585118547,1813.0958228257298,True
807,M5,69.09235129417954,0.8237430772587351,102.54346587144326,17.230019906985824,1814.0070775814745,True
808,M5,70.1236839091715,0.8479275587389314,102.70645263792402,15.13902896544336,1811.0540095066135,True
809,M5,67.48149027413575,0.7925390358215969,103.18431792026894,15.691102499359964,1812.3750817394528,True
810,M5,67.27950361942237,0.6981981829907837,101.85626991785745,15.239300836300254,1815.0717269625566,True
811,M5,66.53764167864915,0.8602762665064476,102.80184082403636,16.888696686596262,1804.9351776116348,True
812,M5,66.56607854888114,0.781882970131681,96.73835018482373,14.771743288060838,1798.2014468495424,True
813,M5,65.20059540883784,0.7426713408849408,101.20806010588257,14.504366242766123,1793.9381067378895,True
814,M5,63.18919158053502,0.8029660883624532,99.91123420790079,14.706190337490662,1794.3241915203216,True
815,M5,62.66619811610098,0.6642587254293526,97.98775724930621,13.777711574466847,1807.2195249328513,True
816,M5,61.24707789589462,0.6671408244538611,99.1927375552987,13.767650968356458,1789.9062649507273,True
817,M5,61.776704714887195,0.6686332046433835,96.07159951435858,13.987430308898967,1790.4011006090698,True
818,M5,62.85869007941599,0.7262323464655587,99.6822859344914,14.59681291593151,1791.8320934288263,True
819,M5,62.391405885687135,0.7496418309657844,96.657049782019,14.153895600845553,1765.9202283986028,True
820,M5,63.86301514715134,0.675150744986277,97.88757981462514,14.413652511624411,1796.0909635023272,True
821,M5,62.77040672574589,0.6901541030535061,99.19161863245714,14.113814793541724,1796.7091460012562,True
822,M5,61.84812244439277,0.7020711529582139,98.60647436303208,13.590079045252601,1801.223820751012,True
823,M5,63.19138767160139,0.6749531429727379,96.7259560824783,14.030468461466295,1793.5375538159487,True
824,M5,64.76626766101447,0.6876345977739156,98.08984545262439,14.725642012510953,1806.5630454416928,True
825,M5,64.80797651280848,0.7438310685450593,98.03296741093212,14.419385121566135,1806.3947377990344,True
826,M5,64.37683340120223,0.7150351973815007,100.57285449158512,13.461334020188781,1812.2575289031804,True
827,M5,66.08894331836514,0.8485734043262709,99.01129639453882,15.993144479441723,1811.8932718851104,True
828,M5,67.49774600892172,0.7857886515453162,97.88585026121605,15.871334701681477,1820.5253902919685,True
829,M5,68.43146669066886,0.7953842418908108,98.91797028683423,15.16740687865383,1820.9326337336875,True
830,M5,67.73850150639373,0.7468685741763117,102.15500275680556,16.141369032424162,1800.457179483022,True
831,M5,67.68864390835014,0.7682798606656405,102.92508795658024,15.695849525972926,1824.222271583376,True
832,M5,68.54018511227116,0.8489412389415992,101.16226061690917,16.903415021304045,1788.7463112142627,True
833,M5,68.17257807393366,0.8106136501372315,99.85210286556153,16.659539184716667,1824.5772470848697,True
834,M5,68.18443439598137,0.8451690206228878,100.62614220671615,15.724814192427608,1823.3532389881038,True
835,M5,66.05484792536811,0.7448687191106658,98.11724629248462,14.448552897465818,1806.6696749881064,True
836,M5,64.59636874458269,0.7733426038149324,103.35976937445396,15.191088875998853,1819.2169671274385,True
837,M5,64.66361196660365,0.7427750301224476,103.7101465995832,16.162510675187598,1798.4876391786186,True
838,M5,62.456300010330416,0.750188981062742,100.04712815147161,13.563323828073571,1801.3118672121598,True
839,M5,62.10275404896439,0.7080587997004061,98.7207946157766,14.25459645056008,1796.9466280766894,True
840,M5,64.37718574555781,0.7955681050450333,98.5886796257634,15.384890592260634,1777.2001345450958,True
841,M5,61.56885861623631,0.693805808023097,96.33912361997359,13.717339999908027,1786.12485234229,True
842,M5,60.08895444799554,0.6727102220265525,97.26741816629854,12.762414734036051,1788.5057597043472,True
843,M5,60.62300777350445,0.6604176926146215,98.3361533571041,13.727981083278143,1786.2137209484106,True
844,M5,64.12512600227925,0.6835777745852104,100.64845232355823,14.177284951115535,1775.2934507935647,True
845,M5,64.1640897824935,0.771806312696973,98.17778667501287,15.978006858895784,1775.2906425269737,True
846,M5,61.06214480052226,0.7193427839671644,99.11824193884016,13.575604783985748,1785.9019416210726,True
847,M5,64.18834105422363,0.6432343603754215,96.05272894472535,14.378759474070868,1803.3349537924548,True
848,M5,62.34721099210169,0.6493880980446599,99.37383772002374,14.340871026870076,1798.0869440630406,True
849,M5,65.6645267546967,0.6987503101069386,101.91803694515905,13.767797606791305,1819.7504742360113,True
850,M5,65.66719656318617,0.716789526563608,99.01916430522562,15.498848327685188,1805.3067687069977,True
851,M5,67.57731887480423,0.8322344266882872,98.92655971859901,16.10859464682192,1825.3450382944625,True
852,M5,66.04724737844165,0.7251189360273141,102.38639579700666,15.449077733964021,1809.3726596119382,True
853,M5,66.02057044437312,0.8086030598310749,100.48651298127314,15.016652105490701,1808.6442305574535,True
854,M5,69.16960761034422,0.8011369671652334,104.20285556300517,16.043246800459904,1821.863746121336,True
855,M5,64.71829506037533,0.7786447840855952,102.33711031486109,14.784334170656688,1824.7474589868464,True
856,M5,67.22609336451578,0.7481789936584051,101.07285413746858,14.752344810841311,1824.303441247273,True
857,M5,67.29199788189212,0.7435645700072476,99.12040898526253,15.032095230854418,1810.3877497472363,True
858,M5,66.04047543437183,0.8098085113183857,101.28689276506456,16.09574835066558,1815.3638146918177,True
859,M5,64.79199626270724,0.7657701036045613,100.25929788261105,16.10655840239933,1827.0940058934423,True
860,M5,67.70365178973238,0.8525625690780861,102.2874478507694,16.010488932799596,1804.8267682568905,True
861,M5,65.12434230210248,0.6814772350891698,97.38252461403961,14.327015508272162,1806.8209088980743,True
862,M5,63.185177353365724,0.7733078985386304,95.66345008655625,13.897379305439452,1819.2051594295258,True
863,M5,63.38716551542874,0.7308841627680286,99.74701482207986,13.37525826817245,1800.4582691294618,True
864,M5,61.698648993149334,0.7145858237638171,96.13585318148333,13.70822823734975,1792.5270809876683,True
865,M5,62.11838402988588,0.7637542200629392,100.05039551240202,13.054294267494228,1785.9803767861658,True
866,M5,63.19986197822387,0.7748054890148682,98.90723894652264,13.968578613141862,1781.687138570713,True
867,M5,64.05637501229164,0.7276467954044387,95.9441492449725,14.609681202721756,1786.864199120804,True
868,M5,63.797821786179576,0.8616947347726783,98.82307091914392,14.485416051968842,1793.7527403578454,True
869,M5,61.352350376071996,0.6942538778969881,99.75518585862298,13.128535052595844,1798.825029819362,True
870,M5,64.4251272499052,0.64267115602266,97.38621850620221,14.720768732180721,1772.5223573094208,True
871,M5,62.626375991500936,0.745542721849546,97.36543714492782,14.715567558667383,1797.1349467047812,True
872,M5,63.69841895693181,0.678371344025849,97.60276143692568,14.07424017329962,1791.5722029151145,True
873,M5,65.56472180290494,0.7896821451539157,101.9439275352979,15.724619631622247,1792.4687698702658,True
874,M5,65.5631120175084,0.7458015402770608,97.07817662610198,15.548291527451035,1823.7893665249312,True
875,M5,66.68181788883189,0.7155800824770248,101.5737890279855,14.584789277495778,1805.0594057275705,True
876,M5,67.54013783817452,0.8914494235099037,101.29291169573682,15.944810972095853,1807.452271034498,True
877,M5,68.23107149710609,0.8752118611312156,106.26549402828398,16.07153143842177,1821.3050802080181,True
878,M5,66.64971991354886,0.8340292690916457,103.65315033784519,15.919236281705016,1813.4432139718997,True
879,M5,67.28466243976882,0.8031271798542494,103.97562501857225,15.462848171623577,1820.7938210712105,True
880,M5,67.72763542760856,0.8273719065902022,103.44373537241518,15.186421969945911,1811.923702130459,True
881,M5,68.52264784953462,0.8471342649004121,102.70943804594478,16.77529548393908,1803.8952689506725,True
882,M5,67.43030803433116,0.8076429512113502,100.95981925192457,16.094732945869726,1821.5519624009983,True
883,M5,66.45141688734954,0.7712845472273195,102.69605092411983,15.434698171908575,1814.2713882485984,True
884,M5,64.66607317080849,0.8187591547282846,98.36952573575971,14.166977315170785,1825.500693513178,True
885,M5,66.7698740888942,0.7813668926923955,102.905799855071,16.079352353984167,1800.9044443630153,True
886,M5,65.52262001044467,0.7431094429502312,102.29182166242467,14.96787789316598,1797.7872737213522,True
887,M5,61.14942064724595,0.6987964823939059,96.25743195710135,14.028984754159719,1787.9959589616908,True
888,M5,62.07011236251697,0.7473165060594881,99.28230920964924,13.965606444450085,1778.569598762304,True
889,M5,63.73455219224174,0.7353727994620718,98.62889249623444,14.251711548859802,1771.8513781726974,True
890,M5,63.35436893264588,0.7938598915174198,101.0775381418771,14.392232716818485,1781.4073857920935,True
891,M5,62.38092843106742,0.7434816482972072,98.38167892458989,14.240749489792286,1792.6491509813757,True
892,M5,61.50555353233967,0.7329556145857318,97.88022194261683,13.690164699929726,1792.5727073774658,True
893,M5,60.2612660259085,0.7427465771152333,99.67525006384459,13.270545434100214,1792.7437559306172,True
894,M5,62.151910258476306,0.6795733106374191,95.97164294059363,13.866782341942633,1804.3604498109082,True
895,M5,62.456653996660265,0.7427823394855638,100.26885836827508,14.396925927973014,1796.3203981183522,True
896,M5,64.8456052302093,0.684246013979935,98.8516467805869,13.786043239718422,1802.6150274060385,True
897,M5,65.37783540243221,0.786764413066719,99.22560029432009,15.602133163190594,1807.9867431811629,True
898,M5,67.93041611610396,0.8179418745969823,98.28910066462328,16.695038314466768,1792.3881883764589,True
899,M5,65.88973372164828,0.770884384715961,98.03901585133761,15.334708275708348,1817.4321173911073,True
900,M5,70.46557500173543,0.8968552953677853,103.80120138197508,16.887985152474585,1804.0145179380838,True
901,M5,67.07409737758876,0.8412659074196434,103.24125942546289,15.134600396848397,1804.5527026781974,True
902,M5,68.96506495494862,0.757942704175229,99.98299763910678,16.10301765337588,1816.4563289763462,True
903,M5,66.85579572569661,0.7752918096365959,100.24248369395937,14.98050861888151,1825.5025974008522,True
904,M5,67.42046663194813,0.8240705848966617,104.31450290685281,15.325878953758336,1809.5868751085768,True
905,M5,68.42714614183582,0.8631818853828764,100.46055868555538,16.53662809033513,1813.1926719716275,True
906,M5,67.47380685924693,0.9152743618107757,101.11836294707003,17.016400054297442,1817.8315631487112,True
907,M5,66.87243100109606,0.784591187248856,97.82972898689968,15.16388911739662,1813.709025761047,True
908,M5,65.69462317447028,0.7402687615582371,101.55466822923067,14.933284783290778,1811.1968604102367,True
909,M5,66.18231537510475,0.7654091914088285,103.00414922375693,15.891353196056961,1781.7261248797315,True
910,M5,63.883907247101234,0.7171340044519312,98.20064258446938,14.225733376871835,1805.1661914410108,True
911,M5,61.46539496892546,0.6856717425974096,97.37731652669568,14.434717983338949,1793.9443673964336,True
912,M5,62.53289127441403,0.7880836803666273,99.04668114830493,13.439604949858433,1806.1246360187247,True
913,M5,61.9785575743038,0.7088959976955856,99.81236347321627,14.365375222541227,1795.3504655157924,True
914,M5,62.76739433105714,0.7273889073060372,97.70406432332747,14.52685697960158,1773.4707569176514,True
915,M5,63.74792223127095,0.7613210053985066,98.86227738511727,15.49695648435091,1780.2173850025895,True
916,M5,61.37462598272453,0.7695096837614888,99.38346103902332,13.369445556463583,1796.3247940936199,True
917,M5,62.73236264075679,0.7432259461731229,96.25850880953149,13.367092920579479,1786.021825724495,True
918,M5,63.701679886539544,0.7549758011187352,97.9126660144595,15.073890096158447,1790.605191746417,True
919,M5,64.27057239357718,0.7343425432402252,101.94083072371961,14.739138911446734,1787.8214991905002,True
920,M5,65.14492576616516,0.7902405095731726,95.42216079659109,15.450196774082452,1783.9494531917271,True
921,M5,64.70010104542726,0.8071431930569984,100.43321427078817,14.3552127484283,1805.7467027248815,True
922,M5,66.58874536722657,0.8846119424522306,98.81836879766185,15.530664027008962,1800.9021709804247,True
923,M5,64.66610896551579,0.8203442849187068,101.0930830405682,15.455273663728748,1824.0021703682098,True
924,M5,66.13955358144747,0.7841501707017257,99.54866419621177,15.629489196806531,1806.293678985914,True
925,M5,68.10804812788561,0.8392602268142226,103.95325176679657,15.419678516173521,1815.2080551445629,True
926,M5,68.03474009382138,0.8077217507435491,100.99604977753101,16.376625625668986,1820.6115153974488,True
927,M5,67.22600469223002,0.7701907027777529,100.8073542647675,16.540840325386892,1808.768925330999,True
928,M5,67.79374070924375,0.852732921206618,104.3770821550317,16.53722814915355,1816.3034780393768,True
929,M5,66.83408819612501,0.8544443200317264,100.82296247287124,15.060414146363977,1823.5192101582843,True
930,M5,67.1739178570344,0.8396150472612499,103.62005297710625,15.11532041029218,1815.3434894464842,True
931,M5,65.27976306194549,0.804821042717886,100.38366703355094,15.105987156801335,1809.6472203889248,True
932,M5,65.06561573559286,0.786857234887214,100.40646509450839,14.134769532641098,1799.0439772353482,True
933,M5,64.87108636750322,0.7656351192971365,101.61384519045022,14.976050174756116,1800.2001166973064,True
934,M5,63.35828454655698,0.8269886982868875,100.38280783917659,15.30323940285317,1787.3878654645018,True
935,M5,64.32457829414918,0.7979079203350476,97.8171168618364,14.54085735660258,1782.6938336547632,True
936,M5,60.640899762570385,0.733004651197935,94.20912593835963,13.327045216683377,1795.9721449435665,True
937,M5,64.24820355788218,0.8325009653855423,98.73254372442175,15.94454316725741,1786.7783038668128,True
938,M5,62.064416605931456,0.7429790042300395,97.30067782174623,14.785937083480041,1797.9205851801814,True
939,M5,62.002814885398834,0.7106042373121891,98.50694467537639,13.676334495444904,1771.040367035092,True
940,M5,61.55971011687046,0.7458240464494074,97.43697825432592,13.929175322309137,1791.8129315965055,True
941,M5,62.72386939398362,0.767392771242765,94.80771024121579,14.24681001315736,1772.5389797537916,True
942,M5,63.19421103613256,0.7483002903323103,98.31793104071654,14.052729587364917,1792.4018945989474,True
943,M5,60.570014426711424,0.6543357845839608,99.61480522004483,13.293704109308536,1806.4376043696636,True
944,M5,64.21007763658542,0.7635982422476703,99.04437407764371,14.000621858562775,1801.4033351513717,True
945,M5,65.74341440888372,0.7878302177518084,100.34961002643679,15.446826814304048,1800.0994448701722,True
946,M5,66.26552367033473,0.854657797839015,97.45850600160365,16.17331583262602,1792.1055712861953,True
947,M5,66.2467411485644,0.695747156352385,96.78849853552391,15.93845508524016,1804.439813271757,True
948,M5,68.87131351191069,0.9230706214321154,100.12046189995209,17.67620889884392,1801.9238228749618,True
949,M5,65.90704575573572,0.7655945793348853,99.52789400705456,14.427630020951227,1809.7082638542522,True
950,M5,67.32371522264071,0.8341705576779471,100.57690196160767,16.69966978100171,1805.2925345945491,True
951,M5,68.43702318154351,0.885911576149919,104.99052051500595,15.207955504539388,1807.3497868557968,True
952,M5,68.03932714343017,0.773732904372272,104.74332442850628,16.06471661107776,1820.6074527727108,True
953,M5,66.00902865070482,0.7316905327404261,100.03260356208503,15.499793604090591,1817.8607820649422,True
954,M5,67.13009692494144,0.8320788489320866,102.11042865790871,15.411833300245346,1811.8003462802028,True
955,M5,66.17564653445257,0.7810649985853794,102.10381714008736,15.122819128793534,1805.761735465199,True
956,M5,66.15233122221508,0.8392770232770763,99.5696326823727,14.80760704274379,1803.0930017750654,True
957,M5,64.86611270279454,0.8052850244940781,101.06504860744043,15.44110048183923,1801.9875850224366,True
958,M5,62.25312085040691,0.7026826892677995,98.21372052526542,14.02050141491932,1803.3734410877591,True
959,M5,65.83138624160847,0.8110316671495745,98.13362399520838,15.617865296192512,1790.0532949546628,True
960,M5,62.314688901067875,0.7888845169633628,98.88359792503314,13.5553671038221,1793.7922005717314,True
961,M5,60.16586821282083,0.6008171122385658,95.2464164671812,13.071642871917396,1789.9506342974967,True
962,M5,60.845142542378035,0.6889344080371752,96.99771298190326,13.433200827655446,1799.1694107189346,True
963,M5,61.869162113191706,0.7681528244223091,98.6797248266029,14.613392860568537,1786.3908074491721,True
964,M5,62.01458090604751,0.7602460457303443,97.82069577495149,13.654620800866935,1781.5308010900735,True
965,M5,61.2699645243794,0.7364132517712099,97.88358065552077,12.57239213200565,1805.3231506765717,True
966,M5,64.49102233575512,0.8117354019486391,99.14610837281735,14.487891188646067,1790.5762067236167,True
967,M5,62.9866037269845,0.8005827689908745,102.86834794827236,14.525852393829425,1803.3589565788914,True
968,M5,64.5241612899667,0.782392326121646,101.08245245343394,14.00147099447887,1797.0763710762371,True
969,M5,66.50941772828428,0.7911555287702607,97.8865728434032,15.367148109055673,1804.6060652605477,True
970,M5,66.68622726918613,0.8412035547458335,102.4589232541996,16.6515440842293,1814.0747308442963,True
971,M5,68.09160181883723,0.7982848233355804,102.99339983203582,16.817971573900397,1805.5041398267053,True
972,M5,64.95834672432173,0.7655176992448786,100.01441767043576,14.901758517068613,1812.2921153013297,True
973,M5,68.78561971087247,0.8079626723950827,101.44461143682611,16.617129695454754,1803.7639963866739,True
974,M5,68.26597301366401,0.7939880277072031,104.64741703929012,15.33234624425149,1810.8489020036866,True
975,M5,67.25391101974341,0.8688351759840324,98.78050711455445,15.862531398344665,1805.1365370638339,True
976,M5,67.22120148774397,0.8208849993439052,100.19486164598102,15.597526689220983,1817.4115641601409,True
977,M5,66.82683420933407,0.8258853534877639,100.35459849974018,16.428594331851173,1813.712297175616,True
978,M5,67.97459593497818,0.8382811697107401,103.40832497225254,15.024978702614053,1800.9804396501245,True
979,M5,64.8096823050467,0.851892088803259,99.71361362214137,14.36918077584887,1818.891935087955,True
980,M5,65.92756867569354,0.820983985379417,99.93090197703809,15.315188692268551,1798.1301810584346,True
981,M5,62.90252012495303,0.8066428237259726,99.78458454015282,14.626511206274868,1803.335229909979,True
982,M5,66.15771880206611,0.8241379831764746,97.43655095550402,15.3150186946434,1801.2896964899921,True
983,M5,64.58223424601233,0.7759477209065678,97.72684422246888,14.721259101447538,1777.8477864198323,True
984,M5,61.650689938383906,0.7547555659524677,96.82245948095402,13.28424850208181,1785.0460215763528,True
985,M5,62.73438546707903,0.780959278583157,99.14781648733896,13.824500440141474,1774.0986152464925,True
986,M5,62.92420232073783,0.7646917832053988,97.34488756138373,14.11069870009728,1797.0587806076321,True
987,M5,62.09209314526992,0.6710102044236342,97.08287105684126,12.635983920595555,1799.4407032479771,True
988,M5,61.766939766737835,0.7784631651210298,97.8697860907904,12.806770588634647,1803.1382854480066,True
989,M5,64.23935583834749,0.8026876527980016,99.09440455455233,14.039807610578961,1786.041972028396,True
990,M5,62.80939172062515,0.7689923703991862,99.82762643995031,13.678706555235669,1788.1700041242264,True
991,M5,64.52709454810497,0.8298292821984071,98.9914658315695,14.780464159580015,1786.4803841838955,True
992,M5,65.73085348250483,0.8114565520678585,99.02559220994286,14.289888467286616,1798.521440417082,True
993,M5,65.69132264724854,0.9185848803510408,102.71769217127581,15.001851576357893,1786.8029355629694,True
994,M5,64.86579535474546,0.8333749089644145,99.64936249480385,13.814315878085484,1789.3510862557832,True
995,M5,69.23899978101305,0.9046733626919373,99.95871212540065,16.67420513023808,1785.5315197734376,True
996,M5,68.04633373474657,0.8748716694402362,101.49892461293503,15.68828320033947,1789.6005359368908,True
997,M5,65.59482852691625,0.8556341755751719,100.58079824136868,14.104829080029434,1812.928075006126,True
998,M5,70.28500311656072,0.8768397922236899,102.54442299586698,16.154352828749676,1801.8066505971715,True
999,M5,68.0843728067125,0.9060948060192847,101.06182420261315,14.808884816564523,1814.3886776480908,True
1000,M5,71.64680381819059,1.0093397682289456,103.14986904511568,17.642360046236245,1792.65242105069,True
1001,M5,67.4063513460309,0.806502418990681,102.6862559142781,15.143927053188172,1824.0600468946632,True
1002,M5,67.97626550564547,0.9348157827272235,101.87858227678453,15.577547655606176,1798.7990373253642,True
1003,M5,67.43192199422111,0.7892261310491243,99.83728513739044,14.424138019533066,1812.6363905390062,True
1004,M5,65.80655777674353,0.8404064264867803,98.28930715108015,14.921481359632455,1813.0138707789563,True
1005,M5,66.33990816295935,0.8867913590250953,97.49329019335727,13.926922423061455,1784.897420625089,True
1006,M5,65.33545964055463,0.8223153657736151,94.97685701290457,13.699542153487913,1793.7336359413455,True
1007,M5,64.00895956736873,0.7137254743118234,98.66953658114396,12.456797027482464,1776.3579044219236,True
1008,M5,62.569130917754514,0.8270278112381784,99.24455368356716,13.011041460856033,1776.6085652272343,True
1009,M5,62.165041079198716,0.7380506252286665,96.24505422628378,12.95637173984565,1785.6716637390864,True
1010,M5,62.352700390535816,0.7900045657365813,99.42842768742989,13.035434150218228,1779.4490117118487,True
1011,M5,66.0102224732645,0.9165790039684373,99.71079629368764,14.474032418872293,1770.46147088908,True
1012,M5,63.58213289495372,0.825871662144991,98.75038524541273,14.054963837236182,1767.817430296725,True
1013,M5,63.42249937931509,0.7230431009612153,98.08454086906205,12.855018571330032,1798.1497497983758,True
1014,M5,64.31658364226185,0.8425793724987496,97.8587978192269,13.059344007522805,1785.949107245692,True
1015,M5,63.49014927406059,0.898859265243138,101.95534103839962,13.788640802078008,1777.8573738477903,True
1016,M5,67.16472816329033,0.8463379836759894,99.68776512367734,14.754848865985833,1795.5548632980679,True
1017,M5,65.32928475706319,0.8618806580753177,100.92457328356879,14.50166166229096,1780.0011341438703,True
1018,M5,67.67870942756056,0.9079500845829539,97.98190851117029,14.5210455624648,1798.6629119525787,True
1019,M5,67.16216040238832,0.8993910569297993,102.12007762026958,14.603010213398058,1793.1716817086972,True
1020,M5,68.29250021105611,0.9259232286006072,101.13291443847227,16.5474295238312,1793.7529178769062,True
1021,M5,70.08392360291415,1.0180771975286913,104.51748966188956,15.57766765954003,1783.8299796539602,True
1022,M5,69.04875883961695,0.9147006502131546,101.29954464771856,15.598082309190735,1803.5774776457674,True
1023,M5,70.96697771364298,0.9994194545462729,103.6405036075325,16.50712630027063,1801.173791257859,True
1024,M5,66.53960198208732,0.8470674449118611,100.96342953101251,14.164888449868013,1815.2263890264078,True
1025,M5,69.2495120972029,0.9215126043905839,103.55112143544116,15.75711041720902,1785.847041874176,True
1026,M5,69.82984058062233,0.9370459865773337,100.9654020263902,15.859995684498468,1799.1340833321656,True
1027,M5,66.88393447576428,0.8438253073943762,97.91109239405293,13.801470508486442,1795.529729296885,True
1028,M5,66.42175249941243,0.8904272737728909,101.67550622500859,14.918456829571426,1785.9127648528697,True
1029,M5,66.60773140870141,0.888203332290827,101.0421045082143,13.849202096019768,1787.2936596805057,True
1030,M5,67.0525538967526,0.9251740507839117,101.45755760033478,15.064102546367385,1773.8144247171197,True
1031,M5,66.73975374639141,0.9017601476334118,99.0178012762261,14.5132923386665,1774.9175440127633,True
1032,M5,63.67489460339769,0.9042302665014146,99.62141788090896,13.144851926902552,1777.346031850868,True
1033,M5,63.85822112776454,0.8833941213005082,97.1126885065629,12.21620210447415,1787.2743015686447,True
1034,M5,64.34658896057704,0.877192339511093,98.33773561131761,13.189973618567938,1768.0621917331791,True
1035,M5,64.43739424829245,0.8715727469070499,94.1188175414843,12.026649024612881,1765.5793351068155,True
1036,M5,64.49003070352833,0.8037914582445869,95.25362835638691,13.760883834087316,1769.181948231529,True
1037,M5,63.90351232926995,0.7748988689024426,101.9683164180645,13.646817212369045,1760.548238979867,True
1038,M5,65.27032130999618,0.8225807303384925,99.27387526351266,13.234037397730317,1759.940760996046,True
1039,M5,64.00517728490517,0.8886101913344808,102.24418809349264,12.609260688802985,1788.4704161912432,True
1040,M5,67.43483012456578,0.9494283103259304,96.80938341951045,13.848181840484633,1773.9709334540125,True
1041,M5,66.83571502404624,0.9602468733378524,101.20291390323342,14.507010512259937,1786.6300219610941,True
1042,M5,68.2188143684919,0.9288937047744246,103.27445538655591,13.973430698760453,1782.5885318603548,True
1043,M5,67.64098318470786,0.9759264114501416,101.64879190902182,14.976766261200595,1791.4980566707584,True
1044,M5,68.3212504098451,0.9554210452181993,100.71912664493468,15.664704099612383,1799.926712500412,True
1045,M5,67.98508867704297,1.034919845398932,99.11184273068704,13.690088610401386,1794.8883501094167,True
1046,M5,72.6602709985555,1.0499581670514193,104.54345741398961,15.872038434989635,1796.3420152998253,True
1047,M5,69.81671396150264,0.9749492718119914,101.47093204723436,14.61188811933581,1799.0675227706038,True
1048,M5,71.60121313967984,0.978006520071887,99.58723624901042,15.622487583941856,1789.2536295816315,True
1049,M5,71.27920805878631,0.9409835396012307,101.84672239500868,14.949918590186726,1785.1649507506668,True
1050,M5,70.56534767927714,0.9944746522118766,102.08756361735222,15.056958247689357,1801.0966281547744,True
1051,M5,68.76542119504482,0.9819518750791922,101.30744240764521,13.54712150813011,1773.0201848164174,True
1052,M5,67.70136625888216,1.0310735284715304,97.29365923418081,14.110212490986349,1785.2883901539294,True
1053,M5,69.09063219292942,0.9815565931383896,98.38952036201232,13.981478475451802,1776.975529560147,True
1054,M5,67.46085903750274,1.0348180570903494,99.7467275541734,14.341924999998794,1766.1417826908312,True
1055,M5,65.05012459694194,0.8750180514013429,100.35414587346439,12.127750822379767,1769.506182971515,True
1056,M5,65.21990938569414,0.9904131047368798,96.4502668376723,12.712347771355857,1763.1966315475572,True
1057,M5,66.7846690932471,0.8958033252548084,101.77211410789617,13.925558349010338,1749.9249290262878,True
1058,M5,65.18416003057229,0.9226345716407478,98.1184885238836,12.67562789592629,1755.3012700750376,True
1059,M5,63.71020281250976,0.9928857868841936,96.6745398046878,11.902447107264818,1765.4564032514838,True
1060,M5,65.82766518352864,0.9326704640948631,96.58172305145064,13.183470762712345,1751.7586264809288,True
1061,M5,66.23214017174695,0.9684545615086293,97.93648382301525,12.695869703957765,1756.2876399201332,True
1062,M5,65.24480649144937,0.9042852289906653,98.96666163878791,12.654420104400385,1780.9656375266247,True
1063,M5,65.47161169263356,0.9721042144357768,99.26569718610787,12.785175664344552,1764.3842188368465,True
1064,M5,69.72721086990249,1.0388377343619015,97.88119762887877,13.95116143384228,1770.6738032942267,True
1065,M5,68.6131383071204,0.9893632230529528,98.90194988541649,12.826950086892916,1769.9517766437075,True
1066,M5,67.66167260865308,0.9552826601553286,100.34927178705091,12.421111202329856,1787.6997033773516,True
1067,M5,72.30621419584106,1.1003740035043952,104.85442498163097,16.02808374674996,1777.7573793675833,True
1068,M5,70.2289383210178,0.9685837266575257,100.62277063414483,14.732565841572129,1776.392379828775,True
1069,M5,69.65171646015115,1.0412369042489116,98.6018990051813,13.764619667697637,1786.9627401041582,True
1070,M5,71.33426589353061,1.0657067494549193,104.01043574857762,14.984233297804291,1779.3223181570563,True
1071,M5,71.38199575225403,1.1001449115842727,105.60980620160828,15.118414845515845,1796.859615426296,True
1072,M5,69.90151140050348,1.0837865341765158,100.99453284867421,14.560379407242168,1784.7684907953064,True
1073,M5,71.55868842307319,1.0740429720928397,100.51297422248454,14.509193226690465,1788.105918540162,True
1074,M5,73.39067402248997,1.0972677610540427,102.11395947457179,14.45804344988342,1768.9269248554642,True
1075,M5,71.2854181491146,1.109697320985075,101.04537695118246,14.159138915257126,1771.0977755738709,True
1076,M5,70.4743278334893,1.0719198211957415,99.72924995434153,13.763235197389665,1781.039170180921,True
1077,M5,70.14384595871779,1.0375596633679476,97.43892728847052,13.947525975131306,1767.5673383719177,True
1078,M5,66.23002149247382,0.9741179474493623,96.8829085945557,10.492067505543925,1767.3439776247276,True
1079,M5,68.10810408206288,1.0460691958967951,101.31684958329646,13.532747649484687,1760.819477114503,True
1080,M5,67.18771286921805,0.9411801722853145,98.13075746216907,11.984793419833974,1750.8750331871702,True
1081,M5,66.13862008658361,0.9968460109694754,97.18125578318465,11.29853421653991,1755.3754872182492,True
1082,M5,64.50944961358414,0.9553355047293528,99.53547032971592,11.631333903401588,1768.5657692165864,True
1083,M5,67.69583984632598,0.996731261028977,100.51343372873853,11.715249323598258,1734.5290311861274,True
1084,M5,66.73114958798052,1.0815535015711901,95.82674897244351,12.348294335981045,1755.854752108846,True
1085,M5,66.48402063985225,0.9449119637338326,99.39628933148651,11.756542206787715,1752.544669721698,True
1086,M5,68.96201424106127,0.9853638539291101,97.79106721555142,13.41675545191917,1753.4895388570699,True
1087,M5,65.1145084207704,0.9830459711693507,99.07182253277193,11.273437765391414,1767.6956759493676,True
1088,M5,69.95259982090357,1.0070897194358237,97.0307661642397,12.840130241810126,1757.8972982689443,True
1089,M5,70.02278686509717,1.0061988882050055,99.3272075845825,12.868956856269286,1763.2520459320683,True
1090,M5,70.59368808233434,1.11989472224119,102.21825871811643,13.19106227719155,1763.8510475649343,True
1091,M5,71.52388580934242,1.1279781223294816,100.0039289734143,12.5915895246602,1765.4854507962282,True
1092,M5,71.27683861419824,1.0691561115417056,101.03665537342431,13.820100893647918,1756.3836630003404,True
1093,M5,74.04439546701126,1.060333458294021,103.09735976090157,14.97535184480037,1762.7299127547133,True
1094,M5,74.56355350690154,1.201835193058415,104.20439181806903,14.601216875448127,1770.5059956537496,True
1095,M5,74.01103098723107,1.1431090656501353,100.9086381626598,13.91747366768197,1769.2595884185646,True
1096,M5,72.86623776830267,1.1035975157642897,101.25678957903072,13.249196759501146,1782.2009505994338,True
1097,M5,74.4944255771625,1.2096751540178587,102.86785326691005,14.3944559943629,1769.8854237045355,True
1098,M5,71.16708955476123,1.0743397502038616,100.8452734538806,13.27734026584425,1779.0870152006858,True
1099,M5,71.75578350572924,1.003597625927716,100.61380750589527,11.576176307833862,1757.6188751203078,True
1100,M5,69.5595882918107,1.0420391203767465,98.60278834472382,12.775057640220528,1741.8618994920948,True
1101,M5,69.92386439485679,1.082334041217968,97.91281883230133,12.456250387619114,1748.7145328478232,True
1102,M5,68.07379501519532,1.053725943883715,101.35733488506813,11.807199051618353,1749.452839049441,True
1103,M5,69.74150047462376,1.0805650645054707,99.94970099286856,12.184109386204025,1731.4075346772931,True
1104,M5,69.11433713278525,1.058025547592094,98.48186568585567,11.576602808087111,1741.5839837127635,True
1105,M5,68.13737640906828,1.0404302818209727,96.38971743998309,11.032996289437278,1735.5999960167135,True
1106,M5,64.82026048537752,1.0128622193290289,98.18870590193538,10.487842850009097,1748.2907841082347,True
1107,M5,65.29036505308206,1.0602341612008361,96.89494280258472,9.262583570252533,1741.623138686245,True
1108,M5,70.85976989757269,1.1483590051656773,95.97525504141908,11.963070770273532,1724.27255069593,True
1109,M5,66.62130162468253,1.0456421147258474,96.38629249539323,9.784761811123829,1739.436889144264,True
1110,M5,69.8829662581846,1.060363941048359,97.2188541791065,11.89765686808854,1735.2494331213288,True
1111,M5,68.90920277590614,1.1382991965411142,99.39632860398365,11.464423026926376,1745.3491207891816,True
1112,M5,69.72322060000093,1.1016072292122754,97.57045420691612,11.32961378506981,1749.0661144420392,True
1113,M5,71.06755651650779,1.1021674185298844,99.52938121218823,12.406374663431128,1741.1758997282548,True
1114,M5,72.63615707297477,1.1449083829490823,100.38923274404671,12.45284723811479,1761.1799469367454,True
1115,M5,72.69712766495395,1.1138278327960633,99.97169214628356,12.838048321587458,1765.781774447651,True
1116,M5,73.61732658895575,1.2526556333464667,100.4469606563367,13.036058500413686,1755.4943851154242,True
1117,M5,75.2448556823642,1.17450350548197,100.31138994460457,12.802122631771024,1762.7178859792277,True
1118,M5,74.9586637107175,1.178568167257398,102.16401486060279,13.140400840889221,1773.0504623596958,True
1119,M5,73.90825293213169,1.2622818663706699,102.37761389277425,13.055306620991272,1761.8223922353086,True
1120,M5,89.14416286773698,3.5909209277556733,99.55780203542263,21.677817451621593,1554.2870711178373,True
1121,M5,87.32918408319982,4.238031294740299,102.2804096861923,16.34441374704035,1632.4329449324907,True
1122,M5,85.31073824500494,5.941710172739914,100.24462635402459,18.927807846716746,1535.2745497648052,True
1123,M5,80.35620519671662,6.028549627610738,100.81364539438569,18.202923783100907,1621.7519957083937,True
1124,M5,93.5838206313676,3.7303783905353667,104.70612438272639,18.37676943457791,1633.2678325286597,True
1125,M5,97.55679184824287,4.90586633720224,102.04948961846402,16.888773859992202,1502.4816970569773,True
1126,M5,72.8610774537814,1.209478021572417,101.51881552975496,12.933471074209681,1737.0556958802554,True
1127,M5,68.66570914997865,1.121333456806589,97.58728647903924,10.453623034764043,1724.3925821241457,True
0,M6,63.01776492382435,0.7219313579751312,97.82749196644839,14.966841608840845,1782.3074351198823,False
1,M6,63.29701901815738,0.8476006598283338,98.59564875603584,15.10019201138345,1789.7412214996098,False
2,M6,61.61568563714482,0.7527407471019167,99.36901039980343,13.868084928296103,1780.2771703450685,False
3,M6,61.181559031938406,0.6627359228910076,98.28359496922401,12.992051066849992,1789.6110887208993,False
4,M6,61.16202661518735,0.8284220162005614,99.73002156041379,14.259689046926905,1778.475691312937,False
5,M6,63.079294642913986,0.7894658663484536,99.91936911023741,13.799038301544742,1779.039183136645,False
6,M6,61.77085699473888,0.7214630806852307,96.47762121314574,12.937500299917918,1788.3048834215658,False
7,M6,63.85397734824565,0.7915802868568608,98.50535490927703,14.092706419863156,1795.635719127498,False
8,M6,64.6344441969648,0.7906062719823421,100.01316942495411,14.273514873059606,1784.5442605822125,False
9,M6,65.26375267443409,0.8176391460052895,98.76355892150055,15.690630555802887,1798.5817905696701,False
10,M6,66.59081201415397,0.9087252222023691,102.67705866420917,16.721211725073793,1804.7254208813408,False
11,M6,67.24546749730516,0.8487766259101276,101.60722271691037,15.778162763709044,1803.7400264693174,False
12,M6,67.78830338490525,0.9056697042453444,99.60392423670214,16.93174150165205,1816.975149491866,False
13,M6,66.43866574698814,0.8887022943031259,102.6560110354306,16.2996493374476,1792.1018790109274,False
14,M6,67.22085925950158,0.7685814640780134,104.1573628969597,14.925638362737313,1812.0556543204004,False
15,M6,65.86115999911559,0.7826913156049978,100.65341508685503,17.425576657196956,1804.5680677256053,False
16,M6,69.98071645141864,0.8525411305524511,103.85522761613008,16.47965662752628,1822.6615364780284,False
17,M6,66.27331245899799,0.8855612228041482,104.90373604344646,14.887706504634762,1820.8333441875845,False
18,M6,67.87515722461835,0.8720248793140996,103.84687963724812,16.40565023987687,1793.5830011653968,False
19,M6,68.06295862316094,0.8325464835143191,99.36275843060005,16.39445077503787,1812.2088523387572,False
20,M6,65.86272934772849,0.7868293498677108,100.4355212784569,14.68845842056236,1811.1123047906892,False
21,M6,62.35082536299073,0.7517330742539583,100.13407427953254,13.365358577812849,1809.4858046972863,False
22,M6,64.30587084486564,0.817302566982687,101.164124809098,14.58856866391849,1795.0094243638941,False
23,M6,62.87045772842858,0.728038179780586,100.47503142004857,13.249644414812623,1802.6767933524495,False
24,M6,64.5251531555187,0.8719354755924957,98.93346046390802,15.561461307515511,1793.1982997297887,False
25,M6,63.06128802777211,0.7851291983342652,98.46090874397501,13.992322591303422,1773.059996818844,False
26,M6,59.888468472260456,0.7747283571038136,97.13705368303984,13.554085294184777,1782.9936130674653,False
27,M6,61.281214054731144,0.7494968716105652,100.96666032538899,13.850766938005924,1787.6075932128151,False
28,M6,61.146418815041685,0.7573174242091478,94.4167214070892,14.302981305183517,1762.1633420962462,False
29,M6,60.32769899469652,0.8173197666795189,97.33334780938965,12.798927890436508,1790.3518006868649,False
30,M6,63.16436879599164,0.839470702914313,100.29905696591398,14.602059157748727,1785.488044921581,False
31,M6,64.12419702924724,0.8056258878126837,99.23491164525815,15.053307908009176,1782.1933307948318,False
32,M6,64.93859300808867,0.7711018502006765,101.20237023877614,13.611097335160569,1804.440733556425,False
33,M6,63.91426565302357,0.7771032454191262,99.7035336430538,14.113967059199892,1793.960761228491,False
34,M6,66.52052788465905,0.7598310132029593,98.0166918177371,15.891235960587265,1807.0795194495183,False
35,M6,67.596476626226,0.9031079170638223,99.93617791371166,15.812893853561746,1805.9190953373484,False
36,M6,67.14807030277922,0.8241776665881613,100.13222496097711,15.03216015553003,1825.6899941225931,False
37,M6,68.28634319493017,0.8081433827445904,98.80805432390285,15.024909731934011,1825.4687627602282,False
38,M6,69.79254295254563,0.8493709802653402,103.84945428804167,15.988652911144237,1823.5282044844655,False
39,M6,67.1500852595815,0.7695436808866887,101.73189652342643,16.059638891183557,1812.4818084862104,False
40,M6,68.64654748734287,0.884717691858963,98.36774638118506,16.379599414852784,1806.881189243098,False
41,M6,67.52032765232717,0.8404387757332731,101.20640008665157,16.376627241969462,1818.523751111131,False
42,M6,68.08890121017531,0.8203809070012694,99.84761121456987,15.542839506701,1818.7335161012636,False
43,M6,66.11331003855356,0.7970112675298184,103.45567827505924,15.798786303953461,1824.2138405735764,False
44,M6,64.07188956741456,0.6841165648922479,99.06595957101192,14.311442036298939,1826.9367330389287,False
45,M6,65.1245834234662,0.7906675080758883,102.26372057049348,14.838607734152623,1788.1212123646922,False
46,M6,63.93924048973307,0.7397292505282956,98.75311331929171,15.343942170526434,1802.0597850837466,False
47,M6,65.16445126251307,0.776111258890122,99.39417622885051,15.46128778018275,1789.107621130683,False
48,M6,64.67370491145375,0.758412790590389,97.120478655844,14.365724936834413,1771.9759808232352,False
49,M6,61.71717679883172,0.7321097261250047,98.8459572023838,14.126762051010113,1797.9036903706183,False
50,M6,63.105650557750145,0.7600029369963383,98.78442974372513,14.411942119889533,1782.707653233841,False
51,M6,62.30822801390433,0.7692350982088485,97.59521691050391,13.384063561850057,1771.7335828199991,False
52,M6,59.92690023251554,0.7378113829357313,96.92316291007073,13.859406418071513,1772.3577164019032,False
53,M6,61.60437391748618,0.7964747325685945,97.44809259873543,14.686697140968766,1788.3242694401147,False
54,M6,62.52381171226613,0.7449446027600582,97.27295855773026,13.643375775739269,1777.0642928901912,False
55,M6,60.410614941185855,0.7955246570088088,96.1950823725532,13.78487615287687,1785.721205626185,False
56,M6,63.96721039531556,0.7948360359499247,97.49365306994932,15.58274700636179,1806.113751801521,False
57,M6,65.31310446415642,0.8070173576369858,103.74742673833887,15.870171369934832,1799.2192042010593,False
58,M6,66.33054883984703,0.8514507759265597,103.30902447406886,16.405871214739918,1797.8208491743942,False
59,M6,66.92221084751998,0.7936911308199247,103.640675257889,16.05470731389527,1798.3629305016407,False
60,M6,65.29748701425855,0.841154183307872,100.20782218621741,14.600110438584608,1821.9604579433908,False
61,M6,67.37900330005571,0.7319754761984297,100.70572754414792,15.472886953032363,1825.1755097068567,False
62,M6,68.88368655851642,0.8678390740717813,100.1953769371561,16.811662780520514,1816.6700382608726,False
63,M6,67.65343049080658,0.7843699905753955,100.94746578034008,16.3957880943188,1812.885242359736,False
64,M6,68.48184614354831,0.8826430608067458,103.20301932635488,17.4304060666623,1803.6396658471697,False
65,M6,67.69323179876035,0.8822546985935708,103.99972159216925,16.956569436721253,1808.3035166639454,False
66,M6,68.04323729011138,0.9005830196250593,100.21597988057209,16.512080011773254,1801.6317788273088,False
67,M6,64.14611416421336,0.7741553651510891,99.24383472980766,13.79144111107627,1816.8042927873078,False
68,M6,64.97689488198377,0.7693731383372385,100.41273726298988,15.031191413788997,1812.355532357577,False
69,M6,64.66775348901493,0.7721535020618326,100.72704470445629,15.21523130577078,1794.499710898113,False
70,M6,66.49070794544251,0.9171458077357841,104.18634451847765,15.641107627858142,1800.3906176446364,False
71,M6,62.375850329697315,0.7459296550077023,96.61038317426964,13.604960762222161,1797.993887792104,False
72,M6,64.15165373300637,0.7751884283952917,100.75835200317756,14.639855576889717,1789.6240437115703,False
73,M6,62.138155027351516,0.7530171931298425,95.51335293690985,13.217615748881032,1787.777785800163,False
74,M6,60.46769926951117,0.7359071745036675,98.34011688989423,14.001116786116148,1788.6015762449608,False
75,M6,62.627613754236194,0.7925952009401759,97.32652590499711,14.104172484773684,1785.4071465411046,False
76,M6,62.185381092321954,0.6973612386891135,97.27480645560625,12.788072056457294,1794.3722157109494,False
77,M6,63.096688673146524,0.7809605946041087,100.8252974996063,14.919960172427974,1785.8356371717189,False
78,M6,61.76708778179724,0.7646061781927763,98.30232667978039,15.391517698553757,1793.3314977834996,False
79,M6,65.64207637778512,0.7590340027848966,100.98059982376269,14.835100235033135,1786.556118150918,False
80,M6,62.09056500075951,0.7565489024956491,98.08011184553379,14.584279182464549,1803.6387357177764,False
81,M6,68.07262158222693,0.8466296139289317,98.82150794571746,16.06772873699878,1786.4262107559766,False
82,M6,65.44839724783779,0.8349684065336872,101.77117894102408,16.172344097931383,1817.4603513569969,False
83,M6,65.68276224063968,0.7788835562092146,100.1759327984423,15.07448455833862,1813.491812681161,False
84,M6,67.08520277469003,0.7859846357451985,103.98861495757953,15.612619793192271,1821.3068947324798,False
85,M6,67.12275933854937,0.7816745331995396,104.42836447893596,15.340072840986563,1817.6291676927722,False
86,M6,66.44597592451538,0.739220318961497,103.61089377933477,15.365017007253234,1817.8492556922558,False
87,M6,69.05421286461097,0.8743423895068716,102.69219504500684,17.142237701083058,1829.7044631939302,False
88,M6,68.05138376341856,0.8268145115635555,101.27324981415583,16.194099007184338,1820.9672286278367,False
89,M6,68.38233831192035,0.7997038486467802,101.51129773943498,16.266015647860772,1810.668008882427,False
90,M6,65.43055438838961,0.8185521215501081,103.19543262542355,15.599949578812478,1809.81479526743,False
91,M6,66.24056716973978,0.7733034243465697,103.91586184511591,15.857295279055696,1805.9133310413015,False
92,M6,66.18985722237981,0.7329097854846298,101.03864486267189,15.009628352755431,1801.2474808379336,False
93,M6,65.09134567932061,0.7656996180814502,99.82920686642385,14.12758079255902,1792.896881412108,False
94,M6,68.26819503420879,0.885901469135572,99.41910056761802,16.680423587175778,1796.9763257282443,False
95,M6,63.60328406170351,0.7975963048728694,97.4069695140817,14.366307239181209,1804.2771022653565,False
96,M6,62.33003507155427,0.7303452354402366,99.31919840288184,14.154755157622203,1790.9805174558114,False
97,M6,62.713920794344226,0.7802161936421725,98.9775228063414,13.927707104932782,1786.2540565627846,False
98,M6,62.60411910439276,0.764485370625364,96.35325772940259,14.112751248587651,1780.7266939118815,False
99,M6,61.84547583929736,0.6492328135329295,97.47264974545284,12.766956851218948,1793.2336992649389,False
100,M6,61.53335253621187,0.6932706850565052,98.76866733494107,13.659034476731886,1780.376002808702,False
101,M6,63.73459484255,0.7488298199161127,96.67980903245248,14.730008031396,1778.8015385077772,False
102,M6,59.42552076897168,0.6811152555408703,99.27890862546398,12.506416404709407,1793.0639594907097,False
103,M6,63.55982961525167,0.7373484519436657,96.48538544415138,13.96734731584921,1786.0046921104333,False
104,M6,66.99657566773521,0.7844558527241909,98.30230352772749,16.230706621536008,1771.7543296260146,False
105,M6,64.3171125314249,0.7286034683443849,100.39546810593404,14.158960565589487,1798.698344507297,False
106,M6,65.65115159808464,0.6928255320198329,101.59726501354525,15.328490987335398,1808.5962037345214,False
107,M6,67.59681552043826,0.8281005374372521,98.70085935200083,16.120182643000344,1812.973737282425,False
108,M6,66.11631765687902,0.8569520465590308,100.53504592246004,15.36756017203874,1803.4977843548947,False
109,M6,67.32725877505256,0.8421530853133875,100.65715270977391,15.946855556433315,1805.2284049502434,False
110,M6,68.29452452840403,0.8984013467414158,100.96160258172623,16.219693501782245,1820.1371754031752,False
111,M6,66.20109484568425,0.7759252741023036,104.09836714693144,15.20700410456803,1821.0821121585775,False
112,M6,70.41400658878433,0.8784115632907847,102.66883870991356,17.40830907232319,1790.8210221284708,False
113,M6,66.76805723454376,0.8686753823760593,103.72585291071202,15.385179340778253,1815.8384391318564,False
114,M6,66.42496748187367,0.7498649234794623,98.9130763248462,15.383947564736086,1826.596736798571,False
115,M6,67.2144859715915,0.8679169463385527,99.45032729944016,16.998839902780386,1818.8132882085479,False
116,M6,66.9209396520631,0.771106876883027,101.05795846282355,15.30399018616397,1794.5372475693173,False
117,M6,64.90644640009205,0.7632603247080731,101.74938326830578,14.545926264228715,1803.7957767143616,False
118,M6,62.78470142550003,0.7224245852964659,99.66512231730545,14.08402038652997,1798.1748728841387,False
119,M6,63.676930015373244,0.804698235417071,97.85273827760331,13.204204098605532,1797.0796060880696,False
120,M6,61.85239062428417,0.7022371511038038,99.88009977639148,14.224050813581913,1796.2836130447697,False
121,M6,64.27105572518329,0.7782057215578577,99.07814732034457,15.598834173288068,1779.1033769756275,False
122,M6,62.113952242406896,0.6896158565712562,97.40935796458314,12.915430168929106,1797.222921390157,False
123,M6,61.13442762514671,0.6996718273028247,94.68081511673073,13.329588691141954,1796.7707981425726,False
124,M6,62.316944674067365,0.7348012587480396,100.45257037622173,14.045403105648507,1776.551685846233,False
125,M6,64.06618574401037,0.7738217699094039,97.20557530717493,13.90150301061467,1793.9464405193396,False
126,M6,62.196901114226144,0.7061461402517338,99.86595341209205,14.550615796935062,1790.2029345104106,False
127,M6,62.386810757821905,0.6777432448684425,102.22061577696951,14.528725348111571,1796.081608245732,False
128,M6,64.51990485231731,0.753426563394785,100.22816213442589,14.99005878294929,1792.1311538852945,False
129,M6,65.01512389490425,0.7527755742943031,99.70486023286757,15.135750844650984,1805.6976698811875,False
130,M6,66.33914023189728,0.8179928730522276,99.57518844131096,14.89047475901517,1806.1621931875654,False
131,M6,65.87983240914593,0.783166925284202,99.80397703417033,16.381854121809155,1802.824583288447,False
132,M6,69.85491253178286,0.8004008368190361,100.96391779539042,16.60531975514015,1809.4901064540552,False
133,M6,66.5658534884755,0.8990420447309538,103.06280974482546,15.661225350124878,1814.4070975575498,False
134,M6,69.14043336674528,0.8700470943164447,100.80890585341122,17.51053727336347,1813.7326798193262,False
135,M6,69.22700585849422,0.8460074120338228,103.75986435576391,16.575908118873638,1820.4460491732161,False
136,M6,69.3342562924098,0.8711525644928323,100.66837782553662,17.096599529570977,1815.1300862639846,False
137,M6,67.70408866914799,0.8548752599248449,101.48121083378852,15.647290780279647,1811.2162230863198,False
138,M6,67.10005780517045,0.8257159756894948,101.75975826570534,15.459169896699079,1805.0748414708169,False
139,M6,66.11636671191164,0.7703000335359478,100.67702167600216,16.097880506862356,1813.785263179367,False
140,M6,67.16554772945983,0.7859337142959135,102.21773027829994,15.636502007542262,1812.626714501708,False
141,M6,64.42475506634818,0.7039386919100203,99.11028742429758,15.013740723631635,1796.1997901978773,False
142,M6,62.499526034239395,0.6856181449023231,98.16895451974267,14.04207340216827,1807.325215669774,False
143,M6,64.51698843085461,0.6937401457734867,100.0801214570546,14.288222237732084,1799.8587733348277,False
144,M6,61.495160534549846,0.6674965642065982,97.75396694690659,12.802232137957763,1808.0237088993656,False
145,M6,62.01760380810617,0.6778691571348417,100.95585665393993,13.977558673087676,1786.5721409305625,False
146,M6,64.05834516757812,0.7605853170150807,98.59845606387546,14.4946249198746,1780.7621311654889,False
147,M6,64.14417504156057,0.7439095213852865,98.63660704247232,14.796204626925181,1788.1755010697607,False
148,M6,63.09873813764416,0.8090657309233179,94.92472285133422,15.508877204803106,1766.3052792874835,False
149,M6,63.54172606636482,0.7043937209548207,99.91635067744969,14.248424647724587,1779.8943604408937,False
150,M6,63.48210339012115,0.7506943246431017,100.76485227660442,14.401924973060025,1799.3864589490224,False
151,M6,66.55507660638538,0.8078922598387608,97.99706630129901,15.938299664204742,1795.184114632171,False
152,M6,65.05351832670941,0.7451254733001117,100.93240007029105,14.482505022445851,1806.750534570409,False
153,M6,65.08066025528585,0.7633710790223023,100.90391057358127,13.968382486124552,1800.671330963913,False
154,M6,66.82922236362673,0.7707960608108172,103.02587848329142,15.933493308260717,1796.822894255717,False
155,M6,65.19442080244568,0.7761709229630186,99.6649656360781,15.513238828367788,1809.5162904561844,False
156,M6,67.20291260696355,0.8144812309215648,101.70023257877354,15.927811886092373,1800.7161837962674,False
157,M6,67.80849947803226,0.8365759809269198,100.64824012916579,16.583514426139672,1818.5705361712248,False
158,M6,67.94073662334259,0.8444994236085773,103.14238918388976,15.921948063638064,1824.3944194341502,False
159,M6,69.37244229485754,0.8582963541195878,103.80414275722109,16.004937015054146,1832.1681522995036,False
160,M6,67.64913729399976,0.8613871122973707,99.75377935514624,17.350283727354395,1813.9994363006952,False
161,M6,66.63759114632697,0.8487880850163994,102.12585319781206,14.68644583810602,1819.3620389603536,False
162,M6,67.53704870012756,0.8316156299248948,100.28525180249437,16.00094331687683,1815.9234049984755,False
163,M6,66.92131215613382,0.7449341783305543,98.19382311407307,15.590595131386163,1812.1116778043672,False
164,M6,67.40002275097139,0.8195091858721575,99.50115403914641,16.138333043776477,1791.4951879081455,False
165,M6,65.07845031812383,0.772084445750221,100.81287260250637,15.340518271239675,1794.362081586675,False
166,M6,63.748134252115584,0.7442715158235689,100.46747526415103,14.305570067914825,1806.4696912727456,False
167,M6,63.04836781470239,0.7243346393647087,99.0927260638164,15.06166968973938,1802.2553120785258,False
168,M6,62.66740146073186,0.7044962869947883,99.3288917033892,14.718678719543464,1794.4362479530705,False
169,M6,61.92184976096958,0.6861092864491164,96.98080239782448,13.082962758625714,1784.007297108852,False
170,M6,61.64234727593827,0.7347409708420849,95.346048670417,14.430433328863737,1788.3884252747212,False
171,M6,61.197605398860404,0.6793960848678193,97.86667218525835,13.124101141471547,1797.6559668397565,False
172,M6,63.01300231934782,0.7576366426107162,96.92201889133105,14.562138798318045,1786.9665309064687,False
173,M6,64.89934137094741,0.7160168093648047,97.65934456434954,14.89507800359512,1790.1382911723542,False
174,M6,61.611599929266156,0.6191028608536919,95.65548648155827,13.391480976805745,1811.1083392344387,False
175,M6,62.91526818050101,0.6982852698692107,98.13321396162938,13.701229007688088,1802.3424008182387,False
176,M6,64.15506088242638,0.7300600633845251,100.75111036647073,13.829629373470489,1798.4868336713791,False
177,M6,66.29736466897327,0.748437423676377,99.01310524479443,15.284456594021986,1793.0959626722163,False
178,M6,66.31224140799921,0.761265275368902,100.68694990754149,15.833656942432373,1802.341312042676,False
179,M6,66.1991203369269,0.6996512439179282,102.2108565401079,14.717915599705217,1811.61270308019,False
180,M6,66.6966071358951,0.7774162567554306,101.35171119637062,15.800913320342026,1811.5720859061737,False
181,M6,67.48326011680442,0.7803302971996913,100.56358737679346,16.448982718726402,1813.7858154387197,False
182,M6,67.12021572646614,0.7614190772892757,99.02766835339357,15.435744866223096,1815.409477816579,False
183,M6,68.10142611943576,0.756279788289573,100.31055112351844,15.850624812438527,1805.7613201733416,False
184,M6,64.97790964207954,0.7648281193160268,102.67422219867049,14.369620117501357,1823.4687858063573,False
185,M6,67.88788893805217,0.7988225194061442,104.59079429404596,16.15707091175422,1811.4571152717913,False
186,M6,65.56857266871845,0.7713057275977425,99.3703131713136,14.947865733584617,1815.5782149815618,False
187,M6,64.61462596173067,0.7098256323552719,101.23265321440327,15.635460871196365,1815.5539821327548,False
188,M6,64.65735687367395,0.7764132812049246,102.968355052704,14.685817787607652,1811.497865784612,False
189,M6,66.50072669057276,0.7672471050680785,99.28057705071059,15.974012055059854,1795.5368209886242,False
190,M6,64.39806360352658,0.768489035015038,98.64492671724445,14.952596933255506,1783.2375841786927,False
191,M6,63.28895256543552,0.6558743302423548,99.10889504326357,13.229710604989485,1809.4731071182111,False
192,M6,61.018413227931674,0.6952048970903899,96.03815753962026,13.660982466895163,1789.9981449659688,False
193,M6,61.4935441728618,0.674048340398201,100.49071890648779,13.088415312329035,1794.669410885802,False
194,M6,60.87401592890697,0.7086029198081025,97.71371372452366,13.93496919450407,1779.7354500681904,False
195,M6,61.01441278063858,0.6172298616386459,97.34304446432036,13.713439215436688,1789.1572045410892,False
196,M6,61.45602689195383,0.7024269482516957,98.55123740842804,13.037887962255388,1796.6755067397053,False
197,M6,61.71442912744083,0.6861764286216381,99.44047439133064,12.385573547193747,1794.4974727478948,False
198,M6,61.54368500470405,0.7173101757869177,98.2620758774249,13.665569601360795,1804.202352027843,False
199,M6,64.61778989089233,0.7451617962505215,98.47926103537385,14.32607237602134,1796.2543647809678,False
200,M6,65.63724131526558,0.7443331365731488,99.71812372001268,15.23759291719048,1797.3780434728164,False
201,M6,65.24757181326676,0.7935529712479669,102.27001652455242,14.693363821163105,1797.907814103984,False
202,M6,69.49224437612783,0.8654168071126507,103.1366636436469,16.993801770551503,1790.2255131345696,False
203,M6,66.6196355253694,0.8561746945166427,99.48199611143858,16.217825821685043,1807.0381722588656,False
204,M6,67.71087647210106,0.8863417644720619,99.22647728796713,16.02761035409761,1817.456104690407,False
205,M6,68.02440043758985,0.8240751206505128,104.352465152939,16.056577315400038,1805.071931468131,False
206,M6,68.39142972517934,0.8489607077528531,100.42295284644642,16.00616164649876,1810.4520935012715,False
207,M6,67.43476939524749,0.8258947329045901,98.29011800030864,15.536661252035257,1826.0636723878254,False
208,M6,69.85251678483768,0.8057983613726357,101.25045808018614,16.58919575885115,1810.9897315651083,False
209,M6,68.46923690712347,0.8224360836469893,100.67833331092588,16.158537247051513,1822.7865758571627,False
210,M6,69.14589565884809,0.7641964224744567,100.83464898736212,15.257204762147694,1804.1806229617034,False
211,M6,67.07320495988475,0.8181878082531351,101.15778747040136,15.145774385955544,1811.7291879049255,False
212,M6,66.57453947494048,0.7934269546066478,102.36292193940417,14.938948035783996,1805.7851870224194,False
213,M6,64.83169776767159,0.7804656822408949,99.56915543841609,14.121067652341116,1793.8214476208134,False
214,M6,66.3151321739575,0.771217325540721,97.63306011005774,16.63381624016311,1782.4429734623134,False
215,M6,62.90882613981671,0.6611769268656704,97.65613156787708,13.639497892074893,1794.3670201629222,False
216,M6,62.37732507796068,0.7405256105024822,98.63050469189027,14.164481100541604,1796.809430876581,False
217,M6,61.56695720978126,0.6808077881920275,100.8817448088593,13.350774903672274,1791.4539139450844,False
218,M6,61.498299380210305,0.6397243269504449,98.84709644267392,12.96871347780975,1803.8191749209998,False
219,M6,62.263952819655124,0.7463467753536845,98.4214601258925,14.43663339813416,1781.3108416506784,False
220,M6,61.9739444237264,0.6841207080729463,91.82589593359153,12.326045930277646,1795.2716061218234,False
221,M6,60.94637851138448,0.7542161085289554,98.50225921145726,13.485248767547828,1785.1668655375818,False
222,M6,63.49123043301567,0.67073667949929,99.70470465539829,13.548095677012244,1788.5855503217865,False
223,M6,63.56520080341161,0.6564767380181695,99.11178384467057,13.822609232561202,1799.440604367482,False
224,M6,64.39067797793722,0.807779603818562,103.38327361953543,14.825875239825342,1811.345309912217,False
225,M6,65.68220754870084,0.8589845957791149,101.18443766403159,15.858712003816137,1790.9378579059853,False
226,M6,66.37892802380742,0.8541000653726832,100.74123860316934,15.629040880882602,1823.6297532279275,False
227,M6,64.23915439053202,0.7639915191506944,103.29080527496673,14.313074453299553,1818.7471969769977,False
228,M6,68.80709193120654,0.8659881052169406,103.05685827060923,16.40279656045194,1798.9152474169105,False
229,M6,68.86601875422151,0.92693689039225,101.18217449767057,15.765606129089798,1805.9661714363378,False
230,M6,68.2515627811671,0.8547506684602154,103.87112629878379,16.990605317475293,1820.2726602763005,False
231,M6,68.43133694991336,0.8861584953720135,99.00494811624307,17.166039736537893,1819.236926806381,False
232,M6,68.33962980802868,0.8076087767637462,103.7400769199201,16.438836652037136,1811.5278296224706,False
233,M6,66.77442915646803,0.7631923296526287,97.3391751481957,16.09811955479777,1810.7226766866268,False
234,M6,65.83127928789335,0.8077584603653917,101.80830954657633,15.366928515897127,1815.166571673752,False
235,M6,66.0384769173852,0.8148822649686926,100.61444325093231,15.136047778692891,1796.406666353762,False
236,M6,66.75460244309474,0.8668045316724711,103.46311993033123,16.1209136476414,1796.502834816784,False
237,M6,64.2182161009553,0.8033567276982762,98.696224911995,15.199049814302358,1806.4363628714268,False
238,M6,65.37002529012906,0.7653109727251972,99.67094736863122,14.846254583625766,1788.2432172850063,False
239,M6,62.44164185046375,0.7569145495663907,101.10784755480061,14.149861145143651,1799.054412320965,False
240,M6,59.549258024342656,0.6801023967334958,103.40864652026445,13.463789918137309,1798.2206163490857,False
241,M6,61.8802022291327,0.6941217551014861,98.7308877284752,12.660158012640427,1784.4043510270792,False
242,M6,61.08327030387981,0.7302814212741937,103.25867673873343,13.20974036016253,1786.4650947877847,False
243,M6,61.774899126782074,0.6745477063151528,99.56435563874622,13.042923439013219,1783.7465805332083,False
244,M6,62.513982612897664,0.7564882935444056,98.7431238524324,13.45337530754055,1802.964913423935,False
245,M6,61.46932376893206,0.6990952297380462,99.82639849432199,13.22345533353375,1785.5870215266143,False
246,M6,62.23475818163413,0.7691899902390871,96.51915727723677,13.369424150820928,1781.1296400703652,False
247,M6,62.49254643714205,0.7264401135572985,97.1005890527859,13.963536625501211,1787.7653742431444,False
248,M6,62.66837701028261,0.7754128095473637,99.72241979901146,13.991658190794688,1798.7702304274706,False
249,M6,64.98502363348574,0.7191654223184144,99.10022223550499,14.214817628005799,1814.3526452598626,False
250,M6,66.60270057913053,0.7649445769623927,99.92475303168958,15.533348419944478,1800.1361395439326,False
251,M6,66.24394456293841,0.759992723991436,101.16612677124381,15.599041423584872,1801.2210304324133,False
252,M6,65.615922833425,0.8146571227065499,100.60603145415517,15.937319044388282,1819.5418092054877,False
253,M6,66.8404252369012,0.8229890258111465,102.63603414952907,15.861165716388427,1821.0266347123882,False
254,M6,71.39495731541511,0.9089888857231468,102.38890955142635,18.42182452649878,1799.815405792673,False
255,M6,65.76506191400092,0.7470256832939686,102.60658715020237,14.420558973189708,1816.4859404266126,False
256,M6,67.61961270903493,0.865857818106296,102.13001627669307,16.487838685511992,1818.932322702216,False
257,M6,65.6927698029323,0.8037518707275243,102.20650395818456,15.567926447462163,1818.8635366458973,False
258,M6,65.53494873914609,0.7323892290233618,101.66358811909625,14.483464397499654,1797.6140586762592,False
259,M6,64.59724793512122,0.80659938559325,102.44277275232896,14.861800514202622,1796.3872237364528,False
260,M6,64.18740445361523,0.7212799832303302,99.80576199273438,14.100510506399274,1803.7008480785373,False
261,M6,65.72828409199549,0.8259717530910752,103.75982576740616,15.722840809966812,1785.712678936234,False
262,M6,64.77003028498824,0.8070528859496978,100.32831469796021,15.287270446310348,1788.60725818802,False
263,M6,62.99065240803012,0.7029316660836176,95.52971282294935,13.757386005846891,1799.610208635033,False
264,M6,62.420505228550496,0.75797890679826,97.35270449655546,14.149398025940448,1784.218531502696,False
265,M6,62.39308971428566,0.6997043164521165,100.37699681174306,13.250589854111633,1782.581438233665,False
266,M6,62.785498368786456,0.686239281729741,96.85529603387302,14.054579996806325,1782.401114915363,False
267,M6,61.754559562408176,0.7136278790654903,102.33064022753932,13.385000806986806,1792.2907860975192,False
268,M6,63.09452955121674,0.7922278582231702,96.47297251487774,14.859732576844465,1769.0008495555858,False
269,M6,60.537619175342805,0.7308263486279536,97.1453333022278,12.84711715246688,1798.1373019968482,False
270,M6,62.622534130908164,0.670443254546625,100.56079091117573,14.504496773330445,1777.1195437793358,False
271,M6,64.76116855996247,0.7751221231267484,98.78268562099458,15.307348959351204,1788.4465483263805,False
272,M6,63.26512457351565,0.6777084871277801,98.78516018671795,14.559076808057023,1803.6949177113293,False
273,M6,64.86196434670549,0.8118023785774179,100.41401525731723,15.075542925322607,1793.3772336345428,False
274,M6,66.10564765033547,0.7744238683297573,101.6046511802152,15.667723371552007,1811.2127798402394,False
275,M6,65.7553649349981,0.8139145983219831,97.09515583316791,15.723561866600537,1795.7470430882488,False
276,M6,67.31927907243826,0.8206754121161309,100.14546111965115,16.607757036428957,1810.9441255291129,False
277,M6,68.59519713069821,0.8081719610700109,104.63364961312875,16.835860366680134,1812.2314224224342,False
278,M6,66.96257497778748,0.8223772821560053,104.52870018362009,16.244222916596666,1824.8160263716607,False
279,M6,68.65951184361944,0.7389771832943366,103.67009519640368,16.232479580296868,1823.222175020225,False
280,M6,66.69407727452698,0.8795187876619873,101.53983326102899,16.50810738938357,1807.9720063841164,False
281,M6,68.88092376541506,0.8336660761670293,97.06465262835916,16.61436035366087,1814.8060426104432,False
282,M6,69.20432455928886,0.8072447776900995,100.26467277507601,17.035548602607605,1816.9779879554378,False
283,M6,66.27468095386689,0.8122250663640225,99.68336999648238,16.165649464946018,1795.5543740280004,False
284,M6,66.50330294448337,0.754766441977124,100.80959025784026,15.597932028073155,1809.8764368246225,False
285,M6,66.63858618801834,0.8666465778095046,101.42767222336036,16.22193300252474,1780.6804954749396,False
286,M6,65.31350746138496,0.7401748446798472,101.65927764138239,15.170933385249239,1796.2647566815529,False
287,M6,63.28749745437543,0.7190257395480327,97.60159768432543,14.29708280322144,1793.0657699084486,False
288,M6,64.39520753165094,0.7922819791796659,101.2320174892748,14.509612637304764,1779.1386352170446,False
289,M6,62.47764581338546,0.6795106251771079,96.67629921020085,13.717738232039387,1797.304565392173,False
290,M6,62.08076942978192,0.714417899945912,95.0047055247527,13.55414420151248,1797.9289656586059,False
291,M6,61.97609688437434,0.7068718383083875,99.99367870830108,14.112530830677766,1801.4340454574044,False
292,M6,63.83967931357386,0.719038952755078,97.01698945854302,13.657782413042744,1783.291531495256,False
293,M6,60.145142367630015,0.6261573666783855,97.00062172547128,12.740763357874354,1796.7367309521014,False
294,M6,63.491587473522046,0.7091792694110806,97.1742765647437,13.68475913419105,1802.6774112040791,False
295,M6,63.650148500777995,0.8133547263949833,98.86131029016491,13.98109885237197,1791.232769389471,False
296,M6,63.57666232948116,0.7141206543757045,95.73215245346451,14.231776131136865,1797.8671940071154,False
297,M6,66.14190692971889,0.8886065807748545,98.39127480025702,15.666225556168975,1793.9927886594187,False
298,M6,65.71588173217295,0.828699361658694,100.06173498017681,14.586585567677325,1804.4796488840502,False
299,M6,64.61016830334428,0.838337082089421,98.28848573532005,14.691279990926128,1807.5284691820923,False
300,M6,66.13683892769603,0.8756413024630937,101.59881880970923,16.19637655286433,1828.7569029400636,False
301,M6,67.1183962122293,0.8831172569648527,103.94000268415581,15.590859604681578,1823.8403666458505,False
302,M6,68.35011102570928,0.8331366428522339,101.23509064938716,16.408234522065218,1807.0270061051824,False
303,M6,69.39903625839978,0.8023658469293314,101.45251389689784,17.054207302875064,1820.9029844963661,False
304,M6,67.37613301309656,0.8718255766040703,100.93523322031899,16.085871518122616,1827.3958281222492,False
305,M6,68.51913015224928,0.7750747327787606,101.49151611031446,16.345743115928112,1812.601679861566,False
306,M6,66.59947449917587,0.7634949560931209,103.27049900153958,16.051606468949196,1811.0449112753306,False
307,M6,66.6732407900849,0.9407486313230679,103.78668888958126,16.27165002771481,1782.018254330746,False
308,M6,65.426735588762,0.7863780139590838,100.2176565718609,15.282648388383777,1805.6289211753722,False
309,M6,61.825264911937666,0.7194675806370362,93.87859240367716,13.930168701876417,1830.973751050406,False
310,M6,64.25625386542947,0.8227425537706933,101.46898983384712,15.371033177104158,1782.5608892436956,False
311,M6,64.01559484577183,0.7673137318272174,99.68248091755807,13.546153470191433,1804.6687941025627,False
312,M6,60.99379443408843,0.7024274143963585,99.7641617268423,12.45189519313967,1795.8174242719615,False
313,M6,62.28851673467648,0.7875710100484503,99.87357817675661,15.218185700676905,1791.8806927992387,False
314,M6,62.95247495019266,0.7333609659365,98.4102002690041,15.779564838832208,1797.1516323041938,False
315,M6,61.77948862169133,0.7534087372920742,95.95513694237913,13.729947698120139,1780.205163750369,False
316,M6,60.69277048708719,0.7064024080580205,97.80672790141125,14.239591803013164,1781.3548276151264,False
317,M6,60.41934818361766,0.6554133657549452,96.34288017671712,12.521968128272201,1799.540172654396,False
318,M6,62.10795538906422,0.7089394827594271,99.78305855956799,14.44141698851398,1788.4213471724534,False
319,M6,63.095125662857214,0.7256356062061948,100.9851628866314,14.727596348609584,1786.4504643169123,False
320,M6,63.6772825100062,0.7338486872487776,98.8849144056117,13.665562900006028,1807.4947190428163,False
321,M6,64.38213143986246,0.7864371701819458,99.46715029377918,14.587180272508526,1811.2004309160454,False
322,M6,63.919616148446764,0.6949535881317472,100.9030535342877,14.575457580068951,1799.560129636393,False
323,M6,64.34352884968348,0.7131637397925684,99.81849801631253,15.460496289501979,1817.624071978131,False
324,M6,66.30901940233716,0.8630172532313883,102.65922163651672,15.760858456275134,1816.011222138507,False
325,M6,70.43264718588391,0.7814591475448635,102.2141699719276,16.336134887736602,1816.2415158672113,False
326,M6,66.99482215860176,0.799098655714939,103.36494679799291,16.427866774195106,1808.018419612197,False
327,M6,67.36937318993766,0.7857866864135886,101.18337059764643,15.69258153119048,1826.088993924728,False
328,M6,66.40770457375308,0.7639978140573459,99.74697847881113,15.19164725527674,1814.633834155066,False
329,M6,68.34050275985948,0.859386074745808,100.17317925011712,17.619611892337552,1811.8369202105598,False
330,M6,67.25775664624253,0.6958913980853589,100.24841719747835,15.644180113914121,1821.4646340635368,False
331,M6,65.1949579199698,0.8057900901009837,99.49516231672487,15.754505960155047,1801.6079891136483,False
332,M6,64.59129488360192,0.6386007042639638,100.43418106392193,14.761785261204725,1800.5464716613353,False
333,M6,66.50399390034183,0.7599645395222162,98.67104945799619,14.875413461153185,1795.3270728647897,False
334,M6,64.00654929910284,0.7613639333183082,96.30132790753588,14.826163213234958,1803.2579463991983,False
335,M6,64.72410563179467,0.7533986837025045,97.97007685297356,14.678247054085556,1790.5722021369925,False
336,M6,63.673136518393434,0.7456031697524844,99.06696055153206,14.282091165852872,1773.2333143129947,False
337,M6,62.65455818066937,0.7671488528707824,95.98056595488279,14.918926505629159,1776.0468307828844,False
338,M6,62.50727731729222,0.6709337814140419,97.07186589315627,14.071070253965102,1788.983531646074,False
339,M6,61.4312773171289,0.6674825210550419,101.36572911794416,14.678261825990162,1774.7732837520268,False
340,M6,64.64968537466932,0.8146863905543417,100.055617873653,15.145842134477727,1773.9304011893514,False
341,M6,62.94068706353307,0.7235732516605621,96.59529527503494,14.659446273261363,1797.5366051551562,False
342,M6,64.15054202325452,0.7082398218287931,97.27366889683198,13.865634871774713,1793.3333378325367,False
343,M6,63.39515986839261,0.7862047047439141,101.37133095460915,14.630901933970216,1793.5553694478383,False
344,M6,62.98779293645564,0.7182164211452446,95.81089470565557,14.044377305478514,1798.9138132276018,False
345,M6,67.86340735986838,0.7761376623324799,100.17578421512142,15.993501642419744,1798.7873463411206,False
346,M6,64.50883077138084,0.7635898226059016,100.68068000713738,15.213054715474117,1813.2166605987718,False
347,M6,66.06192709095104,0.8029083208756562,96.43033532152104,15.256431028813614,1816.4855141135276,False
348,M6,66.04105780147795,0.7846243333110797,99.60701616211337,15.654964989753084,1827.342827948979,False
349,M6,67.92748349708239,0.8806050180160427,103.60793817645333,16.544585507205124,1817.5236650330053,False
350,M6,67.95116857543748,0.807207045562936,102.47117130240524,15.78664780007375,1805.075828007961,False
351,M6,70.49967942011263,0.8183827513758335,104.75051483058753,16.818306336529787,1818.4870918302522,False
352,M6,67.82072533536419,0.8736338878296965,103.50574337269319,16.635144771099064,1826.9742339579648,False
353,M6,67.25291949867832,0.8595707337417426,102.6594651483383,16.125157725728425,1822.536837663899,False
354,M6,67.55061440968973,0.7927686588735666,103.50824152390031,16.49106156660412,1824.1634974063684,False
355,M6,66.22135033601673,0.8012154949043357,101.23046749367424,14.873605584247382,1817.8127420819678,False
356,M6,67.0067237131905,0.8400521137052034,101.41741770350056,15.518783520464426,1807.8736963256365,False
357,M6,65.75546439149137,0.7359404643588929,99.8340499283549,14.817278074519367,1810.3771527943607,False
358,M6,63.08635357282719,0.7426358102734947,99.75726561487491,14.967257441678996,1788.3302074280216,False
359,M6,61.866479066036476,0.6745265154587031,98.92603758587644,12.63967869605248,1810.6326415911988,False
360,M6,63.065822524721064,0.7984571099884659,96.81187913901354,14.338139790879078,1785.607641312202,False
361,M6,61.53394139353563,0.6704788166377829,96.90389726706317,13.7806732113786,1810.2567042866685,False
362,M6,60.77110104136207,0.6958806993074641,96.27304610483172,13.158538045352326,1785.1576184848077,False
363,M6,61.53777370980895,0.6967029371288846,96.4797937092673,13.144808617199375,1793.19446647725,False
364,M6,60.58277286323901,0.6796158749221368,95.86396459867635,13.91341388008627,1782.132567510863,False
365,M6,63.57953335153469,0.7748176249084294,99.34914691672886,15.708636584315595,1786.9691679769996,False
366,M6,62.044501455757405,0.7063287956396774,96.74307970173639,14.46085077268648,1774.2310707552033,False
367,M6,62.62944089035472,0.8004654350157896,99.55967520366472,14.838337737130706,1777.819580933439,False
368,M6,64.10347845434566,0.7106104588994437,98.39666632561092,14.928451700269385,1804.8269694702158,False
369,M6,65.07932017177221,0.7424946839572658,100.41989951473025,15.252890081462375,1805.919824674524,False
370,M6,67.10948707228829,0.7531151833933106,101.02380641823368,15.426654705741086,1798.5521403492526,False
371,M6,65.90053572651345,0.7433581715784762,102.72303443653526,14.732858595250187,1818.2880480162207,False
372,M6,68.3549545007604,0.7668524714393179,99.41211030052972,15.411941330197465,1822.0889933400404,False
373,M6,67.11121249334138,0.839801852299452,105.05513935281421,16.84251856253623,1821.6767423991703,False
374,M6,71.34002669355554,0.9360732742374376,100.32485632679798,18.01989705407871,1809.9055294326388,False
375,M6,65.82937693277836,0.866989905403451,104.02872209091254,15.934913997601623,1827.0617148265003,False
376,M6,68.29252274502517,0.7876733223545864,103.21945594371961,15.28892832528188,1833.1089035803755,False
377,M6,68.14933507970565,0.8788388201651219,101.37506113015326,16.01245500549719,1816.264877527892,False
378,M6,67.74626158156913,0.887953262060078,101.01499692331336,17.27455380639361,1800.335412985042,False
379,M6,65.41133177166195,0.7631162421532264,101.53860458852859,14.650507198861993,1818.3423072893,False
380,M6,65.99836112510575,0.7585650300630751,98.75790886407205,15.649591712497354,1808.7637276899684,False
381,M6,65.73341304148198,0.8395708313412934,98.809371890968,14.277310058111796,1800.8281565549437,False
382,M6,66.58265560047072,0.8692030693854204,100.68075703405769,15.726060528915957,1785.3033640904264,False
383,M6,63.32925322250631,0.76670997952585,98.99818872721612,14.457951045362917,1792.509197940818,False
384,M6,62.2227414590315,0.6707279746635963,98.82024096768737,14.542543963499359,1793.0820716509281,False
385,M6,62.38003638937205,0.7131556463994683,100.91184939870413,14.919992250048994,1797.0033499891026,False
386,M6,61.87302447556972,0.6928130853867672,97.42785641393269,14.286129097543556,1781.5545746994583,False
387,M6,62.285707892890464,0.705259275119689,96.51543307733182,13.638422308528208,1793.71790232418,False
388,M6,62.30161195894304,0.6932673431779949,97.74548789247241,13.738823189653885,1791.0089410272085,False
389,M6,60.4143967097739,0.6190156719750308,97.4253611190394,13.336923005096269,1779.0673577693797,False
390,M6,63.741311719127694,0.7003912329788642,100.09062976579526,14.608898505955437,1792.6501541090452,False
391,M6,64.62760136697304,0.7746833394950245,100.64295224338854,14.886159090645965,1802.697746524494,False
392,M6,63.38910144768229,0.7455215017902873,99.85219828075479,15.07953655863694,1802.3098237549505,False
393,M6,65.05847828285285,0.6768678230414074,97.74125783963478,15.810519711782323,1804.6640663900503,False
394,M6,65.78471377260308,0.8102179934416149,101.10775895224812,15.410847462053333,1803.74322012831,False
395,M6,66.97173169615505,0.8297705136536103,100.74558307177966,17.03856090681175,1803.3867624032507,False
396,M6,67.956604056042,0.8309649348916802,106.32292048399783,17.305673643696668,1794.938435253538,False
397,M6,67.27116856789743,0.790924901877257,100.10776894252044,15.187791666411423,1811.0464544628687,False
398,M6,67.07880634807692,0.7602077644280939,101.84452923530512,15.754464666541171,1819.7625153498682,False
399,M6,68.46563090746669,0.6454719503248788,102.0796644109,15.34271650667348,1808.394725109576,False
400,M6,68.157163836958,0.8080021499657675,104.2474222200599,16.175588845843325,1810.0974472336754,False
401,M6,66.16732069887438,0.7527068619212909,100.22288046364967,15.126725956801085,1830.5013315564697,False
402,M6,66.05584565424412,0.7701341382368857,102.69884567979882,15.132926614485653,1821.4720710745491,False
403,M6,66.1507849626376,0.7914869916418976,103.30795330502866,15.813337322988795,1819.036233181246,False
404,M6,68.30445235378816,0.8925701417210934,105.42709227005467,16.644261427340517,1800.878622180538,False
405,M6,65.16726104511642,0.7911495777479804,101.70422783902377,15.432587328527326,1795.14236631971,False
406,M6,64.32130396618713,0.6944401267707968,96.6264155485212,13.746093156480022,1799.319864410924,False
407,M6,62.38318162974021,0.7249410476589321,100.01572857419859,14.630754332063479,1798.9486176285623,False
408,M6,61.9070582991884,0.652490965311694,97.28750860006743,14.711549232371754,1778.106780601779,False
409,M6,62.11758387572091,0.7425418634416756,99.62051216057317,13.45848740952193,1792.5777004631332,False
410,M6,62.349269237394786,0.6499483495813955,97.68554652307192,12.931095575991616,1790.7757185728217,False
411,M6,62.144111093172086,0.7241170542476799,96.42290532737336,14.957049129799127,1797.871358229046,False
412,M6,63.0954136716532,0.7280279144614565,93.80567942014693,13.063069384260482,1781.9006395648396,False
413,M6,63.83710885903196,0.7942439957703642,94.81485935725932,14.458614168615798,1787.954477129708,False
414,M6,62.44041487649215,0.7071558650915714,101.50735666430977,13.808188098384473,1789.977251669615,False
415,M6,63.974967006870735,0.6681552527418393,96.27361261551184,14.126412595261069,1777.8502835215927,False
416,M6,65.35247609040246,0.8072862264517338,103.10206865018694,14.58188137101548,1800.8274891410922,False
417,M6,66.72559348430427,0.8840724456534662,97.65397662347614,15.609872769640257,1788.247963659769,False
418,M6,63.2997216226646,0.6879997800018659,99.87493235448805,14.035104202997527,1817.3281668502525,False
419,M6,65.12997320515217,0.7762959811281399,102.77864204448306,15.445493986232343,1811.1515505649295,False
420,M6,66.06072147220112,0.7817417715532405,96.51356103848859,14.62285115048745,1811.4098957323486,False
421,M6,68.46634518270908,0.8681581777018006,99.07007719392337,16.603087523345806,1809.1459424948703,False
422,M6,68.34190661614876,0.8364366358863347,104.83376093700612,16.668530627687442,1801.771042194535,False
423,M6,67.92902648346958,0.8473311912967063,103.2469205864957,16.526362385282106,1800.905880848889,False
424,M6,68.78413284787635,0.8182496204360847,101.88955532375417,16.118863221545304,1818.5053319904837,False
425,M6,68.86239662056525,0.7659527559992445,100.6005829218168,16.888756223394257,1826.5727528682805,False
426,M6,66.48565690852902,0.842939086188311,99.06223192185712,16.187804290396414,1804.2941609416384,False
427,M6,68.12537952588899,0.7930144241561886,100.31117702074226,16.101604081356207,1803.1897718483858,False
428,M6,66.57505717212184,0.7477629778134072,99.4277011465956,15.210648983827141,1806.6745931059131,False
429,M6,63.09710763578243,0.7106345853102705,99.88627125815553,13.760097742736654,1812.59964838374,False
430,M6,64.73708003518064,0.752279434378845,98.69967606225332,14.407122867959924,1798.5332551007973,False
431,M6,64.87361095589046,0.7839250805495325,97.88242427796432,13.90862997169224,1791.029907449084,False
432,M6,62.29384399874386,0.6951689413962069,97.41928463050152,12.994255205317103,1782.7436359006879,False
433,M6,60.52470161259595,0.7331892276445187,100.0992568364495,13.844881865235857,1786.0862997499407,False
434,M6,61.37188506748168,0.7293867386035606,96.48729124367631,14.316957440559264,1790.5945238870947,False
435,M6,61.4911132948696,0.65780536919302,94.45641825814262,13.611329458618806,1789.1378167025896,False
436,M6,61.0776955700824,0.7624710721271517,97.24321504524356,13.646119665606689,1776.9899670974555,False
437,M6,61.373625993962676,0.6236149644528337,97.79462672896177,14.077646197747267,1785.8476386649784,False
438,M6,62.97833027922747,0.7611598000601356,97.35213414577662,13.690371622168495,1781.8473766114355,False
439,M6,64.24432059226457,0.8087043404201582,99.27545574098932,15.31847019974028,1800.4609139662023,False
440,M6,64.07888441426984,0.8473748145086466,95.95089315573823,14.219476782167185,1796.9277603598332,False
441,M6,64.91559632279727,0.7524457390258397,97.87239272570751,15.055834005359904,1804.4704890839353,False
442,M6,65.08589796654039,0.7292812290819599,101.25967799195402,14.248174432635345,1808.6354837723186,False
443,M6,67.84597286936054,0.8313919821467827,103.67688263194204,15.756435956656208,1803.5948801581555,False
444,M6,65.90524209829218,0.8102124720252601,101.65771963826896,15.89228495986409,1798.1841210860537,False
445,M6,68.64794806513797,0.8526143040360584,99.88315720986202,16.864392270337206,1798.5517585111293,False
446,M6,68.165824759406,0.85997263565735,100.56426764182498,16.003957013903026,1814.668699770144,False
447,M6,67.72564031114123,0.8730084294489718,101.71296265786826,16.56617289333648,1819.0269517330385,False
448,M6,68.28090958725502,0.854315900656412,101.07103583478981,16.34550770703155,1831.3260513795478,False
449,M6,68.71882568352916,0.7870482296342648,102.71310187560995,16.583990108778693,1807.191581985304,False
450,M6,66.43586190766086,0.8490446621571864,99.44379107128704,15.717246950943231,1818.1296446091274,False
451,M6,66.64347604309991,0.7769986560398531,100.3489800143742,16.309025704106592,1814.4003116855965,False
452,M6,67.16248994668776,0.9142114850357943,100.10854267631785,15.404003655469493,1796.1941590942986,False
453,M6,62.99963294487545,0.6665438658313735,99.62528721267921,13.507072121242157,1804.873415395724,False
454,M6,65.87591234059893,0.8965613718765334,103.6958003474168,15.491513922292638,1769.5527580928194,False
455,M6,64.01502330806103,0.740830089926576,100.52983174592094,15.237352205505658,1794.4019245989914,False
456,M6,64.08120835443553,0.8022443279434188,98.28878248896046,14.674162608588723,1787.5316168718748,False
457,M6,60.88082204354424,0.6624112238187828,99.67819092412992,13.039818265056303,1777.3107541775078,False
458,M6,61.8758557962349,0.6909063074757653,97.83367197746753,13.634895392062598,1802.9315731090542,False
459,M6,62.6030163986186,0.7083836031653059,98.10196048321936,13.766913959569424,1789.0584779177123,False
460,M6,61.5088518194167,0.6849508332794861,97.17148789484231,13.412215094229056,1789.5561630393668,False
461,M6,61.620806503047376,0.7718499753210353,97.44695424892272,14.321555778378587,1774.013947679091,False
462,M6,61.20434138949399,0.7042047384957616,101.03094640445626,13.56793233200987,1796.6892896414322,False
463,M6,61.94603519766291,0.7695677535606799,100.59487673830536,14.13252032507602,1799.0956243083976,False
464,M6,65.04633240168057,0.8059765685358063,102.50788826789966,14.862786882017405,1788.8867228726922,False
465,M6,62.7842956717056,0.7640914066805627,100.26365048326656,14.591182400554235,1815.4420479522134,False
466,M6,66.55664168750397,0.9114891218885031,101.47865087962357,15.897941157623578,1795.4036391501281,False
467,M6,65.54170782881918,0.8400260624169642,99.33585123391862,15.939291783974092,1793.9586347783716,False
468,M6,67.18761582358577,0.8831924289613291,103.30385758814117,16.761731970728928,1823.0765441022415,False
469,M6,68.29213495337271,0.8067580429269493,101.6084794605431,16.903113500179746,1799.3148645126323,False
470,M6,67.71916920977495,0.8259555525144114,101.86775702828686,16.220575316058973,1816.6260313612063,False
471,M6,67.28774661333429,0.8894351382483832,102.82001937827069,16.030174278608772,1821.4686364959641,False
472,M6,67.78172605361712,0.8498945946835271,103.83942463481367,16.006334100657988,1806.075759121056,False
473,M6,66.1745802818437,0.7910470363049457,100.73796360875734,15.535291111571121,1814.3388916155209,False
474,M6,69.34862776448206,0.9056317033452178,102.9798211732996,17.38790125516125,1798.3158878161473,False
475,M6,66.8872685716751,0.8336756050716445,99.92077237802096,15.781099253148298,1796.3613054452294,False
476,M6,67.23792478162342,0.8240066943258848,99.74805851194311,15.532764127084445,1792.572256891538,False
477,M6,65.9974624746403,0.772719327594363,98.87619108986632,13.777348737643456,1806.0525320425306,False
478,M6,63.102408444777005,0.8166126065336615,98.98575710015449,14.366933726179381,1801.156238279955,False
479,M6,65.15002895322995,0.7482759042350453,98.33640916052799,14.471883080756733,1790.4966307789289,False
480,M6,62.80875556096818,0.6808993469556673,99.40414442551999,14.401241099516437,1792.7837461341612,False
481,M6,59.974567978711924,0.6496193480969683,96.85141761082829,12.327066008805396,1792.258895826863,False
482,M6,60.442536003996466,0.7416805533084692,98.69337437669299,12.9340337912852,1776.3798198553573,False
483,M6,63.37023413686478,0.8500212194753395,92.94443981513889,14.992932796654607,1777.8010234901878,False
484,M6,59.31517607044908,0.7101182320055696,101.1062278702832,13.396625909294045,1786.5672296234438,False
485,M6,63.61459964967463,0.7756333574620975,98.6783131259474,13.383150741617277,1782.1669851353595,False
486,M6,61.625908366173114,0.7429771634620314,100.18939476568261,13.770390578197985,1798.926866063666,False
487,M6,63.332774725607095,0.724307716845873,95.05113760081753,14.369753569663628,1802.9145454125091,False
488,M6,64.57439654122383,0.8147439503986303,99.66537014154379,15.444491216168013,1803.9371476664762,False
489,M6,65.11201734666356,0.8231698127549757,99.63967705290263,14.905796538778766,1780.2832908166822,False
490,M6,65.65282207794195,0.8638470302262949,101.4141886210906,15.696996656895323,1797.6715741237579,False
491,M6,66.04558877609279,0.8267977211304293,100.44493463992303,15.483358359072682,1810.1010527197434,False
492,M6,69.49491682010485,0.931424003758773,99.94629231498485,16.465157551566094,1801.9448012702755,False
493,M6,66.95327467120885,0.8002721498392041,102.90976333155928,16.33973611216472,1830.9563989970668,False
494,M6,65.87980122492495,0.795904698140385,101.0015788115919,15.216383639403814,1800.8444712001801,False
495,M6,69.1822597760561,0.8697037176186055,101.65616509136389,17.789328099632527,1791.8086861207453,False
496,M6,66.85647795751265,0.8820899304472527,103.53737862801215,16.552302858061854,1819.0165199952553,False
497,M6,67.87315217258127,0.8908261818699956,97.97868022872022,16.15025143306042,1821.7217657931558,False
498,M6,69.43009764422057,0.9241403591017728,102.01292408956121,16.910255867118526,1810.467820473988,False
499,M6,67.20621799161157,0.7632942188719113,106.2077324673446,15.337930465158188,1807.058057176566,False
500,M6,67.2628745057421,0.8572607085008823,101.50260327473107,15.566368292018254,1794.4891702941247,False
501,M6,66.17872706124946,0.7779669830132427,102.27703777856246,14.44671100937976,1805.3095342417093,False
502,M6,63.75025252525851,0.8027442178323262,96.84679888009983,13.837113887440658,1816.0710740174661,False
503,M6,62.75854841735155,0.7356213726415423,101.64335637187519,13.620859228287248,1794.7090707266584,False
504,M6,62.29889737228489,0.7839649914340375,97.58485209088798,13.407910288175698,1792.750180497641,False
505,M6,63.384834213231265,0.7817871972075842,96.5056076737022,14.198858439192607,1784.433405661596,False
506,M6,62.841815126521844,0.7666740587487458,99.42895394918403,13.71803655590852,1770.3313928557739,False
507,M6,63.03526151861823,0.8603714866052525,96.61003671688447,15.151754644998096,1792.6397076882527,False
508,M6,62.277209646932086,0.733034162280144,95.94510113496767,13.637410847220377,1789.9324027923985,False
509,M6,62.417951296776515,0.6839078024553562,99.37435032876697,13.194697563741984,1772.2024342652128,False
510,M6,63.014790424930744,0.7531664043400373,102.0356962365363,14.152554932593723,1785.4953996814786,False
511,M6,63.46612937570355,0.7414155508253738,97.3127071559807,14.534018074934593,1806.6311751802648,False
512,M6,63.97301114532923,0.6764439654412798,96.36496485094274,14.15061877266787,1809.9642678872765,False
513,M6,64.85251549438976,0.8134245401784033,96.83092553250029,15.072962815609106,1790.0153742316925,False
514,M6,64.59898471315176,0.7966493838320634,100.08009849318489,14.827807006868916,1804.1001642867527,False
515,M6,66.28469940517839,0.8595862982603103,103.05008761518035,15.665198676692734,1805.2168813065284,False
516,M6,67.29372055498625,0.929984262525037,101.45534053207602,16.438557092344197,1798.197031673721,False
517,M6,68.39845287468668,0.9067048121983793,103.26527077087125,16.258599882697965,1804.173531333104,False
518,M6,66.92520732676738,0.8100022211480317,104.6700437246189,16.49901388610616,1816.1478730126498,False
519,M6,68.4783783664778,0.8961204291944468,103.00519767817491,15.968852294574702,1811.2074014126247,False
520,M6,67.47738568599388,0.8429130686598123,103.07517389086503,16.7840839902441,1805.9635589499333,False
521,M6,64.95585995977305,0.7869316032201209,102.24320210525948,15.38609779345828,1807.9650100359024,False
522,M6,66.7522374846787,0.8078652860602826,104.32144427412429,15.432482829319861,1821.0435720415467,False
523,M6,67.60508309218784,0.7971101594829506,100.79296350753243,15.538248230043315,1811.9240882975323,False
524,M6,65.54615154113573,0.7665471643052149,97.2329780651497,15.121156103963676,1819.5975931636456,False
525,M6,67.8914269526351,0.8210129926562474,100.06167233005948,16.011590705783465,1787.6138291167938,False
526,M6,64.75014345933695,0.8173211143902526,96.38725454873139,14.342969184445476,1779.492855891987,False
527,M6,65.88937291307244,0.9004591914486226,98.37414389437888,15.620430207233012,1788.0279016185425,False
528,M6,62.36288950805055,0.767752566809213,99.40833362317163,14.668227499194607,1789.1540979146678,False
529,M6,63.71985640259367,0.7491959821342501,100.03102007852897,13.066222099260441,1790.2972603890041,False
530,M6,62.67682389823519,0.695216846880609,99.49037712141036,13.56512683799219,1786.2987756005953,False
531,M6,63.38555907870976,0.7955176902795772,99.82763813612438,14.499519682949698,1782.9275314509823,False
532,M6,62.54622102847743,0.7954835009282012,98.81179336116787,14.397455047989961,1795.2750289798291,False
533,M6,62.61915877211417,0.6471705828836303,94.78570711987379,13.250674540358773,1778.3378218841133,False
534,M6,62.15492764008723,0.8204416518894696,96.64947717082158,14.32391958894274,1791.0837767641356,False
535,M6,64.27295112098129,0.7900528883952865,99.27784083267046,14.189090267066542,1786.0742078851642,False
536,M6,62.241898023545176,0.8132521761587876,100.36737594679052,14.822699777809063,1788.5663898642924,False
537,M6,65.64146908999557,0.8476264643034421,99.53358443670302,14.755217668258506,1794.2605664444718,False
538,M6,63.85841650549048,0.6848676873816716,97.9758128481505,13.573314429713426,1820.3812190313115,False
539,M6,66.18393183041258,0.8424893034391334,98.67709100209645,16.508040299533853,1804.2213928079973,False
540,M6,67.95290475848468,0.8639308830426947,100.39106517446443,15.33856534167308,1823.465954402494,False
541,M6,69.1112366940716,0.9098861306706744,103.43682376204627,15.836195713329634,1832.8946419921172,False
542,M6,67.5569462694165,0.824349779925705,102.18111421069312,15.596823323203292,1822.5165510074507,False
543,M6,67.05367009550233,0.8229741830908783,100.30084778483285,16.218025416231722,1817.861618158541,False
544,M6,68.41890164580843,0.8379349768481079,103.081546562076,16.576608212204803,1816.282511938604,False
545,M6,69.27091979339203,0.9283851357796681,98.77780382293145,16.57154771222349,1795.2149925778215,False
546,M6,67.70115164794716,0.909325360380608,99.56970035430787,16.836938098331352,1805.8909637110655,False
547,M6,65.65420886325033,0.8264495568226208,101.1669429937008,15.647919977485389,1810.6741735401858,False
548,M6,65.62636192899348,0.8199701174458857,99.63773237212506,14.842258048686537,1813.1551541047422,False
549,M6,65.85728940451322,0.8205187643480485,98.83714494519815,15.556047396269285,1791.8786718543151,False
550,M6,65.18598871138825,0.839530854861418,97.2208216303364,14.653016317392114,1785.380144745614,False
551,M6,63.289355201012235,0.7876779758587149,98.36054157624164,14.839137682826284,1792.051705904669,False
552,M6,65.88075337738127,0.8432782219681805,97.52137176994499,16.163701525385598,1774.5222243355456,False
553,M6,63.34521566319897,0.6796232642986301,99.26411700466987,14.550427000646481,1787.6835369225778,False
554,M6,60.35842307265613,0.7332509225942674,96.54159337973388,12.309354695840302,1797.1510826790852,False
555,M6,60.8785863336059,0.7935496900014685,94.74550534213222,13.765980337714968,1783.5051672356026,False
556,M6,61.816797600306856,0.723980467933841,99.20291274759705,12.72131868270644,1794.2171390505346,False
557,M6,61.36435787119092,0.7175973684032063,98.63366447039262,14.043268005406462,1782.502613788083,False
558,M6,63.23760496240955,0.7506993190091559,98.40107679795089,13.730771583350228,1784.9771702036956,False
559,M6,62.76360343248091,0.7866384143560509,100.59007638342212,15.054593046341456,1794.2895633628114,False
560,M6,64.7099400596094,0.8456433567960397,99.49504837762072,14.9886935207352,1787.8039003279239,False
561,M6,67.03508705671733,0.83127889960641,98.69234091024384,15.154355772707703,1807.8504042757377,False
562,M6,64.19329735453867,0.745258819853787,98.23715156709909,13.759940661020199,1804.7484332122317,False
563,M6,66.13879455697794,0.8626225107136447,100.03368649940295,15.930540269380982,1813.4968309542044,False
564,M6,65.7304749291839,0.7564428184098663,102.35807543771487,14.930383706904214,1808.8931010683357,False
565,M6,68.10849836064115,0.8297204903348391,99.25992545109153,16.004005029815676,1799.5786459597543,False
566,M6,68.68896684953786,0.8698328529968409,100.5859655150615,16.433888055150984,1812.5799942927576,False
567,M6,68.71456727854643,0.8756902339375473,102.71052005771683,16.881250381005238,1800.343146842921,False
568,M6,68.93823321961722,0.8963411721638542,104.9997975571274,16.814979545182343,1818.9210191534407,False
569,M6,67.07533546393344,0.7787582863295449,102.90043294171792,15.583333388840783,1818.0526158358512,False
570,M6,68.2845228249703,0.8821403276598132,102.58721264950226,15.927545701229407,1811.8744288797625,False
571,M6,65.12721116522877,0.7760162745406682,101.74793082849135,15.29964436911759,1803.3494038951244,False
572,M6,64.41316967881188,0.8254500382962047,100.2978599140438,14.728479298006029,1810.5023791619326,False
573,M6,63.450929446941764,0.7366916551461792,97.43174169241686,14.843400711403923,1799.8853396189365,False
574,M6,63.221180886653215,0.8041450554593883,97.38202512847191,14.97727130883926,1796.7091665150945,False
575,M6,62.673287863824484,0.7694964184495364,98.37963165643357,14.302801255096856,1792.413624739314,False
576,M6,62.81055064014991,0.7941369174858486,96.83754202219302,13.790233999560499,1783.7567589713271,False
577,M6,62.84897954246929,0.8092653919021588,98.45246343017716,14.282508786604714,1786.3607791604306,False
578,M6,61.53186275266228,0.7179308924558259,95.78134365675702,13.445092806099472,1790.7710290694488,False
579,M6,62.7134834851735,0.6988352911335749,96.22865844503293,12.790967196381901,1795.9515182019068,False
580,M6,60.965667327913835,0.7598583341489475,98.9455908340602,13.38109891510138,1790.8717473744518,False
581,M6,60.99048120139735,0.7516758147963051,98.75542638283834,14.628861496736096,1796.6355968922865,False
582,M6,63.06310736394943,0.785379914760774,97.82559448618444,14.115225103481794,1794.8475557313668,False
583,M6,64.15349494716313,0.815547856474025,100.25557902245006,15.03944680131147,1798.2492503962114,False
584,M6,65.3076580460673,0.8128014321149047,102.73589548154533,14.483116424983416,1784.5332628999304,False
585,M6,64.5609525100918,0.7757422966656531,99.19012295149646,15.41451412766694,1796.8701882573705,False
586,M6,66.17332212202199,0.7892420081162725,103.32969322674147,16.08433511391534,1803.9694989406619,False
587,M6,65.34468336910892,0.746597612619283,99.10774905701261,15.262774194232309,1796.4191210769063,False
588,M6,67.48723705711352,0.9579263917876102,107.73511432125152,16.53985152476298,1805.320436888196,False
589,M6,70.34354917062102,0.9043842999442786,103.39353602245684,17.3749070579905,1804.6393933412926,False
590,M6,68.51193929632585,0.8626178265452427,102.75395352293546,16.66006158141144,1797.2157347306081,False
591,M6,68.92566949797278,0.8955979957287741,103.56608574887899,17.232228403410232,1834.3696935255343,False
592,M6,66.58256767589172,0.8543628541784356,101.41339226316335,15.370384154416694,1810.6623335032743,False
593,M6,67.8478540038413,0.831375355703423,105.10190191531184,17.009530654903,1822.9280462042752,False
594,M6,65.87770958448601,0.7363600191204034,102.11128082036787,14.647099666073547,1803.331889438581,False
595,M6,66.32334412690105,0.8543013470919637,98.14911678182166,15.15468209527214,1790.1938407804728,False
596,M6,66.05311196036016,0.8087831668723925,103.23352568884268,15.153841312181507,1792.4267597406795,False
597,M6,63.61914559301716,0.8341384500348784,99.85221279472779,14.658595942650305,1801.0976550153378,False
598,M6,64.20005551950614,0.7356768923678548,100.26580894083612,13.987690428508953,1796.2029873434465,False
599,M6,63.40493638899129,0.737019085586589,98.58892270125305,15.392246473374005,1787.636934272842,False
600,M6,63.32874358230655,0.7639954764718954,97.13879063603619,14.522443642172345,1784.2943000967553,False
601,M6,62.262760624043665,0.6673772873925378,98.10088950417439,14.315484986469594,1805.3320893854127,False
602,M6,60.504221563769505,0.7520492655150735,98.46105974098103,14.537481360643136,1776.0069780497092,False
603,M6,60.44165262239239,0.6411515764606327,98.3467055135567,12.159064838586744,1797.8754888884646,False
604,M6,64.57152592812686,0.7896495668980132,98.7390505548701,14.637312969212315,1777.885945485671,False
605,M6,61.61585006742099,0.7340216503387732,98.9313042718027,13.030326068432673,1796.7021755629473,False
606,M6,63.12775958667351,0.7370435212360211,97.47106900118403,14.807341083174407,1783.109537537444,False
607,M6,64.43557904540579,0.8503198529652267,100.3730537928412,14.928471259867257,1787.6156013721097,False
608,M6,67.2185258992498,0.8839623767069753,101.55943606660892,16.63756195937121,1789.5002430409886,False
609,M6,64.38847813314126,0.6986453080582786,101.3443531940799,15.048418570669428,1798.3839715959714,False
610,M6,66.77154140229223,0.809784712249276,99.67262665167794,14.767959533505147,1790.7144264131025,False
611,M6,66.14028681074929,0.7901158729391047,101.79591470161458,15.990153188282576,1818.4371204627807,False
612,M6,66.79992821221138,0.8311362366516266,104.1104373249093,15.453431194999371,1819.5204775005122,False
613,M6,66.88150671267314,0.8904243905753952,99.94774506420893,16.966833562660728,1824.1920500374417,False
614,M6,68.3772877932566,0.8427724512358341,103.89239204823559,16.431527980216895,1812.960520228476,False
615,M6,67.83684617666958,0.780263072014104,98.6570004081204,15.825934377278449,1813.6339463979887,False
616,M6,67.47311803786317,0.8007588319123291,99.50774796972837,15.402156476250015,1820.4700071564582,False
617,M6,68.21848074372775,0.9054923392619876,103.2438196476979,17.006812141032313,1816.3675112686826,False
618,M6,68.2599021017931,0.7796689481124575,101.21353777318284,16.095400403859934,1813.1675311205008,False
619,M6,67.40988753498148,0.8374970538428239,102.21862529510751,16.071167502023197,1798.9197117579602,False
620,M6,65.72879103583051,0.73918681582257,99.79566184826757,14.807167247840717,1796.4912804766648,False
621,M6,65.57461278098069,0.8019063196930506,101.54129794203433,15.209120603059196,1810.2075918247708,False
622,M6,65.87235646416201,0.8318260419767884,98.79541864579032,16.005243500924966,1798.991069272075,False
623,M6,63.93648030387221,0.7593829490972097,98.84825368166676,14.445892188947104,1782.0381916314711,False
624,M6,62.42234888870847,0.7603266179533111,100.4496010668881,14.902223559853171,1790.7448104772463,False
625,M6,64.86627532826235,0.7768150014989587,98.02172501674691,14.679824539825177,1781.1064656766669,False
626,M6,60.34566177793435,0.6746250885011907,97.28849530094466,12.531340525351876,1788.8939253370438,False
627,M6,63.21558289561393,0.6722811442542624,98.6449956252458,13.451549103015152,1798.953315790753,False
628,M6,61.236380777936525,0.6285984774424231,98.67467030412186,13.441973189486006,1803.4822271111561,False
629,M6,63.790682205787895,0.7918186663267255,100.39268119284063,14.44211504850222,1793.65056475892,False
630,M6,63.555964576732165,0.7259761563424817,100.00456234195445,14.510799084060073,1788.6274976720479,False
631,M6,62.717517567546416,0.7302167411942148,98.7548732894197,13.997043432126167,1804.907440419553,False
632,M6,64.2887219169158,0.7518177804600698,97.15171773680443,14.554186719199894,1791.5312308272978,False
633,M6,64.75814569045329,0.8538284163260506,101.53598801021901,14.955593815171948,1796.6467187319747,False
634,M6,66.08438977929414,0.7643379211963123,101.23649184710486,15.051019796418746,1806.970958205593,False
635,M6,65.90980156574125,0.852507565174917,101.27085334197511,15.388765326179056,1811.129057327776,False
636,M6,68.02427075069278,0.8858109403795605,103.42000962170013,17.118151324482636,1820.5668499767478,False
637,M6,68.93273887601674,0.806740258902122,102.04136631674236,16.94815313278853,1799.9807638441252,False
638,M6,69.21628025035176,0.8764457213890685,103.95462753275191,16.45824325544494,1829.8666158300105,False
639,M6,68.70447023810159,0.8131118436931442,98.8025770811329,16.91872119118576,1802.2136599315722,False
640,M6,66.06961158459414,0.8079918898573804,103.76459676296523,15.878269694122876,1813.6182291451735,False
641,M6,67.00803018333737,0.790947468331164,103.46723982924136,14.639252476405659,1810.0760740514254,False
642,M6,67.31286987179136,0.744736796522514,103.96070425333448,15.556494652135987,1818.5503681248003,False
643,M6,67.9497284963569,0.8137519428277091,101.86372396529029,15.690611683483581,1805.0260567360872,False
644,M6,66.12166530624728,0.8002763835753401,98.61363262087838,15.645560757431074,1806.8029772443224,False
645,M6,63.96080663815551,0.7680066640543125,100.55863491952661,14.569518497536357,1801.5875437778063,False
646,M6,64.93246535153627,0.7842009540036687,97.06533572473353,15.41469068974517,1799.4340384529378,False
647,M6,66.44062273999147,0.8280679367268882,97.46538956155813,14.938738708537304,1786.1580673195417,False
648,M6,64.61051981400304,0.776943143840436,98.02687777363606,14.991776565320505,1802.336319405491,False
649,M6,63.24867653157234,0.783858456329369,95.47975041884241,13.814672621219973,1789.594331932202,False
650,M6,61.78711478336113,0.7540972762434736,95.96169324634656,13.659830792738843,1775.4070195103059,False
651,M6,60.398321585602076,0.7359683864519595,97.8284254210519,13.57417507006844,1774.042819340935,False
652,M6,63.06282650472852,0.7917948339244043,96.83984144758428,14.039955543807718,1783.222777167971,False
653,M6,60.14915990778333,0.6694505262441656,97.3437438553583,13.57945901678113,1797.3191202120995,False
654,M6,62.541373944700595,0.6905855491057273,98.60011432785785,13.604474957045209,1793.5899070974015,False
655,M6,62.50477193647442,0.8457277851496813,101.77506984869474,15.422216666917315,1787.154940251766,False
656,M6,64.55928810209362,0.6603087490559918,98.88166256504857,13.938128113390578,1799.453515501031,False
657,M6,64.89879195061819,0.8038473572071064,96.29338707071824,16.23753927878183,1807.3487205541378,False
658,M6,66.83072617782481,0.8323473771819078,99.55642563106977,15.976453623025158,1790.277331556191,False
659,M6,67.20283683558787,0.8411733930675047,101.53673875436213,16.30298272635491,1810.922149250909,False
660,M6,66.41013170577259,0.7890232907961667,100.2123325644339,15.240000774484283,1817.5609499175198,False
661,M6,68.34335432502928,0.8406453637829607,97.43619490634339,16.462275172732436,1821.3481370418895,False
662,M6,67.98279713069913,0.8590855496637242,99.61679010905604,16.150710060743755,1807.660889334849,False
663,M6,68.04184682645828,0.8762965744938503,103.43636366569224,15.850236947571839,1808.621590448579,False
664,M6,67.15361176689669,0.8322841528569689,101.2085865002424,15.697456683041574,1806.5415459637047,False
665,M6,68.05932330007663,0.8657714550911271,100.60544004894416,15.849894879799564,1814.9170359825441,False
666,M6,67.81289964150656,0.8141489303207471,98.42714058501477,15.445149348948043,1803.4689249398768,False
667,M6,66.30958133828864,0.8407185867898668,102.99866489301998,15.52196032297355,1814.7790308038864,False
668,M6,64.6790773617227,0.7790398020743359,102.28772643675983,15.5447677356038,1802.7933006407764,False
669,M6,66.39168721579526,0.7641077233427956,99.67056198820505,15.995340976323549,1792.2058987489177,False
670,M6,60.896275770124255,0.7494665671711838,97.60110272384824,14.214846265271634,1792.6583122863765,False
671,M6,62.33539484590784,0.8154515480845138,99.00747022402524,14.572203660782524,1791.7767459712452,False
672,M6,62.305161098460594,0.8195729357257691,97.30744975640452,14.556778997793707,1789.068918750473,False
673,M6,61.84892572073297,0.6979695727722164,95.30878061673988,14.047025581215479,1795.0876071906605,False
674,M6,63.31566524076109,0.717051491340314,97.48906057976735,14.20532902673372,1783.840242029922,False
675,M6,63.141117391618366,0.8251732317568197,97.9495570373976,13.66266800385485,1785.4648119303608,False
676,M6,60.61805224265992,0.6984344877497274,95.14097607690945,13.576506895751638,1781.745163406483,False
677,M6,62.344273453400376,0.6980475638478549,101.57450665238804,13.638694721908921,1779.892876285307,False
678,M6,63.82622812804525,0.8096305052730722,96.83469587331521,14.281450546302088,1779.126020192573,False
679,M6,65.459946242394,0.8318093104246883,103.44313972908164,15.482336907291524,1789.5094241713118,False
680,M6,63.11038406852028,0.779434385695186,96.62997493044111,14.01466919216361,1792.002449883257,False
681,M6,65.18168576363307,0.8245435725756095,99.40246935770791,15.63268429804782,1790.6644991895203,False
682,M6,67.19915249665206,0.8873708832154668,97.90049566902658,16.35871131880543,1816.221218314733,False
683,M6,65.93525329880758,0.7023081325679154,103.07996307146206,14.602620690925304,1790.4395514782136,False
684,M6,66.68432045561728,0.8625795164577224,101.81073105148988,15.170178570778127,1815.2572611168143,False
685,M6,67.7338730977463,0.9014447653827099,102.14870222660822,15.523159907808928,1804.477701175546,False
686,M6,66.38006583623235,0.8241338324725096,103.4825558826394,15.730260074759727,1806.0015100163355,False
687,M6,69.6973337042317,0.8626777824342828,99.78062205866222,15.78654324429017,1803.9368004411372,False
688,M6,67.65055196271317,0.8113591593154005,101.96004066225477,17.132233097121805,1818.3717763387103,False
689,M6,68.4879761808977,0.7497682293500499,102.30114543798463,15.790204686091638,1822.9574203567488,False
690,M6,66.71983776512907,0.8188956746116793,103.58486171380662,15.543217587600676,1804.7821301900967,False
691,M6,66.98498201251412,0.8784495321110701,101.27543087506692,16.856766187454106,1806.001113565466,False
692,M6,64.81025126155733,0.7503769308198677,100.9365852319809,15.556024394110638,1815.2561076399325,False
693,M6,64.80974916350978,0.8157062262418605,96.90158079298958,14.608621221913499,1796.1454161646386,False
694,M6,65.99364825009266,0.8655165720521713,99.29531549256984,15.311646345750068,1792.0678266141306,False
695,M6,61.07168872023618,0.7568934979291779,102.25170028079371,13.460717894064164,1801.0433865973125,False
696,M6,61.410223781537866,0.8010442160472167,100.34819483904444,14.100743944815873,1803.006294089217,False
697,M6,59.36678545531271,0.6580098336039211,95.67653619394343,11.025078178786755,1794.819196858682,False
698,M6,60.79836382112132,0.6819932166063384,97.46386612456946,13.099030299056988,1784.272037843903,False
699,M6,60.73666445821488,0.733076015356,97.97431789365129,13.039485295312188,1788.1479406947483,False
700,M6,63.20100858489374,0.7807898072967134,97.64941746322924,13.4567903332503,1785.4783951187828,False
701,M6,61.256326872621905,0.6826928970110423,99.17939157230757,13.749540906760098,1798.396846135373,False
702,M6,63.794370700799945,0.8495024832682114,100.74378860224624,14.311984635581526,1776.1051356897128,False
703,M6,62.15610579567255,0.7838475029958543,99.4508493754863,13.975104189497234,1792.07275745153,False
704,M6,65.08729876357448,0.7290614959229874,101.79813349229163,14.790501647926877,1798.1878897319198,False
705,M6,66.07902323035674,0.81948817010475,101.90898946604773,15.575101441273281,1790.879770504471,False
706,M6,66.06934901358427,0.9012437476863789,102.22969378207915,16.653380040084986,1788.460507778864,False
707,M6,65.47664514175845,0.7660456302303171,100.99023915699118,15.404573269451793,1804.792643983934,False
708,M6,67.72007246518353,0.7710614215532767,102.84466209688071,16.56143420260248,1804.2489170430376,False
709,M6,67.60271764721132,0.7357083941596022,102.54648464749854,15.839085135869801,1802.159443938577,False
710,M6,68.95532883020648,0.8723684687274583,103.46884647530504,16.35904626223054,1826.625935264607,False
711,M6,66.60944598806364,0.7959146973173283,99.8764250390628,15.435491015963228,1809.7777388211894,False
712,M6,69.3199102911256,0.857433679175645,102.80684770822711,17.327669082741153,1830.6961998764502,False
713,M6,66.6869779337414,0.7633157892261077,100.64527225417463,15.427496408192317,1816.2049389038875,False
714,M6,65.71201117571947,0.8179325407823732,97.75975150281887,14.395179003738775,1808.8807293189795,False
715,M6,65.9779364568332,0.8079732735494041,99.80757490955219,15.772336050977755,1818.6772416970136,False
716,M6,65.87502370397048,0.8048044577438196,98.93927352844058,16.266760247600065,1809.0312282300008,False
717,M6,65.40317976769806,0.817641609104373,101.90901083732322,15.68488573737292,1811.2764554599078,False
718,M6,63.119118422984286,0.7518471348199127,98.12730804223982,14.165671604120236,1789.2595194622309,False
719,M6,63.04218285989191,0.7410402385202496,100.93098504669398,13.681633689383997,1803.2268849314619,False
720,M6,62.354797178599725,0.7492171725480233,97.21091189182212,13.762282340760116,1789.7593985160831,False
721,M6,61.64539995618476,0.7262358785082721,97.79368518973067,13.945728497488822,1781.5485820948118,False
722,M6,60.47174736202091,0.6971235351689223,95.45774240106608,13.398509444330534,1783.3594200185898,False
723,M6,62.83242440813359,0.7606247784420802,96.8932573437112,14.099883568812944,1788.3392350632519,False
724,M6,62.71832568739904,0.7402985497544496,96.6866783495537,13.987113076063483,1787.1868894464803,False
725,M6,62.80175729955678,0.77565440926061,100.04443133263855,14.924046541542356,1777.0286614681397,False
726,M6,63.60607671566058,0.7598910046306654,98.94036111159095,13.492699703500929,1793.7205933714702,False
727,M6,62.599477957771825,0.6869437844180096,100.45537616610373,13.490120551020187,1804.2503797535956,False
728,M6,65.75401571968739,0.809837606089326,100.95676077184721,15.210353556070519,1787.3844010248815,False
729,M6,64.57475616991772,0.8445996163170578,100.09675629360481,15.949087299562041,1793.4361244751165,False
730,M6,66.8008460506738,0.8144955016077092,97.20092277953046,15.331975233459087,1803.2402401869103,False
731,M6,68.82654031324026,0.9174334942856439,102.59573358419,16.88462800141865,1796.5029931743095,False
732,M6,69.49398194778396,0.8914038298954282,100.45060393828828,17.115619290148587,1792.2216650678204,False
733,M6,68.04816727281595,0.793449530573507,102.22617178995243,16.24475660169449,1806.443163686324,False
734,M6,68.00489362371981,0.803892866496959,101.12950387495745,16.551664300824733,1818.106063551297,False
735,M6,67.4030396802286,0.783779789663548,102.59727592573519,16.51165781790297,1829.2916590935693,False
736,M6,67.19170742950934,0.78025495808931,104.20115189579232,16.63932390556323,1807.1003021601457,False
737,M6,67.95278219988779,0.8445671268315946,101.67727115732414,15.751052504245767,1823.2301488668777,False
738,M6,65.2297325785969,0.8149160263309532,100.58309740456187,14.673951767381253,1807.2923649909628,False
739,M6,66.78765924146731,0.7221071791394994,99.10941224086847,15.70372430463793,1820.155541478314,False
740,M6,66.85930000656744,0.7869198017038397,100.4649621897264,16.826664658863915,1804.7145841209535,False
741,M6,65.30622834808275,0.8042747468892621,101.90537783294641,15.220202111083573,1811.856370655008,False
742,M6,63.256426045875834,0.7181160303148124,98.82593792546307,13.953087043761515,1792.4715539199105,False
743,M6,63.974491070501756,0.7526333399336793,98.62849957131574,14.310239393961684,1798.0015887002178,False
744,M6,62.10421923594392,0.7218794493715114,97.97335314290358,13.696872105607248,1799.4729996472217,False
745,M6,62.9769971234641,0.7738476766964527,96.90037573401716,14.259652573254188,1788.7192864826131,False
746,M6,63.20158883462199,0.7840927901452899,102.39191388858133,15.292181666979591,1783.1115925576473,False
747,M6,63.62662591434668,0.7116770281580364,97.751221029022,13.810744466605883,1785.936044664241,False
748,M6,61.97323535081227,0.7612650162343414,97.42051361581757,13.165022882162292,1793.062295235953,False
749,M6,62.48697793888186,0.7199634293403344,96.94326614903903,14.31278717632321,1802.3168099267725,False
750,M6,62.520946560602155,0.7856417160412461,99.14796049091134,14.074815399442425,1786.0807277043111,False
751,M6,63.96770136087989,0.8009460274213851,95.87543409765186,14.755009742036766,1788.685977530649,False
752,M6,64.89594160902035,0.7311841814561936,103.59693598250357,14.631674949089101,1790.9195843929608,False
753,M6,65.02927798990348,0.76046450432627,97.87024147662764,14.931893751849692,1801.849698265565,False
754,M6,64.94228501460499,0.7487007794302958,97.79373369576622,14.3560684790338,1812.3951839231484,False
755,M6,69.47598432963838,0.8573356616198285,102.66933845760583,16.93198096395172,1813.1119576115627,False
756,M6,68.87593963166412,0.806634874785061,103.656114938104,16.38669470360069,1820.5599862033012,False
757,M6,67.58281469214806,0.7738231852315389,101.41542156221865,16.939184049633674,1799.1279127446778,False
758,M6,67.59695119973134,0.7899469744331162,99.13674645864036,16.17865025694541,1815.7543237638263,False
759,M6,65.90464938526199,0.8285581021627769,100.02266996627043,15.61583861312849,1823.7563930664796,False
760,M6,67.07619461033136,0.8778171807357786,100.95053342157573,16.4648823455922,1831.1068801402685,False
761,M6,65.69905141883264,0.7757482175584477,99.24960902487447,16.011521674780674,1824.4608678100763,False
762,M6,65.58374082460712,0.8063331131780461,102.14779794251052,15.49833655401765,1811.5039789183804,False
763,M6,66.74454005449724,0.8592817906171332,101.43240818511299,15.318102769943879,1817.0623591284339,False
764,M6,63.177839277066326,0.8449970414884185,101.02433550574676,14.752210506199406,1801.5199497267038,False
765,M6,65.7966399062681,0.7705244309203628,101.95458873329522,15.05120809229512,1814.5132152833091,False
766,M6,64.24602433623338,0.7048612271294056,99.53333121861421,14.54393851539172,1789.2267029860745,False
767,M6,62.446766586228605,0.73022238748819,98.79458983589808,13.729153191359579,1806.3099535348633,False
768,M6,61.983360204960135,0.7494156234642266,99.08590930344602,13.133864572022073,1778.4934218144688,False
769,M6,63.49598133124018,0.7749887031304354,101.25778359291196,13.208356271041236,1783.3989403423604,False
770,M6,61.59444873694943,0.6556443460318977,97.44692006350543,12.913230085242859,1793.5357065526962,False
771,M6,62.03167909358664,0.7007270464583317,98.10615535092941,12.92653765221441,1793.3287512968382,False
772,M6,62.86612669792315,0.7928118413195925,96.23176977330219,14.452624228002684,1772.0119150762507,False
773,M6,62.57188211637308,0.7457380152847751,103.32536237900341,14.663763242267551,1778.045735429363,False
774,M6,61.68436899987642,0.7742377794231066,97.18767596355593,14.323505039304676,1808.0284385982516,False
775,M6,63.12365900955406,0.7808034910457339,100.22850939233331,14.389258564184955,1792.3176247947556,False
776,M6,63.06448420913314,0.8036710405543903,99.43908001926143,14.45439737143901,1793.8025470268747,False
777,M6,64.47422850384808,0.7850822254205432,98.70921155489397,14.794413275125576,1805.600878551135,False
778,M6,65.19462977152105,0.8638691433054917,100.09519650419273,15.111791433594316,1800.757665483644,False
779,M6,65.3398985256893,0.7875465347199863,100.39531509721472,16.18811842919478,1814.9129736211917,False
780,M6,66.17988752064373,0.8419885695325801,101.36620795477265,15.564820461330463,1812.4493118078854,False
781,M6,68.76948208101206,0.8900395535180765,102.16733241945788,17.370830616006977,1811.5667115284955,False
782,M6,68.00172592068579,0.8532941767323233,97.50475109826009,16.19263563002778,1824.4964460314498,False
783,M6,67.0161416673115,0.7783441684042394,98.46001972514742,14.690178957107777,1835.5873973913403,False
784,M6,68.50842351696755,0.8431393367730056,98.9882097301898,15.848038756006705,1813.158114546632,False
785,M6,70.01184902512959,0.888372804308712,104.1639791727672,16.947322033844692,1801.859267041741,False
786,M6,69.48764917055452,0.8824092099493647,106.414877372764,16.88580731184486,1789.2910143032109,False
787,M6,67.19591158513485,0.8425648286012976,100.47607617432821,15.641682413368054,1822.7594927450093,False
788,M6,65.25724343861982,0.7697192514815301,101.7092625196692,14.077755325003428,1823.7268470043382,False
789,M6,63.89499953543557,0.7668604710954423,98.5094948045581,13.23535633761053,1807.2431132268046,False
790,M6,65.26615297438146,0.7988608648520327,97.03073260718214,14.681658576625242,1784.2847463010348,False
791,M6,62.17962072118816,0.6974278670829488,100.12624122007259,13.692788323611076,1790.5655968258382,False
792,M6,63.87400132160473,0.7981264982139664,103.76481904967127,14.8788514684911,1793.9225126306533,False
793,M6,62.792401196102865,0.7666289699406049,100.51349398079022,13.548029764750117,1793.2024664823766,False
794,M6,62.59301976246224,0.6934124941342222,95.01607878643686,13.77907571131092,1794.05891555043,False
795,M6,62.686235089209404,0.7477754332093308,99.49627060595586,13.538212384530711,1786.5418129721272,False
796,M6,62.95324145759183,0.698451326662232,97.75468921503457,14.788054477497083,1772.9400884866218,False
797,M6,61.6157504734865,0.7239661314163047,99.71036499795733,14.308793361388425,1788.9117803347458,False
798,M6,64.51619775506047,0.8719199436623831,95.47825115362792,14.732253463795445,1781.4332360469637,False
799,M6,62.84210213749659,0.8167055677881083,99.16928475599894,14.285106832548623,1785.5134877896794,False
800,M6,65.02168497833337,0.8415330170522506,98.05437455139776,14.74505337210284,1785.5585352145326,False
801,M6,63.573089073562336,0.7510819292549811,100.38896932350846,14.67748387444554,1797.6089866533555,False
802,M6,63.45469317302793,0.7475198313405415,99.92556848815792,14.252102910101943,1800.8177331988404,False
803,M6,66.08848720627593,0.7846270112875225,101.98441553358862,15.930817875461779,1812.064082249732,False
804,M6,67.54146683004572,0.7991961571629,105.40607664315361,16.33508562738953,1809.2920957879787,False
805,M6,68.06760997976352,0.8375025432439849,105.18658609396307,16.67067638667163,1830.346100972956,False
806,M6,66.60934850095025,0.8702396307471156,100.60736025818856,15.270791275215828,1814.1826520526884,False
807,M6,69.47888889438373,0.8732728705710419,105.13947137878279,16.13770355901503,1822.5836019141889,False
808,M6,67.08565008878645,0.850658167504445,105.24424522903061,15.791631516643735,1807.492950359967,False
809,M6,68.14007230550264,0.848558821712728,103.63240475371576,16.52191126834691,1808.4876550774086,False
810,M6,67.11627638885132,0.8221720034634851,104.27212446136062,15.79795276301792,1806.3801698707377,False
811,M6,67.21746598267602,0.801775997006087,101.62399825430728,15.650347439953947,1815.2019698196282,False
812,M6,65.85815209210863,0.8055622948582944,100.97339450762084,14.286240384805629,1789.4552530176964,False
813,M6,64.35358274629222,0.7474359190431321,99.10032894485516,14.52225528831881,1810.0102273378343,False
814,M6,63.0503381634284,0.8392212003730364,100.6848044716588,14.507768210191662,1791.3361296997139,False
815,M6,63.917152503727635,0.7489564005540589,99.07122898613537,14.35578466333921,1775.5254820280775,False
816,M6,64.1488004585045,0.7969938560242106,99.50192705781183,14.30181971367136,1797.388067583115,False
817,M6,61.353879349600504,0.723083728930615,100.61013786123834,13.781609244385745,1794.0545600751784,False
818,M6,61.09864191381638,0.694342106760445,96.63362717662376,12.94858687177178,1796.1299091552908,False
819,M6,61.861292290669475,0.7648536677117989,99.57673576438654,13.23973991203173,1785.450309969104,False
820,M6,62.88476889489757,0.7453597662507512,96.12857997011614,14.58246915351559,1796.9767000718186,False
821,M6,61.752049077815336,0.7439959113560572,98.5244614547179,12.935897223302657,1784.0842308861313,False
822,M6,63.37332100894,0.7171264064329271,96.73031901271798,13.820711233565236,1789.5733477011977,False
823,M6,65.36324219166899,0.7739057951519192,100.55553252903482,15.41512262663553,1779.1149009478213,False
824,M6,66.10090223232103,0.7397702104969458,99.33638967758866,15.806287888259806,1790.4777982154828,False
825,M6,62.60710116230003,0.7649459109608067,100.82741783299107,13.496789410659405,1799.2075097150098,False
826,M6,66.73039980593263,0.8153762763939985,100.55843392879018,16.127978616484665,1805.7291046260864,False
827,M6,66.5914569184143,0.8367728288742557,102.3936675127724,16.439566332185542,1804.9694310320306,False
828,M6,66.10645613635799,0.7829615199045332,102.7642816182656,15.280323739174454,1813.297426411654,False
829,M6,66.40139927230815,0.8395296428103045,101.57778215916981,14.315285124642228,1818.0588456941955,False
830,M6,67.67183354015707,0.9320995468808808,104.30337960128195,17.06183875672509,1821.9353089815331,False
831,M6,66.70768031107696,0.8175851337470258,98.41578792525765,15.981535353341181,1816.2243390151689,False
832,M6,68.10139790685326,0.8070308765415913,103.22819424506865,16.178852718473436,1811.6658304647287,False
833,M6,67.00619663196775,0.8514626990447969,102.98700499273076,16.061039982383686,1822.507883525422,False
834,M6,66.95076411122871,0.7897720673491149,100.96535216001796,15.825266762476943,1812.2474422381438,False
835,M6,64.68233564218606,0.7602322796076828,100.14312287222634,13.722452916515865,1819.107019454232,False
836,M6,64.64314357494605,0.7962731570605847,101.58898482944642,15.833194331538012,1798.0304467011194,False
837,M6,67.61446676382647,0.8568085255303183,103.95122926157948,15.317938199275424,1791.954020408797,False
838,M6,64.04075587314966,0.807158952757763,97.02744906964641,14.227835634998513,1800.0348785088127,False
839,M6,64.15533506175883,0.7587782958129526,99.79287175454604,15.235283877414568,1794.3340243406653,False
840,M6,63.52734723623638,0.8545230693438175,98.78652156547788,15.342551762234505,1779.9217801916277,False
841,M6,64.87232440864156,0.8168415935979897,99.3283191398948,14.729678902261723,1792.880126443313,False
842,M6,62.17250148799578,0.7353633852279514,98.49315582184643,13.070772376687714,1783.4691908726224,False
843,M6,60.218922133012256,0.7392885617200751,95.13533552144992,13.21250943089657,1812.597216904077,False
844,M6,63.817741833326544,0.810641752415154,99.32409962632411,14.703065940796689,1777.10955629888,False
845,M6,60.34895368143184,0.7408285825468118,97.3178423858943,14.241121550012664,1785.6896350637344,False
846,M6,59.745292960882765,0.6479025838560878,96.19105374565963,12.014175277212853,1797.594561702946,False
847,M6,63.837144293185474,0.7393005368116092,95.94617297395406,13.78695125533927,1784.9904083928068,False
848,M6,63.951608056529494,0.7724525712241848,99.48206211469233,14.456228834709213,1787.4946030099723,False
849,M6,62.635143905620815,0.8595381504600575,98.51968639029347,14.070182908570553,1800.5728849227303,False
850,M6,66.54188263019047,0.8074119334997522,98.62772908109297,15.589969648314996,1791.472965887141,False
851,M6,67.14239401231822,0.8382524715194397,100.07037674989196,15.688709718232897,1805.1937222069348,False
852,M6,68.31613466855548,0.8078977926258064,103.76777130532234,15.96392049427184,1813.0553740953196,False
853,M6,67.79361509906443,0.8138719289780547,103.2722993348922,16.95637564685921,1799.5707907699573,False
854,M6,69.50416014934511,0.903396860964398,101.08096002272582,16.867465866398785,1812.0234388018778,False
855,M6,67.46293679039812,0.849198512455231,99.62965850593864,16.414617311217263,1823.8251238027458,False
856,M6,67.88048751438328,0.9067971447122765,103.39906043211735,16.85795640701265,1827.3925179874896,False
857,M6,68.78586767572675,0.869969697927177,102.51328760758875,15.944405664859017,1818.9868989609497,False
858,M6,66.33148539719672,0.8469785031423694,99.47574251654208,15.294193940983233,1792.5818081240045,False
859,M6,66.6777968503031,0.849958857649065,102.5066481072266,16.10174744367739,1819.078153295553,False
860,M6,65.64750003465453,0.7623253588287917,103.54107502406819,14.91339363295724,1817.0948697655217,False
861,M6,66.13224699025115,0.7975161991215831,100.25857200072971,15.05235280203222,1795.819844269234,False
862,M6,64.61787022285993,0.8013619834736805,98.93728809523972,12.760154841406424,1795.718692537644,False
863,M6,64.70341043875341,0.7536781799205012,99.7320770392976,13.822641223824583,1785.125434618913,False
864,M6,62.975865086865866,0.7475267883178426,97.65370952338269,13.219588605278133,1793.6286529337794,False
865,M6,64.26451309809802,0.8023865299863469,100.1702718003024,14.688441314977025,1781.7972816428498,False
866,M6,60.90211568237575,0.685163690533952,98.52880323249265,12.058154702200346,1800.4282037721186,False
867,M6,62.32109589596745,0.7382350234898637,96.92024044666299,14.131383794589954,1779.134707320534,False
868,M6,63.18811935781426,0.7371983145331571,100.33937738315525,14.245069719636803,1780.3175564831588,False
869,M6,60.42701328413302,0.7083339638572156,96.53945543743538,12.258469854644126,1793.3194355300059,False
870,M6,61.55129752185301,0.7008456460805012,95.53677594257954,13.571599471618972,1800.269737482377,False
871,M6,63.379228033134595,0.8128751784506218,99.31376135646269,15.114090239588377,1800.1317888056847,False
872,M6,63.77497043878528,0.7929404340480313,99.06103326335175,15.304215660817448,1789.3073082854003,False
873,M6,65.80509130798593,0.790429081834007,102.54564071365778,14.332441014248294,1800.1216792574144,False
874,M6,66.35800680891661,0.8380388718928532,101.58637632233841,15.591721302461272,1807.7628570792212,False
875,M6,66.20155474967497,0.7984453634729719,101.649008829955,15.232379459054346,1799.7198438639646,False
876,M6,64.31138558854762,0.8648437692774837,101.00602040083484,14.784892338914949,1822.9645196851825,False
877,M6,67.35186937024619,0.8461755237369051,101.33292254389642,14.957786925910064,1801.9559021738921,False
878,M6,66.8246500645739,0.844554615395971,101.01988807514162,15.595191492037744,1816.1078613492814,False
879,M6,69.63768829132823,0.8241068583803118,102.05894159829224,16.65179869081409,1817.5663758674525,False
880,M6,68.79370397129027,0.8102845991051127,99.8612920893592,16.605872656858768,1812.8243143905486,False
881,M6,66.2895045850874,0.8290944379635253,104.73594158013533,16.202069258725107,1819.2320943194673,False
882,M6,69.15574083576267,0.8511409314085395,101.90787156066602,17.419083739648116,1787.2892277552671,False
883,M6,68.71291431825742,0.8774468576515769,98.56190511691226,16.533883327714463,1803.6254432637988,False
884,M6,64.59806353906376,0.7445208005249004,98.48766005513284,14.902343755511854,1800.7817066461394,False
885,M6,65.17938870909406,0.868113368352742,103.20349299285144,15.011952643638988,1822.3660328405213,False
886,M6,64.95091375523062,0.7356963521067242,97.02173917750636,15.345053858675563,1790.8215850987494,False
887,M6,63.67988959858685,0.7376591067902274,99.10749418931988,14.000120161560735,1802.2542173939119,False
888,M6,63.13281743041338,0.687620582876822,98.48218954606891,14.294919722742142,1780.129927945164,False
889,M6,63.04254412405953,0.7252957047202646,98.55794916182421,14.485440111394833,1796.0885524082373,False
890,M6,61.553567923102904,0.7381853032139806,96.99650070096843,14.131510018416984,1781.9665250215248,False
891,M6,63.71949826786045,0.8586537974341873,99.06969142428505,15.040180237910672,1773.677484813014,False
892,M6,60.30512933523045,0.6487177560170759,102.5504057746424,12.761797208874844,1784.8584883379285,False
893,M6,61.645764531899154,0.7097469832102022,97.30089446787274,13.136522055842246,1791.1013182732286,False
894,M6,63.54166388324474,0.8181860451049888,99.21364330155778,15.261415950758986,1774.9221668662979,False
895,M6,63.615808116882945,0.7958207868978879,96.70094866722371,14.205164652877176,1793.7491546187005,False
896,M6,63.78006634065846,0.7166270174006438,102.26559666580344,14.698099149395674,1803.6720228277488,False
897,M6,64.7651809118602,0.774652750001514,101.38642851083729,15.100678758140822,1810.29058982211,False
898,M6,66.36713342225316,0.8058339674882864,100.83328240666707,15.162449223145817,1793.456753087195,False
899,M6,65.87656935083972,0.7671784861133494,103.47722348097912,15.33719801844982,1805.3279317565032,False
900,M6,66.25138208130998,0.8044645274690264,101.27907851523399,15.447183506458634,1806.738129825095,False
901,M6,67.78736864107742,0.8011642846015485,99.71705755580479,16.847614720932423,1794.504471569021,False
902,M6,68.22516905781671,0.8671773864218376,99.58939431612218,15.179365754261877,1802.8221406206746,False
903,M6,68.25440074278978,0.8209020862609342,103.52168724892368,17.10257067533492,1811.1791740518668,False
904,M6,68.00392827691797,0.8666412100798822,102.07628636930953,15.780098655433124,1813.0056779444824,False
905,M6,68.03070179493946,0.8542334628586399,101.39438903296148,15.600010934238862,1820.4917934634798,False
906,M6,66.96392109626984,0.8754934990967826,103.64736979859192,15.824561559787416,1808.1791387385672,False
907,M6,67.28387771362019,0.793213091124985,100.08823109130903,15.616795020871999,1805.449391478676,False
908,M6,63.375969813251466,0.7321431726088727,99.75757176164676,14.545017336266236,1810.493039203339,False
909,M6,64.24534521361994,0.8234360208013711,99.47521873152722,14.842354065826118,1800.434607105989,False
910,M6,66.17037560721249,0.8147813233418004,100.7376503355332,16.1486266080472,1782.3178700928527,False
911,M6,59.346502012606926,0.6310100856320983,98.07243824671221,12.438733386527637,1811.7004908288154,False
912,M6,62.78986874980117,0.7328300463868755,101.15244265223001,14.555014390667768,1795.5753372055701,False
913,M6,61.22697855016975,0.656376575313111,99.22994567134133,13.514943005831917,1788.0487137161695,False
914,M6,61.19338982975727,0.7411324056039538,99.3047046041463,13.12525265501556,1786.8017731349983,False
915,M6,64.01909844843944,0.846217448708982,96.58391318048531,14.757692065727412,1774.6716869647062,False
916,M6,62.53407882637962,0.7999792650611571,97.39556115190453,13.83534126077584,1793.01987271426,False
917,M6,62.31700556952986,0.7942417002944522,99.134394096601,14.638403257905786,1781.5238487019649,False
918,M6,62.60154558989733,0.7414602374443096,100.16760852360586,13.438085932163105,1796.9094998485539,False
919,M6,64.59833946006974,0.7442188796655638,100.65257942515497,14.680990784145417,1789.9314286564093,False
920,M6,64.12336122662397,0.774146052271673,101.12221820547899,14.32988938739866,1797.0843766401683,False
921,M6,63.16152370818979,0.742582130821724,97.77406420973732,14.980995909949415,1803.7826102792112,False
922,M6,62.788236963473516,0.7666652082567571,100.24110422582056,14.82450050688457,1811.014619963643,False
923,M6,66.91541595395577,0.7928696227497846,105.97612092306338,15.60871207535543,1811.7443195919122,False
924,M6,67.07272052152662,0.864922406800351,98.04911777586283,15.733248204712265,1809.157130512451,False
925,M6,69.724427577435,0.9221942043720283,99.98520891861823,16.568658549623663,1793.2473925333124,False
926,M6,67.99021006884864,0.7809262118209714,100.80860059887257,17.08390585258017,1801.5538849914005,False
927,M6,68.07358362640593,0.9246148265435393,101.95487064749462,16.92685638654907,1820.2772456493103,False
928,M6,68.01995982183786,0.7536725457177103,101.73563382561291,16.034492542568913,1816.1868668576838,False
929,M6,65.77206471724594,0.6925752916936826,100.70465749817333,15.299083820948654,1804.7426301351738,False
930,M6,67.36049251912503,0.8513807673291138,104.82847540362016,16.317723084191012,1813.7727429446034,False
931,M6,66.67670839429582,0.8531005678095479,102.56185375908102,15.746495022546494,1794.4972175378607,False
932,M6,67.10093939954731,0.8698719945288353,100.19318304549954,16.341899450392656,1793.7710440364995,False
933,M6,67.24996434257105,0.8623703552392104,100.74840791663391,16.492479730296004,1800.1656258778664,False
934,M6,64.82362033433773,0.8150317109899629,100.13454230706306,15.220684600793376,1797.100332430228,False
935,M6,62.18322579550577,0.8059464243110405,98.37636216159241,14.073764574635533,1781.7278490012777,False
936,M6,62.984190443718404,0.7672163112333047,101.39666748925956,14.824260974370691,1787.114154481261,False
937,M6,62.02228942203978,0.7697334084765906,97.04128424122895,14.042225953080484,1786.3841301268908,False
938,M6,61.01079038915321,0.7793868313654699,99.22488137955602,13.095193801419498,1797.5285149890217,False
939,M6,60.792003276933016,0.7094957225055194,96.0702355609226,12.839614612723356,1794.25600099818,False
940,M6,63.165627534015336,0.8213418096297553,101.0221931554097,14.23333778795484,1802.0076836970318,False
941,M6,63.81123121750407,0.742804386483565,101.27880225095338,13.913591003519986,1786.0235774554144,False
942,M6,61.83230151994033,0.7141728032618714,98.11707497501772,14.172993636374088,1781.4094511255971,False
943,M6,61.59028942369375,0.6963649553143763,100.29815252884167,13.906142299913691,1804.6509522948502,False
944,M6,65.1767096714029,0.7630617270203295,99.7390086305922,14.643109294619967,1816.9815898674085,False
945,M6,66.42329844510449,0.840081362181766,98.23831230549446,15.670895600946444,1813.7733335631854,False
946,M6,66.9904401299081,0.7809308924435214,101.59014538022168,15.163018996505558,1812.2023962744076,False
947,M6,66.50929767872458,0.790075305486453,102.34993431729582,14.942084624125723,1807.0161856946856,False
948,M6,69.27395744926214,0.7786819098396991,99.72931384733435,16.563210523592527,1813.9882492506133,False
949,M6,67.71531454320011,0.8705599656689684,99.53806099082668,15.98531790818209,1809.935978681547,False
950,M6,67.41438287935196,0.8460759967483931,103.54355269606361,15.670508488591516,1815.126425102378,False
951,M6,67.03149424025953,0.7639121520428318,100.35401449270356,16.545229229452186,1814.8217974934976,False
952,M6,68.08870795164144,0.7716325563512864,101.47540168336951,16.379601303600914,1816.7989372376962,False
953,M6,66.9492814175169,0.7814984143836937,101.97608464825977,15.517365950942848,1811.3851081859448,False
954,M6,67.60282794350049,0.8238686875551064,103.00429650503276,15.679604097205697,1814.9184075751277,False
955,M6,66.97286430376997,0.8328946366440095,100.8656167374249,15.095619124086284,1807.067462020379,False
956,M6,64.0571420135116,0.7573430883269373,97.55940099594774,13.555636485474368,1807.1176148177162,False
957,M6,65.39117834252646,0.7324932609670548,100.33096456977688,14.678867846962943,1807.688290572783,False
958,M6,64.77626541511225,0.7477315101433568,97.29311868778308,14.787490208693571,1792.4731171721382,False
959,M6,63.17515501832997,0.7916041473578413,100.53461674080789,13.920588586152764,1813.038434005434,False
960,M6,62.635342965763655,0.8317188405611443,99.8819315475734,14.844647307663383,1782.9020621598056,False
961,M6,60.175278247044496,0.6822453636703598,94.34266389409107,13.425276912528075,1782.9036930259203,False
962,M6,61.61794811206802,0.699445082949672,101.07142857202639,13.485197555679077,1785.7242696314952,False
963,M6,60.68147573912366,0.7259147737867956,97.32088293054134,13.401313256238092,1794.0042483320988,False
964,M6,60.718039267624405,0.7153969095606553,99.73613885470301,13.247718323745083,1788.1011009676745,False
965,M6,62.85097035642196,0.7144196323948676,98.81665619826839,13.509812547665861,1785.986282455207,False
966,M6,62.229229420805964,0.7156813955408282,94.60538630167142,13.868613086142393,1799.8917998628824,False
967,M6,63.93121198705863,0.7504130297042486,98.04817595266123,14.066643734627881,1785.1607161781687,False
968,M6,63.73792757948994,0.7125585652709071,95.08379977492471,14.682370216011766,1796.0314776764264,False
969,M6,65.68831463456478,0.809964017765367,98.58955364874201,14.773515055365229,1778.6129821285979,False
970,M6,66.20932035400057,0.7763459219258837,102.08290811969874,15.340946753279821,1816.4912407634558,False
971,M6,67.6838008862534,0.85981700801502,102.58708351904401,16.319324644700195,1804.1442936731462,False
972,M6,67.43113034679867,0.8489431978672815,101.78938127713107,16.34626550630046,1798.673492078521,False
973,M6,67.77771862061464,0.80789171811895,101.77349599159575,16.97260235237148,1814.8991158213798,False
974,M6,66.40866278186951,0.7048823311706585,101.97760808400598,14.749933001295087,1832.8036373101877,False
975,M6,67.73051362343679,0.8387442552600627,101.58574140362695,17.04240201203015,1821.1203982763132,False
976,M6,67.119125123746,0.7537455331467535,100.8945145596392,15.584186259573872,1805.2048324959214,False
977,M6,67.89011922310922,0.8412930587664433,102.03823123367533,15.29833502355595,1822.7939250653346,False
978,M6,65.48394858143384,0.7884273188943156,100.2018182261273,14.88559155992444,1822.8005000184887,False
979,M6,67.85512694860171,0.836669093719772,104.70076420245738,17.67160299789168,1802.6691380631974,False
980,M6,67.10887688945773,0.7534548006650839,96.81219779139704,15.779396349755007,1795.878919293254,False
981,M6,64.77601201336776,0.7913838302832384,100.87509643549517,15.747063451827998,1787.8202774556803,False
982,M6,62.83614794286031,0.7535720269708205,99.02720989772816,13.878421057861171,1792.8580835523744,False
983,M6,59.998466373615855,0.6299575796722365,94.79421109921792,11.899176133377257,1802.9919916034453,False
984,M6,63.32702008486228,0.7912989507111876,100.84867936980739,14.296639052563167,1794.2715539009826,False
985,M6,63.338490952948376,0.7810223686073887,98.27463952636867,15.17761344605258,1788.3270401853504,False
986,M6,62.64433609262701,0.7565680809433358,100.28094938117277,14.561206134085127,1774.8724624407828,False
987,M6,64.50343255931902,0.825590022312456,100.26152068807396,15.463750343040795,1788.9401168623924,False
988,M6,62.062004540380535,0.7844032608555871,97.02952719183166,14.434986940852026,1796.2531931989447,False
989,M6,61.61465149798596,0.6858244748675095,100.10634160923347,13.078838515568917,1786.3602765930448,False
990,M6,61.70014620043,0.7238879630767425,99.79232015716354,12.72486453440273,1805.0932816742632,False
991,M6,63.921836049972285,0.7526564188918169,98.98746936736622,14.808961516857494,1783.0895331604354,False
992,M6,64.5519885910975,0.8267257397720182,97.1679100318575,15.029196481054912,1786.860197142433,False
993,M6,64.85472482360588,0.7849202854220722,96.77391093328664,14.951158990819554,1793.4551508627567,False
994,M6,64.94935605496252,0.7573346292699461,98.45363909395707,15.58771205477572,1815.5176361508084,False
995,M6,65.73383386953735,0.7872290800056249,101.0604140187252,15.756530766463325,1821.2129291046724,False
996,M6,67.67632348938189,0.8184400409554465,101.964762855161,15.95109310554496,1812.0912378246371,False
997,M6,68.23763054134426,0.8347418414507946,100.65233150398245,15.873870368402628,1831.1332229375914,False
998,M6,69.38966673755786,0.8983517263715164,99.13928515386891,16.01990039856868,1816.0755963042047,False
999,M6,68.7034530102646,0.8480063243563526,101.04770691228812,17.012968010960552,1814.488134837759,False
1000,M6,68.21060521649214,0.8070445221075636,103.22215006503723,15.896177924777176,1828.6082925635158,False
1001,M6,67.46718567105496,0.8122313626637794,103.66306017455337,16.66889160520198,1824.575343653504,False
1002,M6,68.03197512687171,0.8971938957808913,105.08851236934933,17.346310021023292,1794.837422504495,False
1003,M6,68.02334480877855,0.8987931224376136,99.18157124375004,17.298297177384438,1795.5815085648783,False
1004,M6,64.69699040559833,0.7903725103143595,99.13030666176932,15.198149474268208,1800.0473686655744,False
1005,M6,64.1722404949444,0.7860347453525465,100.63029017040833,14.548399427030748,1805.3252848206134,False
1006,M6,66.21887795813518,0.7504238954540189,96.37728579598271,14.432496340639544,1798.3805847926305,False
1007,M6,63.466797476450466,0.7566475413893745,99.19191095858201,14.387433608181778,1806.0130057908598,False
1008,M6,65.28251549355438,0.6807820929006779,97.36548004622249,15.197809838361566,1798.9427233911003,False
1009,M6,61.483836314788896,0.726006792907461,98.61984092219906,13.718750449195985,1787.3884728631126,False
1010,M6,61.4829533642115,0.7112016122690777,98.3677214705226,14.276633287917171,1788.7488941913982,False
1011,M6,61.194929782560024,0.759030689367814,100.18564203724725,13.318795620053955,1791.7361920753676,False
1012,M6,62.57545234099686,0.6947676290846457,98.67234620378314,14.066991678056397,1795.831460167085,False
1013,M6,63.085075680954645,0.7584014132951926,98.01890180810327,14.522675797777264,1797.2296813372934,False
1014,M6,65.59578749609028,0.8269191215102145,98.82557095539296,15.609882683796165,1778.21149631194,False
1015,M6,64.95895542989858,0.7576024891237394,102.01416571476317,14.169903897268304,1778.5781937954746,False
1016,M6,63.922696087106225,0.7879214207425773,98.46042387484628,15.382115188388573,1783.3303327781564,False
1017,M6,63.17661875665015,0.7582452958758668,99.72908984155977,15.338953541267506,1807.2188970399675,False
1018,M6,65.40443069986524,0.7453514843030984,101.01192017516844,14.008398343198875,1810.9472080376888,False
1019,M6,68.76150083198172,0.9309403402460354,97.57242741801562,16.056520272426024,1811.8058299421214,False
1020,M6,65.84383962042814,0.6970766531908748,100.36052589889465,15.236316102870289,1829.3560385983667,False
1021,M6,65.24434575205304,0.7975490607305862,100.04004328824799,15.482991770016353,1811.9396693481985,False
1022,M6,67.51300162382435,0.8017417839668877,101.12738344034521,16.18587800094309,1823.4262433215806,False
1023,M6,66.35563940739313,0.7061147376027367,102.26715224506039,15.535913576593838,1810.8032896954974,False
1024,M6,67.71640805658161,0.76397418342336,103.42539000319078,15.91227929561501,1808.8866631045805,False
1025,M6,65.91636802600864,0.7942968753777911,100.15687992496183,15.804121357946682,1821.832352161097,False
1026,M6,66.17494152213932,0.707492726520885,95.37290384844943,16.090633309279355,1826.1066311150444,False
1027,M6,66.78230830311941,0.8070847646181372,100.46079040143758,15.542489751272013,1802.9890433053938,False
1028,M6,65.22005991500288,0.7566261039776433,99.76203593848247,15.029274487130259,1797.5766053217092,False
1029,M6,66.90539613218577,0.8046714721624993,100.71520914059235,16.10886740894536,1800.7900084173602,False
1030,M6,62.01876068558968,0.628407816312938,96.54236235109006,13.756087346868176,1810.887453288023,False
1031,M6,61.728702408942105,0.7787092885428972,96.27224775581777,14.226217565594963,1790.8283123683245,False
1032,M6,63.58409848639664,0.7545027307104533,98.1338543026878,14.094362436210947,1773.1574290658762,False
1033,M6,61.16036569326118,0.7200543306582083,98.91033840243838,13.208733324981234,1793.2997104920069,False
1034,M6,61.993505756830395,0.701773908979386,99.4465540632635,13.966623773832787,1796.6781258416186,False
1035,M6,65.2780109358564,0.8662537700055,95.92228801794798,15.744824525761043,1772.6527307459821,False
1036,M6,60.60038424093338,0.7271102014753212,95.91274833425234,13.297482560643848,1788.9277840806465,False
1037,M6,63.64454612091282,0.8332713467109946,98.94904670740996,14.437217945193083,1793.0455280208323,False
1038,M6,64.385518445803,0.6475538145550559,98.25781819972173,13.62945491893916,1807.321525840762,False
1039,M6,65.38761279610704,0.7506913307087338,102.89645313155192,15.043371080443919,1776.7524018557635,False
1040,M6,64.88857288061641,0.7660873394687279,100.62118487687279,14.559528010534809,1795.528080063319,False
1041,M6,63.3698361010247,0.6301190911271689,99.27584296372004,14.146854353442988,1804.3446923657514,False
1042,M6,63.831764025438474,0.8024854603006215,101.06578431653486,14.02125677579771,1822.9309036697969,False
1043,M6,66.06860067720343,0.6652651071184276,101.29465422630385,15.018152692350611,1816.22474832407,False
1044,M6,67.02407238874777,0.7910325656546622,102.1513776707241,16.414657486560234,1811.906696062206,False
1045,M6,64.81531045357632,0.7885478048092784,97.94223976045899,15.068659688070886,1811.7221014689287,False
1046,M6,66.73113999896148,0.7457388599605863,98.93086483308919,15.273899998324424,1807.8990661057949,False
1047,M6,69.3876145625781,0.8883235008559126,102.71066015726954,17.18231313952083,1811.2678778135978,False
1048,M6,66.46284401908481,0.8512291516213107,104.40847388086137,16.23469015833949,1810.3383771105346,False
1049,M6,67.28332538323882,0.8322547478916882,104.51147498555584,14.99175801476434,1827.3173561638996,False
1050,M6,65.3405736221568,0.7913382451265207,104.8118520185707,14.770100295562159,1817.4811611085122,False
1051,M6,67.32351864367534,0.8326008073162662,104.13738331173454,16.67464847207643,1803.6483521638531,False
1052,M6,65.39169342031218,0.7436280739674295,100.90834545389163,14.19811627631459,1799.7912281846313,False
1053,M6,64.74434329276554,0.790469720897599,101.56445284293132,14.823485663344357,1813.5661739463274,False
1054,M6,64.21597867237872,0.6947821631493625,101.77872548259697,15.192223677117072,1783.9472658922925,False
1055,M6,62.9045156844091,0.7710005377329139,98.34175332002293,14.410626326628188,1794.5574209226609,False
1056,M6,60.31455700778706,0.6745847389260503,96.25203756364519,13.410713378760464,1788.169686439895,False
1057,M6,62.48709449858457,0.7285943530037968,99.8111921566149,13.166932463022189,1791.8231779292853,False
1058,M6,62.994247447875466,0.7537268592791209,101.05658601890717,13.507713954903851,1797.2860509933753,False
1059,M6,61.85215080278878,0.7189228699879079,96.53624539412962,13.917763996904423,1792.171846003739,False
1060,M6,62.01045495418863,0.6982380293876593,98.20369588433073,13.147567322151163,1791.3301744874575,False
1061,M6,61.90278424709805,0.656796469818615,100.50369482090078,13.674206510268537,1784.9934378691344,False
1062,M6,61.01540813098217,0.6555247096996167,98.46911330518746,12.731245657189271,1805.4364544707519,False
1063,M6,64.2189506476873,0.7556147956324053,100.80569549409309,14.299884666003576,1793.519665716926,False
1064,M6,67.75974734719365,0.7867661606208416,100.52174836442886,15.975616113183925,1791.0490972894975,False
1065,M6,63.99113656889327,0.7413618364295331,100.91280870957804,13.939604954043245,1798.7318075134874,False
1066,M6,65.82717855348037,0.8570008369576815,102.10196517106638,16.138660010596947,1799.110283455503,False
1067,M6,67.4029639031574,0.8565092009384916,103.72906263727394,15.977113512988081,1807.3927515964424,False
1068,M6,68.65048504311312,0.8451170197430008,101.13951640412314,17.298922174787123,1818.7927583759933,False
1069,M6,67.99003773677012,0.8031029371660247,101.33617188617683,15.262517568528542,1805.0825851015438,False
1070,M6,68.52264283970405,0.8858590817863308,100.67789558044119,16.977727277565304,1816.6136981035452,False
1071,M6,65.92386496145805,0.7430256633419207,102.89221165658239,15.086931500776911,1842.3982651183583,False
1072,M6,68.54260753109344,0.7844304415974123,105.08145023097805,15.08569286634664,1834.3141930455133,False
1073,M6,66.21062643239657,0.8296535543855499,102.34289134281941,16.239556923197615,1813.289921874059,False
1074,M6,65.72452216909753,0.7752567369678399,101.93232945250533,15.600833210328059,1823.1568486710107,False
1075,M6,64.14063489859238,0.8239072138146931,101.8146675303465,15.567532274176486,1805.1166467549322,False
1076,M6,66.10076424201189,0.7448684351329188,100.52725411353654,14.702135454085779,1808.6680296951463,False
1077,M6,65.86701317854217,0.7431898217205919,100.85749393306219,15.4764028314178,1787.7072755781023,False
1078,M6,64.23239533810552,0.7343000564934665,97.96560667820366,15.048814626798682,1791.7940447557376,False
1079,M6,61.07554174494077,0.6936428870835022,99.43411116705833,13.975251583539741,1791.1914128158328,False
1080,M6,62.420789586835106,0.7286982905980515,98.30132474533833,15.194086356001854,1788.7857448135578,False
1081,M6,61.213822561357354,0.7272051127848111,95.20242264433153,13.980110899742844,1783.20110626455,False
1082,M6,61.68337421361071,0.6042347301304221,98.14663812057714,13.015888227345357,1788.512010058523,False
1083,M6,60.75407366686187,0.7401967378336052,96.98329533809975,13.718804860854695,1790.721294842133,False
1084,M6,62.28822401392783,0.6575775722821225,96.70329211212352,13.49860996096353,1785.0226378870625,False
1085,M6,63.91020991202949,0.7039501108641828,97.12685881431399,13.96406057245428,1796.4162128151395,False
1086,M6,62.30254214122655,0.7052755120031333,100.02144359436004,13.222478620554345,1789.168749117166,False
1087,M6,63.14716103679284,0.7452752517075002,97.68977134434127,13.534033997577371,1783.693627058224,False
1088,M6,63.49480198404069,0.7374194734326507,100.30008465357014,13.805674373335869,1796.8011271291311,False
1089,M6,64.17143597679194,0.7037112704516824,99.81212491288134,14.801424625415615,1798.8795590058116,False
1090,M6,64.19938032916471,0.738344242869707,102.11768106379633,14.846910681722573,1813.666078065097,False
1091,M6,66.732770939544,0.7977131633172769,99.76789317849152,15.623067298745763,1807.5549284153424,False
1092,M6,68.72677805162796,0.7805350972090516,99.52167377404622,16.37571890733973,1808.4784970504636,False
1093,M6,66.0184478089291,0.7452978886902194,103.19321249211299,15.43144389357507,1803.7558514203554,False
1094,M6,66.32166885951007,0.8059646308146128,103.86486187869038,15.17391286150833,1813.5124822138475,False
1095,M6,67.0586346660173,0.7116451868380296,102.69643271260261,15.65071938850593,1809.647146187736,False
1096,M6,66.613347980508,0.7246417997220083,105.43331587857209,16.302377499072257,1833.7057559929729,False
1097,M6,67.16644664386847,0.73634818698419,99.94593009717431,14.919199638430882,1804.027546050936,False
1098,M6,65.87669848416692,0.7879266657591925,100.13725308513227,15.189570138920162,1804.2466020371292,False
1099,M6,67.2384438496084,0.8227716709154194,102.50343794121969,15.81110850350071,1799.8868931444626,False
1100,M6,67.37316660005197,0.8206078913612997,98.34043213181258,15.60319828797397,1794.132683863479,False
1101,M6,65.53156279038832,0.7193338914335621,101.03018766841767,15.620802443127472,1796.4935313651795,False
1102,M6,65.09080011551471,0.7301211638059828,100.6829398421266,14.924502265077669,1802.4013787804463,False
1103,M6,63.41174544255986,0.751111178695582,98.75625469853694,13.51529656597046,1790.7372426856703,False
1104,M6,62.315779891875266,0.7330829120207166,101.95886461243416,14.59950149847298,1783.1513662909015,False
1105,M6,63.6590216275947,0.7071987310160772,98.01770695030213,14.21604150957803,1782.5912035963825,False
1106,M6,61.598682800076,0.7866696624510906,97.89167088151775,14.114162616657431,1797.1756112527246,False
1107,M6,62.05582027734477,0.6639569587515703,98.65516090310884,13.012271725275989,1795.389501147909,False
1108,M6,62.5138779625932,0.7217953954181651,102.66066601967943,14.193305348662651,1774.075617135937,False
1109,M6,63.15207210153288,0.7271538769154199,100.68209982060638,15.093062488398504,1781.4517485563604,False
1110,M6,62.890945132501,0.7234836591367679,100.98534596875335,13.637553242885103,1794.311840284786,False
1111,M6,62.08978140606404,0.6544711448129614,97.57490813053221,14.733157700578992,1796.6395051916816,False
1112,M6,63.95540844156041,0.6485812739576565,100.08394240338151,13.998611008268263,1807.5567154148973,False
1113,M6,65.31318663782572,0.7666755233429099,98.42012401636896,15.221046549520969,1793.946907550552,False
1114,M6,64.23204199288446,0.7833655999735222,97.77377006597435,14.877395104961074,1815.5239217406897,False
1115,M6,67.39530678954492,0.8433757931519457,102.65665553245358,16.279248317459146,1820.867267336437,False
1116,M6,66.03568514670363,0.7572622973745211,101.21280487125011,15.345408268545556,1810.6671156813102,False
1117,M6,66.53943961743312,0.8244016472342304,101.40133727171873,16.1261823437118,1811.0020226722418,False
1118,M6,69.45146543508399,0.8101702783896686,98.85824872701774,17.14300022768949,1799.094293944767,False
1119,M6,66.86580225106788,0.7848727341725201,103.6814674927187,16.060381943994646,1814.5641389978152,False
1120,M6,67.52908923687271,0.840954666939454,99.88537059855227,15.910889103380951,1806.6322715201638,False
1121,M6,66.9354444989051,0.7854833645418975,99.276831855719,15.945486158382588,1807.6970323571636,False
1122,M6,66.12070267546116,0.7824901472612298,100.86960566240623,15.111342126056519,1811.6455807684772,False
1123,M6,66.32379781651893,0.7524183260594991,102.13223494603334,15.86575537076794,1824.1454705737485,False
1124,M6,67.654720536687,0.7857042420597831,102.20273829049218,15.165714904696152,1794.9609178475337,False
1125,M6,65.64413861630517,0.7442019006500719,101.6810848915895,15.490533797488654,1798.1513994644179,False
1126,M6,63.616296385819474,0.6613850224689646,96.21403981367465,13.37977336154785,1804.5570411446854,False
1127,M6,65.75934954190915,0.7983771725323809,100.8762737314258,15.601482355770456,1783.3147403446555,False
1128,M6,61.224800227946034,0.7316819144180177,97.71110720728582,13.11370992067511,1792.8895441854966,False
1129,M6,61.44895715154836,0.6646567968712926,99.97782658077766,13.083116119024304,1786.3348661050857,False
1130,M6,61.470431487180306,0.7149268073236358,97.35489081234338,13.995794637123373,1778.9095976932947,False
1131,M6,63.16559047130502,0.7690809620940234,97.12105668179323,14.444989038530522,1790.2235401761927,False
1132,M6,62.172373234003565,0.752979158642022,98.13460091199224,13.970376531165755,1797.1737040693188,False
1133,M6,62.10214720625069,0.7120522943277052,98.34424635218302,14.245587283832789,1781.4296153765663,False
1134,M6,60.06497214753932,0.7005741186965847,96.86774326549696,12.578814354510785,1782.7573439826194,False
1135,M6,64.39582237942288,0.7220687435186501,101.58557977486073,14.721163717922236,1789.2933149322985,False
1136,M6,63.236259399338294,0.7285946735427249,98.66956094459738,13.825610446298116,1817.332526928278,False
1137,M6,65.93209747430936,0.8639769390197647,99.92192943925481,15.572252459368018,1802.815910678208,False
1138,M6,65.32044623580396,0.8097376392453621,98.8178143176202,15.400275996820225,1806.621548905188,False
1139,M6,65.53785203487237,0.8167865929246678,99.2911648318589,15.548331004020124,1804.5503008892479,False
1140,M6,67.83037427531067,0.8298846179107444,100.43360557693863,14.3005646702638,1804.629589008727,False
1141,M6,70.62133117709189,0.8642507106049055,102.77674956923329,16.809433850787986,1811.2969139698782,False
1142,M6,67.68082771386386,0.7253032184242247,101.8765209581455,15.160681101317492,1818.0408187382611,False
1143,M6,66.25640590828421,0.8267429338846949,98.20599537404618,14.795017906898247,1817.985616221815,False
1144,M6,66.70281592595667,0.8324845225629507,99.1801979875976,15.78361861414514,1825.337346311443,False
1145,M6,67.24884222194427,0.8151737937732445,100.50765250563173,15.886774527358446,1814.1607458304334,False
1146,M6,68.99433601547864,0.8464761109349772,100.32791162500564,16.265769724695744,1817.2228791860887,False
1147,M6,65.29194651381324,0.7586253045758224,101.31280039416382,14.928446270545155,1812.5256288574574,False
1148,M6,66.0031109075807,0.8110547360813094,97.5813040458323,15.599573591463713,1795.1755633206167,False
1149,M6,67.50496789756346,0.839460030367537,100.70694299200356,16.280186383178933,1795.4305951211147,False
1150,M6,63.690900951650114,0.7184757612921544,98.68703217025858,14.16735694037077,1806.3477673871948,False
1151,M6,63.45744246236433,0.8047405753693239,100.32459256981551,15.030377620197806,1780.9797698778832,False
1152,M6,62.65820385218182,0.6911896576774801,99.68406707208466,14.553718398451448,1787.055091604385,False
1153,M6,59.43289774593981,0.7000044949318118,97.77185961942446,13.033456931670266,1793.4907210903357,False
1154,M6,60.37164386961232,0.680994615083241,97.05645592917514,12.867166541002696,1796.6351741749465,False
1155,M6,62.604273440123784,0.6664577207344621,99.96653328884807,12.860983871314804,1784.35824985746,False
1156,M6,61.23481513474381,0.7255276810778216,96.52158778876978,13.771909781491777,1791.0718254951892,False
1157,M6,62.80535360632341,0.7996961638337734,98.22553772765043,14.856366176689688,1780.555676337709,False
1158,M6,62.18810678840386,0.7325686968684958,94.54316137899644,13.09576551917624,1801.9334337989321,False
1159,M6,63.58829062078791,0.7849947881787348,99.97702766585292,14.349709952556909,1795.0506349617735,False
1160,M6,63.7156062091141,0.7630236414099241,101.31312310323533,15.398750284832325,1788.0746381444264,False
1161,M6,66.09810031625827,0.7112307748811622,99.07942125712347,15.16758211531991,1805.0850409709633,False
1162,M6,64.70569058526625,0.7860429206715485,103.0543312547604,13.973622573567974,1811.7399963243754,False
1163,M6,67.01749553828944,0.7451539988428124,97.44049799074834,16.14990761412656,1823.184739864974,False
1164,M6,65.62520108012932,0.8102145607421719,100.56793309988197,14.016375657652233,1832.9421671922294,False
1165,M6,67.5961655128214,0.7707586385372768,101.00523871908011,15.87570781103953,1813.0933639726286,False
1166,M6,67.51121017296775,0.8381462790117936,105.10547980761264,16.34516448156023,1813.72369478518,False
1167,M6,68.94840741581643,0.8503264190576562,99.97083178818286,15.485338962644326,1806.3795594032806,False
1168,M6,68.72517821847237,0.7305343149340762,100.78025391516151,15.774302825776083,1811.982768078307,False
1169,M6,66.46093286600454,0.8334676829203187,103.07524906431973,15.445935088029962,1817.6453714960332,False
1170,M6,67.27346931231,0.8310935679005983,100.41547694241123,15.804299074691722,1802.7823141601832,False
1171,M6,66.20107812701289,0.794176002406157,104.31592008898804,15.487619766513813,1805.2703209569834,False
1172,M6,66.01663529966639,0.763646947080331,98.66818968667201,15.67853200686632,1801.843650694931,False
1173,M6,65.59117190616072,0.6538378505289472,99.19913301974404,15.299995674686805,1790.6734756325452,False
1174,M6,64.5480498567321,0.7632714956761477,99.46695519842771,15.383926243812827,1783.589731672624,False
1175,M6,64.62570848381252,0.7687916327237403,101.85619627132252,14.634901295909506,1801.0080758551371,False
1176,M6,64.5261606436071,0.7739585040050118,102.77978054756682,15.568550979276012,1795.0327806446371,False
1177,M6,62.868254826653605,0.7057787495185555,96.49075607544246,13.674122838772721,1781.2188996021614,False
1178,M6,61.37377266900975,0.6548778332132461,95.71765246629032,12.664292007668546,1788.1820517522738,False
1179,M6,60.93046605206886,0.7559810118064172,100.10343412557643,13.914066004720553,1783.3378083352616,False
1180,M6,60.40526919278931,0.721440917197147,96.44694185936086,13.410302397563147,1787.8178878224346,False
1181,M6,62.591383366398894,0.7429890596801824,97.07701976297109,13.567443248120927,1789.8183918781717,False
1182,M6,63.66747707580741,0.8230754249018145,99.73634326558651,14.35910971363743,1789.9429213477674,False
1183,M6,62.07394097449754,0.625248168138673,99.21284507943932,14.298913671343204,1806.2624030526397,False
1184,M6,64.65390286883122,0.840401410155478,100.2272185518332,15.17684323479351,1795.9210656614853,False
1185,M6,65.64794720897055,0.7769488139586544,97.1409678061194,15.029868511461062,1796.1118170145892,False
1186,M6,64.05112403810462,0.8153102926371046,101.631288805107,15.075579177394681,1795.8809744910868,False
1187,M6,66.57302035018058,0.8842487646498484,100.64933859988417,16.09454206948762,1812.6984526323001,False
1188,M6,66.84274793015,0.8186266105727645,101.18187525050641,15.496014416922419,1815.5030556529157,False
1189,M6,68.8828133339524,0.9010953149320841,102.61234498210938,15.927238395035063,1804.3307023894074,False
1190,M6,68.55089297231618,0.9453533107361776,99.53847019568107,16.60811797134757,1822.8485257263994,False
1191,M6,67.85856880818368,0.8525232632076872,105.52986719404375,16.920770304039515,1802.701704434415,False
1192,M6,68.75038276089866,0.8077778619215751,101.27741587844537,16.002436167300598,1803.7545813941829,False
1193,M6,67.86586923086134,0.8642201992496983,103.65139826713656,15.954280398526663,1820.5727250061163,False
1194,M6,67.83743171838721,0.8335683443243699,103.6550442153715,15.715115265107773,1804.6718178418416,False
1195,M6,64.94194379530236,0.7702115458330747,98.6340808258672,14.673680087740996,1818.6483068613306,False
1196,M6,65.80267954536731,0.8683331220782249,103.41443148825878,15.610146108474597,1799.6198767328817,False
1197,M6,65.20635022788719,0.7839122554302,98.03632386757384,14.968278301846386,1782.08276585853,False
1198,M6,65.61911873978072,0.8201881109116917,100.07076942867093,14.383996819002899,1792.5241930415768,False
1199,M6,63.71799307436259,0.748005716294259,103.68720981957163,15.140482180302142,1781.7088033625407,False
1200,M6,62.03156852421475,0.6844222677655513,95.67241313237606,14.25634749974219,1797.5582461295653,False
1201,M6,65.06511784548212,0.79410406200577,95.87996442456414,15.84741584539866,1774.6411381241287,False
1202,M6,60.666231479745605,0.738175656287847,101.06731349106474,12.864606020019258,1795.0465170764605,False
1203,M6,63.90502070230064,0.7611179737369612,98.62108807147628,15.154015190985383,1790.8648691880585,False
1204,M6,61.49084868759159,0.7927683629329677,99.69663050254893,14.30443833158101,1786.9525239226034,False
1205,M6,63.03492260536886,0.7799357568472984,99.7444616834761,14.452705969309662,1789.2965835296634,False
1206,M6,63.185918143974206,0.7099179459157612,98.5718779842269,14.492812112222781,1781.895641873082,False
1207,M6,63.95740694302224,0.8182086541268738,98.47613983772071,15.398961668613254,1786.512960077751,False
1208,M6,66.17395447022793,0.760536260242773,102.1710004395204,16.083931191638623,1792.3474752706766,False
1209,M6,67.78591690516447,0.8679595621591965,100.97177547088782,15.057735567320112,1806.7777718082446,False
1210,M6,65.43220428079421,0.7926500199444956,101.37942601244097,15.580595755643037,1811.7645699625486,False
1211,M6,67.15378059323785,0.8551941224328571,101.47147602538321,16.15587614783291,1799.2022305510914,False
1212,M6,68.67045266558091,0.9139803516341185,100.80493674614652,16.715314676256106,1793.7783962144044,False
1213,M6,66.0406303086741,0.7232953337933612,102.04285863637047,15.290569118241637,1816.6459551599823,False
1214,M6,66.74562319114382,0.879876054736264,102.07754254618301,16.7460984622551,1801.0274192304673,False
1215,M6,67.07752071470092,0.7952629646085517,102.608443587374,16.57764762674254,1817.0333662388293,False
1216,M6,67.00571223802547,0.854990043600841,103.55971023822721,16.638341391483557,1811.1938438170887,False
1217,M6,65.90304386681247,0.8655374309846702,99.57306536020518,14.490874224478244,1810.049951061504,False
1218,M6,67.68524397401839,0.8542987244329114,102.85152629611478,16.5507643045908,1817.6237779525754,False
1219,M6,64.68035238475471,0.8332438392224567,101.82996013702855,15.65681072605201,1811.706669465465,False
1220,M6,65.49689147477784,0.7987227403702319,100.68839730015196,15.41005519529146,1810.3966419958608,False
1221,M6,66.92207482309884,0.8214162102951258,98.73376905484673,15.9108629707219,1795.6815184769657,False
1222,M6,62.03363562949361,0.7308369240484984,98.0295395464017,14.274627970454063,1795.3014278707903,False
1223,M6,64.61600763970623,0.8046108378152413,99.76368520434576,15.780925262985818,1792.0693107954453,False
1224,M6,61.68029239180551,0.6412582234550838,96.81770647896255,12.446932037449077,1797.3620564984944,False
1225,M6,62.94243954376169,0.7311238146853426,98.9800902732985,14.092667287507378,1774.7170143951,False
1226,M6,63.932376322477566,0.8242531452707921,97.12323633077848,13.904938442061464,1780.7744777263395,False
1227,M6,63.52690527255788,0.7365773490651634,98.42251973622406,14.545919313886202,1778.4771650711496,False
1228,M6,60.451381806149115,0.696822263652715,94.7004129118474,13.15044971541654,1789.6030527390853,False
1229,M6,62.141660004038904,0.664788027936156,96.2653123543133,13.50661039411532,1796.6203213149656,False
1230,M6,63.45976613910934,0.7552984170446047,92.7606092394702,14.374623293594912,1790.426666392396,False
1231,M6,63.129305081253676,0.7340061201963333,101.86124816349812,13.491598556303467,1783.913365317981,False
1232,M6,64.28902187473919,0.7380652513865331,97.89351486480447,14.563052188759444,1800.954297658358,False
1233,M6,66.06498548725794,0.8590010137302821,99.89526275256044,15.572748443866285,1784.8824777296227,False
1234,M6,66.87674182964278,0.813008078911684,99.17271722366372,16.26246166451427,1812.1053225867702,False
1235,M6,66.38812686264768,0.8048235580226591,99.13637184705416,15.648355485268937,1811.2413418188924,False
1236,M6,66.14344369377696,0.7552865343778205,102.18429683486886,15.864700073775857,1808.1374109382264,False
1237,M6,67.28986121333077,0.8417596342235144,101.0442346888471,17.09654486353445,1806.164555887935,False
1238,M6,66.82541211844388,0.8468463469847262,99.8000875013292,15.817046035697464,1826.8046877429772,False
1239,M6,68.48393464659573,0.840598247325303,103.21923066274275,15.656506685783231,1829.5439806639463,False
1240,M6,69.14340898882658,0.8357033829786276,99.18283165276446,18.11728161827149,1810.2200772236688,False
1241,M6,67.4927629668075,0.8327838895686229,101.19583717245922,15.923991662843573,1832.3111606383654,False
1242,M6,68.5696942268088,0.8434293480291101,102.68492070584396,16.590147049055975,1806.0359611741626,False
1243,M6,65.5076234982374,0.8325220183798117,99.31026959841567,15.782702811965555,1817.5449737111028,False
1244,M6,65.2719536150049,0.7453523762544209,99.48541923101061,15.03488068482723,1799.7917666599228,False
1245,M6,62.360841122964146,0.7050160460103932,100.0342100872581,14.973210800728747,1801.7663511923388,False
1246,M6,63.73246380334417,0.7917002643714994,100.88190327025441,14.590072576483864,1793.715042577855,False
1247,M6,62.45511839739565,0.7322307008727305,101.50650383072286,14.954537994740459,1799.717317568832,False
1248,M6,64.16862834617301,0.83176029070982,100.35792775005268,15.12685452121949,1771.149982089712,False
1249,M6,62.137730057941916,0.7561085734251912,96.442861213332,13.58419122735203,1787.2735396177009,False
1250,M6,62.24651721157378,0.7272080921453296,96.48856195267466,13.125567457957473,1790.8300640507846,False
1251,M6,60.4652672812189,0.7651449915231421,96.24657180404267,13.496391295482974,1782.0302187562575,False
1252,M6,63.90259724679459,0.7744797634953848,98.22113570755086,14.609246673548627,1788.9735703071265,False
1253,M6,60.98804217913671,0.742114084751642,98.21105498880155,12.765873415368755,1785.5219751671868,False
1254,M6,64.26457582132603,0.8277818901757527,100.6974382827465,14.846502107749314,1791.4540365180546,False
1255,M6,63.08609859904696,0.7911374393455679,95.27902130115423,14.51745814378747,1786.7724964506808,False
1256,M6,63.46290648888464,0.6808314333394127,98.75160189592897,13.759236272191973,1790.6331983117757,False
1257,M6,64.29684506603144,0.7610866532839846,99.085305387827,15.418280624327533,1806.4127211091322,False
1258,M6,63.7566891857461,0.748638609122264,97.65940727409232,13.744229969803545,1816.5428968450567,False
1259,M6,67.37752400265244,0.8872940994636462,100.67796436580146,15.186638671139011,1800.3449702086912,False
1260,M6,68.68683151190086,0.850449525176769,103.28590539339858,15.846761640302246,1800.4345054988298,False
1261,M6,66.48029901997822,0.7896065032165582,101.37561383445248,14.168523390564816,1805.1478179751866,False
1262,M6,67.36334507486183,0.8415005521967608,100.0983144319975,15.625360728857995,1825.3719163284638,False
1263,M6,67.65403830368231,0.8980440875949769,99.70386127230464,15.812557713742313,1806.713481735667,False
1264,M6,68.22139485981023,0.8397155827709752,100.80358675140538,16.385824967262323,1811.1069527586378,False
1265,M6,67.76974766645971,0.8867431620150508,101.5740213639649,17.120439612700416,1807.6344262774169,False
1266,M6,65.35534412210393,0.8626670792544096,98.28760920449767,15.18254452328947,1808.2065337026643,False
1267,M6,66.94800954289279,0.772588579555561,99.81931636098449,15.486137091182245,1810.7247702153911,False
1268,M6,66.98180633351853,0.8751458189608174,103.74426596383144,16.011924880441654,1795.9099051762878,False
1269,M6,64.29449816952764,0.7378176644720136,101.80245047796451,15.085377419273643,1806.594676702462,False
1270,M6,64.89239891488185,0.7699219912230874,100.76189102011118,15.531561349231213,1778.236772225091,False
1271,M6,63.442665741935095,0.8142193003534245,100.22683496523933,14.43128375649449,1802.6349696451869,False
1272,M6,60.68272192115938,0.7461524752061834,97.31331136267106,13.611158669548573,1804.5016531883778,False
1273,M6,64.7475554055617,0.7653623448636809,101.9701393226454,14.54194696180251,1770.6920911127843,False
1274,M6,61.48617747438,0.735204042807543,94.02066744785726,13.836262953977268,1790.7706807370387,False
1275,M6,61.35601456842673,0.7569518854124813,98.35479052506297,13.99442443272972,1777.4290154030193,False
1276,M6,61.030834373163536,0.759322950980687,98.67527575174661,13.814782112605823,1788.6245959349349,False
1277,M6,61.99028552266934,0.6906703128909552,96.31880716475207,14.042210773345746,1774.502401874068,False
1278,M6,61.89834776465312,0.6861309884109348,99.44139206512573,13.656113896712359,1795.796751091932,False
1279,M6,63.97019971565136,0.7832564752735909,98.289252228949,14.600938837713011,1789.5096797588517,False
1280,M6,64.8693686800682,0.8162917087670695,100.66186718452995,15.44738782586459,1804.59517902595,False
1281,M6,64.9798153737097,0.7049322759834135,99.21351054418052,15.28995574093874,1804.8404760449623,False
1282,M6,64.86494798913643,0.8653273658051729,100.5522256365626,15.385321441558997,1791.475565764399,False
1283,M6,67.78922412489061,0.8547346305896296,100.40470683650304,16.29807979491921,1812.6398413394952,False
1284,M6,70.39353902224518,0.8616864420848784,101.5527276735166,18.49692256736098,1804.5031198724892,False
1285,M6,66.95133204542648,0.7771205133741963,103.35475500832041,16.111536502130292,1821.3863662432188,False
1286,M6,67.35420864138199,0.8468480390558005,99.01923346714632,16.63564650054846,1822.5892781133032,False
1287,M6,67.81593132560354,0.8180046325779493,99.68117011261712,15.488299346345135,1818.101094885426,False
1288,M6,66.86477106630201,0.8736376114443926,103.8232599503535,16.007195135062098,1831.4008987387906,False
1289,M6,67.87289224844214,0.7504890957861068,98.81952112393361,14.715849769683029,1814.8340091637913,False
1290,M6,66.18435649991952,0.7069424738478668,101.2525806222308,15.231674333826609,1819.6202573725634,False
1291,M6,66.11850410616017,0.7945828226870251,101.52638358488193,15.878319005559632,1803.9205755090857,False
1292,M6,65.49880872233054,0.7705156929511933,99.78457581228498,14.903717090102925,1806.8246236596406,False
1293,M6,65.95959744214511,0.7191026793023119,97.75690458166228,15.192486597284304,1805.3103148645307,False
1294,M6,63.457666503504676,0.7498913216307929,97.9335019913513,14.141362305261945,1790.0170355017221,False
1295,M6,61.571263644910566,0.7615845161671911,98.26295520470916,13.440484774299417,1791.9185363329277,False
1296,M6,64.51939544950054,0.8596984084077346,100.46815856656858,15.475911164431643,1778.066377338816,False
1297,M6,63.298160219020204,0.7751131942080235,97.12102347906564,14.36932932509522,1788.6837349424911,False
1298,M6,62.847888323091816,0.7426801740208755,96.29879214135066,13.539545742594425,1778.7414086868282,False
1299,M6,62.41632583212134,0.7658952531950648,99.25843794625705,14.189933437434338,1785.0138849679836,False
1300,M6,61.108585108185046,0.7863551132366869,96.8652734574248,14.528800729565804,1782.9757644215915,False
1301,M6,61.14904745448819,0.770821807008212,94.74266313151819,14.424446038849242,1798.5548204772267,False
1302,M6,64.10035505575809,0.7899129126511764,98.9115842605169,13.678781193929703,1784.3454624528938,False
1303,M6,61.36955027476287,0.6773064416088584,99.20739338409808,13.488477055223822,1791.380402559584,False
1304,M6,66.14800356954215,0.8062144734144278,102.75496121125299,16.18401474228345,1781.2338062852114,False
1305,M6,63.60038842850268,0.69904404298534,98.80078412412146,14.01168870409691,1812.1807089606616,False
1306,M6,66.8421295169614,0.7525650337372956,102.69464749318813,15.050183737788533,1808.2176139633523,False
1307,M6,64.52479073918974,0.75752822933808,100.65753424548177,15.08927207661896,1811.330716014317,False
1308,M6,66.77146331415122,0.7995046096698502,104.71886213478221,15.908256570524166,1813.1456600684073,False
1309,M6,68.2486014679813,0.7965515066903889,102.65072362692138,16.61520929961385,1818.8598561928131,False
1310,M6,67.13837458874544,0.7649886379313031,98.50667606300581,16.36435618223042,1822.845867916417,False
1311,M6,66.87190473281001,0.8176242830140537,105.71642255834468,15.670640404763507,1807.9154585401202,False
1312,M6,68.92044946307611,0.8711600945694163,102.10354516404789,16.148548765647632,1802.843504123327,False
1313,M6,69.48565920560206,0.8126206765537077,100.2189990577758,16.845711642843398,1808.735752339841,False
1314,M6,69.1573950192125,0.8624324503653467,99.85261469626045,17.023196705511147,1793.7525344785022,False
1315,M6,64.63995033825043,0.7308420662552669,98.04972958194533,14.770601978445347,1816.2786388935635,False
1316,M6,64.33213975740213,0.7030628525299066,103.68873990153854,14.332689447230834,1803.752888064216,False
1317,M6,64.38951216212135,0.7832888846681263,93.72496009865938,14.040557877559337,1808.317084661426,False
1318,M6,64.097622397325,0.7266434940995916,100.48828088707322,15.301221134364454,1803.1061548835987,False
1319,M6,63.61787063769335,0.8148786962948399,99.88943244825633,14.794484145567043,1790.1888719612516,False
1320,M6,63.56181911245145,0.7635129206409748,97.50968817170218,14.695595362112487,1794.9912777526429,False
1321,M6,62.60900277509267,0.6965760101054499,99.56577489630679,14.192293159340908,1787.382181906807,False
1322,M6,62.3477844250207,0.7240400762109133,98.1642844641796,12.763174800665821,1798.7220528942437,False
1323,M6,60.381404383528626,0.617168866614051,101.18870346958921,13.608730840039188,1791.1872743084698,False
1324,M6,61.25967564174023,0.7856136743759294,97.38303424998333,13.962861306956551,1789.8680061519217,False
1325,M6,62.584983666595356,0.7252637497679831,99.8422670389663,14.401672177688747,1789.9792204599596,False
1326,M6,64.13232602774676,0.7319017853481412,98.88984002766894,15.31686889558805,1800.1891032657904,False
1327,M6,66.18711462776483,0.7827833145465085,96.71239105331823,15.353635719238346,1783.658102380959,False
1328,M6,65.35485624145969,0.7362672707114614,97.37463777292551,15.032781501667014,1789.0279048720809,False
1329,M6,62.10602437509875,0.7404724295516822,98.76757749036824,13.718365722011766,1817.4215973212256,False
1330,M6,65.33293802716445,0.8240861067597319,101.25621964584865,15.5741349236952,1811.4502629354317,False
1331,M6,66.87146111938956,0.8230416107756385,99.99032756617733,15.851730307358558,1824.3151014107825,False
1332,M6,69.77712540259974,0.9122740682723026,101.22662809363696,16.559923083995162,1818.4949807885973,False
1333,M6,66.836327111132,0.8277851589123064,101.53285661714004,15.46630776895157,1800.4043201032036,False
1334,M6,67.33103420513518,0.8511760907346787,101.27508190360615,16.49292607197109,1822.1443109507861,False
1335,M6,66.4516145963747,0.7614805966755022,101.9239761300969,15.953805551783645,1811.2280707267366,False
1336,M6,66.16687101702927,0.7886307230215428,102.63162320169754,15.806812654320161,1813.979761212615,False
1337,M6,67.84777757081328,0.7660437662581794,102.44535757476353,16.470704680354448,1806.7154662647222,False
1338,M6,68.14870000142191,0.8740085121055277,103.10917645073101,15.696530239102033,1803.4576132683633,False
1339,M6,64.78443542706411,0.8469627431456003,98.92330124966897,14.815784140623757,1812.3857923474081,False
1340,M6,66.32574917865601,0.7858474071686534,101.8711633259381,16.095046652461072,1804.3231845278726,False
1341,M6,66.21295211723408,0.8019607078977878,101.4062824396507,15.745679952616607,1818.826873832338,False
1342,M6,65.59122788363005,0.7976102012237506,97.78571609435657,15.56368502253106,1799.6031315232137,False
1343,M6,64.0592073065148,0.7426838538481317,98.00235283508053,14.124774359384174,1791.0831178311514,False
1344,M6,61.28024845386599,0.8039001610250208,98.07236021331416,13.796643926348116,1786.2417886109768,False
1345,M6,62.63749595529361,0.7340892580775339,96.6225441569501,13.588595651999912,1784.8218219754035,False
1346,M6,62.74172300995517,0.8053249258374245,101.85763679491923,14.187710761291827,1798.6567048582094,False
1347,M6,62.67243995305178,0.7621971878123857,96.36796856464377,14.174608285535104,1775.3345168695323,False
1348,M6,62.64045522428202,0.7182780672403954,98.62984698357182,13.970272151940712,1775.168945081524,False
1349,M6,63.167424565424795,0.7991168478661848,97.49332994210505,14.287175550283353,1774.101560402088,False
1350,M6,62.19206580099067,0.757064511751542,98.66249723549953,13.950432277033663,1784.514012688782,False
1351,M6,63.78734214229079,0.768018665815652,102.04295185972899,14.207537151415126,1772.474743333176,False
1352,M6,65.79056157974397,0.7619842250792128,98.69752784334848,14.168538271758134,1785.4780271415889,False
1353,M6,65.32565388983684,0.7202374551722573,100.91903756338567,16.01661906248506,1798.1909619484825,False
1354,M6,65.35475831677849,0.7655328467321106,100.35239297167323,16.09924482136118,1800.308261993663,False
1355,M6,67.92359462859233,0.8636178757572087,103.74274829976535,16.300359998104437,1796.6687888479,False
1356,M6,65.93629361999405,0.7745223899039063,101.21474754030865,16.179346808728788,1819.5011020424652,False
1357,M6,67.22072975940972,0.7445847909576085,102.46820115348088,15.58153605741444,1811.3688848846123,False
1358,M6,69.05948650829156,0.7900521587371384,102.692166453528,15.995842618339237,1822.1469784470023,False
1359,M6,67.52218560900498,0.8439223776263906,103.77499840687926,15.997180118921468,1806.9175971836946,False
1360,M6,71.22616279578077,0.9141133196701415,105.91051328579286,17.013791922784534,1828.1210656664014,False
1361,M6,66.41079772936573,0.7535697827968063,103.33298672266218,15.523861167562359,1816.497987471538,False
1362,M6,68.6825928763146,0.8815133888372692,99.41165120111542,16.44838530727014,1813.7467401659899,False
1363,M6,65.73343354423186,0.7945647843059185,99.3760808796171,15.114316351529336,1808.0537023320644,False
1364,M6,65.94848968363279,0.8353602573201465,100.37442376986316,16.004868958408068,1803.2982339864182,False
1365,M6,65.78579635154735,0.7483467561610052,99.15053377413604,15.40408445623523,1795.8166480520829,False
1366,M6,65.72159836381063,0.7496499633397398,100.25652983783667,15.384107737827385,1789.0160625825172,False
1367,M6,64.11939270074286,0.6731123391573938,101.89207359872508,14.641045126434397,1783.9059252329087,False
1368,M6,61.954787861030425,0.7550823784864167,99.69891460270443,14.321073670254062,1776.1925060343597,False
1369,M6,62.344736066468265,0.7652180008394955,98.55860456227386,14.729278292938673,1775.8867330142234,False
1370,M6,60.05491536803528,0.6398746111783072,94.45031013423807,13.14909576831702,1793.5505066703745,False
1371,M6,62.519593136670224,0.7027846240358845,97.57583756874887,14.547281567054354,1771.682435985158,False
1372,M6,61.34148549196224,0.7141184836750913,96.84480062043444,14.252513184571638,1802.1398623704456,False
1373,M6,61.93232131523535,0.659186521522808,97.79249008099356,14.340296713518699,1786.9032959668345,False
1374,M6,61.76243657784207,0.6731604897313618,94.19451707660404,13.711881480069676,1797.4070363196404,False
1375,M6,65.88666910420324,0.7570396911597912,100.50262092880537,14.91088878864771,1778.606115225277,False
1376,M6,63.191861071997735,0.7081580669332874,99.19008141255136,14.399257985235261,1792.2005101718416,False
1377,M6,64.91372994925214,0.7707840046854146,100.11547435476955,16.239000513234217,1803.6399720057457,False
1378,M6,65.87413098052534,0.7807245649757834,100.01013719119523,16.01769483838177,1796.6459312582222,False
1379,M6,66.49197660005886,0.8088521791023088,103.0490906904818,15.736346323289155,1804.6289353647282,False
1380,M6,68.88421407200786,0.7817122068725221,102.41276896180094,16.02118764037081,1804.1307965174447,False
1381,M6,70.24572132625308,0.8639164184542673,102.11301876499334,15.856340994772227,1823.5867462673564,False
1382,M6,66.6813547381579,0.7450200928629036,103.84170555411367,16.00503252772254,1821.3522668270805,False
1383,M6,67.23512887406386,0.7755440836483005,103.19352905967799,15.29821746596094,1822.4858884098135,False
1384,M6,67.36794778775166,0.7765355565337445,99.61675300084185,16.175522052150278,1810.3586664452744,False
1385,M6,65.72783483079809,0.7874656469898005,102.14959960281426,15.664602038761043,1808.371732177055,False
1386,M6,68.162469596938,0.8247013921920291,104.59811288252124,15.808202789265792,1823.0561250431026,False
1387,M6,67.20135525726047,0.8788435558659687,102.5515029145414,15.329829453519096,1817.4372251922778,False
1388,M6,65.9001603871883,0.8134431040196165,101.88511931231876,16.02670653676165,1809.1066872305175,False
1389,M6,66.16788556289687,0.798105753036333,99.2168076501929,16.868343517727116,1793.9776285457742,False
1390,M6,63.30027566136259,0.6771520102342469,100.800669639919,14.07779574342015,1795.9845986970963,False
1391,M6,65.00711674813793,0.7781569531795978,95.84507866092387,15.211408763515534,1780.528173574951,False
1392,M6,62.96701051383691,0.7492049246009332,98.21177150972636,14.846982577143782,1781.8472201578145,False
1393,M6,61.71589543683579,0.7510452887319492,98.01551592578072,13.878043170116454,1794.398483124967,False
1394,M6,64.07394846212866,0.8070120963673453,99.20809954686949,15.220998680641925,1790.4421324397117,False
1395,M6,63.01431117031401,0.6758084119337343,98.30874637748124,14.885470150540609,1773.8824756049257,False
1396,M6,60.45705453388379,0.668447493127095,97.52707475671954,13.218109280681075,1787.90110759091,False
1397,M6,61.04611868527613,0.6513197124164005,96.52604638246537,14.02236464456012,1789.9517566664563,False
1398,M6,63.318487781478666,0.8080042816190142,99.86523891350603,14.235584089122334,1770.836449762991,False
1399,M6,64.67876154447525,0.7894799903510797,100.15886403560795,15.046638585447491,1796.5902977783392,False
1400,M6,65.01982084777127,0.7062203652218049,98.11832158898126,14.834532452159529,1804.2662676225416,False
1401,M6,66.72388388087066,0.8735433427458406,101.02907030566048,15.64583367863646,1804.6245369085939,False
1402,M6,66.53442542447965,0.8994469964929125,101.57176616604487,16.10093654274581,1805.0339397612595,False
1403,M6,68.1352017933352,0.8540850574410017,100.13519943745906,16.3797919880073,1820.169006318847,False
1404,M6,67.81096178156432,0.8313063571465041,100.28748187222912,15.638688697030886,1811.43855601129,False
1405,M6,66.99821085581827,0.7652062761174552,99.16051838918818,15.864411631464577,1808.3060320934928,False
1406,M6,68.74864384218102,0.8854239490781933,102.14294887151559,16.60240514230194,1812.5038248752337,False
1407,M6,69.48003566173455,0.9196525511277294,101.7831784033838,17.681984090490523,1807.8537075351826,False
1408,M6,67.21908106153155,0.8672993241352743,102.17318569857967,15.252484390874706,1819.264842435019,False
1409,M6,66.35451442244276,0.8482366921556883,100.50134586952487,15.008021466839473,1815.3247002376152,False
1410,M6,67.76676876006553,0.7973851161838335,98.98738694748741,15.461278884715538,1813.1326231673406,False
1411,M6,65.96385246660908,0.7206727231514966,100.29823182559299,15.109130832944762,1810.2006383567457,False
1412,M6,64.90840816438298,0.8235551133305458,99.01061916542143,15.035863541696141,1794.810405457332,False
1413,M6,64.19360432255338,0.7975289681191151,97.43935710950826,14.94522300469789,1801.2687174844061,False
1414,M6,65.50767927940757,0.7908093823449612,98.88331945464915,15.506966497933675,1796.9173588910298,False
1415,M6,64.88965429814665,0.7372098336818863,97.83619042627744,14.133561253066071,1806.844173684217,False
1416,M6,63.20356877054137,0.7473899618941687,101.15074716275518,14.07184011028397,1797.9313181754003,False
1417,M6,61.330127159624276,0.7343478521597315,95.60349292772207,13.961345766032732,1780.7359830849477,False
1418,M6,63.51356845840671,0.7631274167198565,99.41327768825184,14.605743530035527,1787.8448288656073,False
1419,M6,62.03004860317472,0.678244454188641,100.38884984456499,13.176802659347283,1778.2934908853547,False
1420,M6,62.5979068483296,0.7384046827055064,99.90303319472198,13.8469636072412,1773.0770340686229,False
1421,M6,60.92956255416264,0.6992650932381246,96.37262842829516,13.489742201184573,1797.413016711232,False
1422,M6,62.09490372853142,0.7156705161821186,96.26005498001284,14.183419937634694,1796.0315280544567,False
1423,M6,62.882900971623265,0.7554250632046023,96.808094715607,13.527760183454578,1800.0451291135817,False
1424,M6,62.60825884525646,0.678971469658452,97.6328713728016,13.913539772738984,1785.2802844885903,False
1425,M6,64.53542670279028,0.7831776856263358,95.44772829579786,14.631293219313164,1792.697448077095,False
1426,M6,65.26488336466379,0.7554440211106713,99.49085277339265,15.266952589875501,1792.5488670435159,False
1427,M6,67.58914961337217,0.7829053869972361,100.54873695594681,16.304288101378454,1806.605933308084,False
1428,M6,68.10700337926704,0.7897211665204361,100.44594502405187,15.28984625297465,1806.3706701263857,False
1429,M6,68.50276162434884,0.76693739345055,99.41617952850181,15.766013412759493,1806.064614353152,False
1430,M6,68.58302665388251,0.8398435617139265,101.73178877341658,15.91197873241487,1813.3141551278443,False
1431,M6,68.36642318029243,0.8352723144787492,99.64934609509777,16.609908450018164,1815.5513032923566,False
1432,M6,67.67447500844173,0.785135759441402,106.06210168370502,16.332088251735257,1808.3408563776745,False
1433,M6,67.41970095481666,0.8079638260322697,100.65395804266477,16.328721766619147,1805.3445684004244,False
1434,M6,67.12406129546034,0.7859551404228738,100.72144062141751,16.223663109139522,1821.8810950386624,False
1435,M6,65.78929031581623,0.8400639599091109,99.8563264361306,15.226914740698597,1812.550562508557,False
1436,M6,64.41848425292146,0.8002798437122495,97.97763164247807,14.924211129533427,1802.146832874486,False
1437,M6,63.88362181638978,0.7183012195809512,101.40252282153766,15.655833522678494,1794.599684043716,False
1438,M6,64.95655030115635,0.8147020639709651,101.9020690340506,15.190969836068236,1798.7609022533586,False
1439,M6,61.740549496944745,0.6425948851344623,98.66376926092838,13.199774041479575,1793.7797831607827,False
