date,store,product,series_id,day_index,weekday,is_promo,demand
2024-01-01,S1,P1,S1_P1,0,0,False,79
2024-01-02,S1,P1,S1_P1,1,1,False,204
2024-01-03,S1,P1,S1_P1,2,2,False,78
2024-01-04,S1,P1,S1_P1,3,3,True,131
2024-01-05,S1,P1,S1_P1,4,4,False,221
2024-01-06,S1,P1,S1_P1,5,5,False,157
2024-01-07,S1,P1,S1_P1,6,6,False,157
2024-01-08,S1,P1,S1_P1,7,0,False,131
2024-01-09,S1,P1,S1_P1,8,1,False,117
2024-01-10,S1,P1,S1_P1,9,2,False,137
2024-01-11,S1,P1,S1_P1,10,3,False,225
2024-01-12,S1,P1,S1_P1,11,4,False,74
2024-01-13,S1,P1,S1_P1,12,5,False,104
2024-01-14,S1,P1,S1_P1,13,6,False,171
2024-01-15,S1,P1,S1_P1,14,0,False,79
2024-01-16,S1,P1,S1_P1,15,1,False,100
2024-01-17,S1,P1,S1_P1,16,2,False,80
2024-01-18,S1,P1,S1_P1,17,3,False,218
2024-01-19,S1,P1,S1_P1,18,4,False,212
2024-01-20,S1,P1,S1_P1,19,5,False,145
2024-01-21,S1,P1,S1_P1,20,6,False,162
2024-01-22,S1,P1,S1_P1,21,0,False,133
2024-01-23,S1,P1,S1_P1,22,1,False,186
2024-01-24,S1,P1,S1_P1,23,2,False,85
2024-01-25,S1,P1,S1_P1,24,3,False,116
2024-01-26,S1,P1,S1_P1,25,4,False,132
2024-01-27,S1,P1,S1_P1,26,5,False,217
2024-01-28,S1,P1,S1_P1,27,6,False,155
2024-01-29,S1,P1,S1_P1,28,0,False,99
2024-01-30,S1,P1,S1_P1,29,1,False,58
2024-01-31,S1,P1,S1_P1,30,2,False,87
2024-02-01,S1,P1,S1_P1,31,3,False,91
2024-02-02,S1,P1,S1_P1,32,4,False,178
2024-02-03,S1,P1,S1_P1,33,5,False,116
2024-02-04,S1,P1,S1_P1,34,6,False,116
2024-02-05,S1,P1,S1_P1,35,0,False,126
2024-02-06,S1,P1,S1_P1,36,1,False,98
2024-02-07,S1,P1,S1_P1,37,2,False,121
2024-02-08,S1,P1,S1_P1,38,3,False,197
2024-02-09,S1,P1,S1_P1,39,4,False,107
2024-02-10,S1,P1,S1_P1,40,5,True,287
2024-02-11,S1,P1,S1_P1,41,6,False,109
2024-02-12,S1,P1,S1_P1,42,0,False,115
2024-02-13,S1,P1,S1_P1,43,1,False,70
2024-02-14,S1,P1,S1_P1,44,2,False,63
2024-02-15,S1,P1,S1_P1,45,3,False,133
2024-02-16,S1,P1,S1_P1,46,4,False,173
2024-02-17,S1,P1,S1_P1,47,5,True,163
2024-02-18,S1,P1,S1_P1,48,6,False,83
2024-02-19,S1,P1,S1_P1,49,0,False,64
2024-02-20,S1,P1,S1_P1,50,1,False,81
2024-02-21,S1,P1,S1_P1,51,2,False,245
2024-02-22,S1,P1,S1_P1,52,3,True,135
2024-02-23,S1,P1,S1_P1,53,4,True,282
2024-02-24,S1,P1,S1_P1,54,5,False,88
2024-02-25,S1,P1,S1_P1,55,6,False,204
2024-02-26,S1,P1,S1_P1,56,0,False,86
2024-02-27,S1,P1,S1_P1,57,1,False,158
2024-02-28,S1,P1,S1_P1,58,2,False,98
2024-02-29,S1,P1,S1_P1,59,3,False,224
2024-03-01,S1,P1,S1_P1,60,4,True,298
2024-03-02,S1,P1,S1_P1,61,5,False,211
2024-03-03,S1,P1,S1_P1,62,6,False,163
2024-03-04,S1,P1,S1_P1,63,0,False,71
2024-03-05,S1,P1,S1_P1,64,1,False,104
2024-03-06,S1,P1,S1_P1,65,2,False,149
2024-03-07,S1,P1,S1_P1,66,3,False,91
2024-03-08,S1,P1,S1_P1,67,4,False,93
2024-03-09,S1,P1,S1_P1,68,5,False,110
2024-03-10,S1,P1,S1_P1,69,6,True,276
2024-03-11,S1,P1,S1_P1,70,0,False,213
2024-03-12,S1,P1,S1_P1,71,1,False,97
2024-03-13,S1,P1,S1_P1,72,2,False,129
2024-03-14,S1,P1,S1_P1,73,3,True,152
2024-03-15,S1,P1,S1_P1,74,4,False,148
2024-03-16,S1,P1,S1_P1,75,5,False,87
2024-03-17,S1,P1,S1_P1,76,6,False,173
2024-03-18,S1,P1,S1_P1,77,0,False,130
2024-03-19,S1,P1,S1_P1,78,1,False,267
2024-03-20,S1,P1,S1_P1,79,2,False,167
2024-03-21,S1,P1,S1_P1,80,3,False,125
2024-03-22,S1,P1,S1_P1,81,4,False,203
2024-03-23,S1,P1,S1_P1,82,5,False,155
2024-03-24,S1,P1,S1_P1,83,6,False,134
2024-03-25,S1,P1,S1_P1,84,0,False,189
2024-03-26,S1,P1,S1_P1,85,1,False,46
2024-03-27,S1,P1,S1_P1,86,2,False,56
2024-03-28,S1,P1,S1_P1,87,3,True,203
2024-03-29,S1,P1,S1_P1,88,4,False,185
2024-03-30,S1,P1,S1_P1,89,5,False,176
2024-03-31,S1,P1,S1_P1,90,6,False,214
2024-04-01,S1,P1,S1_P1,91,0,False,115
2024-04-02,S1,P1,S1_P1,92,1,False,88
2024-04-03,S1,P1,S1_P1,93,2,False,155
2024-04-04,S1,P1,S1_P1,94,3,False,170
2024-04-05,S1,P1,S1_P1,95,4,False,136
2024-04-06,S1,P1,S1_P1,96,5,False,316
2024-04-07,S1,P1,S1_P1,97,6,False,162
2024-04-08,S1,P1,S1_P1,98,0,False,122
2024-04-09,S1,P1,S1_P1,99,1,False,137
2024-04-10,S1,P1,S1_P1,100,2,False,59
2024-04-11,S1,P1,S1_P1,101,3,False,72
2024-04-12,S1,P1,S1_P1,102,4,False,70
2024-04-13,S1,P1,S1_P1,103,5,False,134
2024-04-14,S1,P1,S1_P1,104,6,False,212
2024-04-15,S1,P1,S1_P1,105,0,True,292
2024-04-16,S1,P1,S1_P1,106,1,False,43
2024-04-17,S1,P1,S1_P1,107,2,False,83
2024-04-18,S1,P1,S1_P1,108,3,False,233
2024-04-19,S1,P1,S1_P1,109,4,False,284
2024-04-20,S1,P1,S1_P1,110,5,False,236
2024-04-21,S1,P1,S1_P1,111,6,False,325
2024-04-22,S1,P1,S1_P1,112,0,False,100
2024-04-23,S1,P1,S1_P1,113,1,False,82
2024-04-24,S1,P1,S1_P1,114,2,False,97
2024-04-25,S1,P1,S1_P1,115,3,False,138
2024-04-26,S1,P1,S1_P1,116,4,False,212
2024-04-27,S1,P1,S1_P1,117,5,False,217
2024-04-28,S1,P1,S1_P1,118,6,False,189
2024-04-29,S1,P1,S1_P1,119,0,False,125
2024-04-30,S1,P1,S1_P1,120,1,True,63
2024-05-01,S1,P1,S1_P1,121,2,False,119
2024-05-02,S1,P1,S1_P1,122,3,False,85
2024-05-03,S1,P1,S1_P1,123,4,False,89
2024-05-04,S1,P1,S1_P1,124,5,False,129
2024-05-05,S1,P1,S1_P1,125,6,False,216
2024-05-06,S1,P1,S1_P1,126,0,False,146
2024-05-07,S1,P1,S1_P1,127,1,False,117
2024-05-08,S1,P1,S1_P1,128,2,False,57
2024-05-09,S1,P1,S1_P1,129,3,False,109
2024-05-10,S1,P1,S1_P1,130,4,False,201
2024-05-11,S1,P1,S1_P1,131,5,False,219
2024-05-12,S1,P1,S1_P1,132,6,False,206
2024-05-13,S1,P1,S1_P1,133,0,False,85
2024-05-14,S1,P1,S1_P1,134,1,False,88
2024-05-15,S1,P1,S1_P1,135,2,False,128
2024-05-16,S1,P1,S1_P1,136,3,False,197
2024-05-17,S1,P1,S1_P1,137,4,False,112
2024-05-18,S1,P1,S1_P1,138,5,False,195
2024-05-19,S1,P1,S1_P1,139,6,False,232
2024-05-20,S1,P1,S1_P1,140,0,False,85
2024-05-21,S1,P1,S1_P1,141,1,False,101
2024-05-22,S1,P1,S1_P1,142,2,True,100
2024-05-23,S1,P1,S1_P1,143,3,False,77
2024-05-24,S1,P1,S1_P1,144,4,False,62
2024-05-25,S1,P1,S1_P1,145,5,False,148
2024-05-26,S1,P1,S1_P1,146,6,False,225
2024-05-27,S1,P1,S1_P1,147,0,False,135
2024-05-28,S1,P1,S1_P1,148,1,False,129
2024-05-29,S1,P1,S1_P1,149,2,False,142
2024-05-30,S1,P1,S1_P1,150,3,False,77
2024-05-31,S1,P1,S1_P1,151,4,False,103
2024-06-01,S1,P1,S1_P1,152,5,False,197
2024-06-02,S1,P1,S1_P1,153,6,False,131
2024-06-03,S1,P1,S1_P1,154,0,False,93
2024-06-04,S1,P1,S1_P1,155,1,False,95
2024-06-05,S1,P1,S1_P1,156,2,False,85
2024-06-06,S1,P1,S1_P1,157,3,False,126
2024-06-07,S1,P1,S1_P1,158,4,False,297
2024-06-08,S1,P1,S1_P1,159,5,False,171
2024-06-09,S1,P1,S1_P1,160,6,False,120
2024-06-10,S1,P1,S1_P1,161,0,False,118
2024-06-11,S1,P1,S1_P1,162,1,False,115
2024-06-12,S1,P1,S1_P1,163,2,False,46
2024-06-13,S1,P1,S1_P1,164,3,False,247
2024-06-14,S1,P1,S1_P1,165,4,False,137
2024-06-15,S1,P1,S1_P1,166,5,False,102
2024-06-16,S1,P1,S1_P1,167,6,False,44
2024-06-17,S1,P1,S1_P1,168,0,False,173
2024-06-18,S1,P1,S1_P1,169,1,False,142
2024-06-19,S1,P1,S1_P1,170,2,False,257
2024-06-20,S1,P1,S1_P1,171,3,True,111
2024-06-21,S1,P1,S1_P1,172,4,False,226
2024-06-22,S1,P1,S1_P1,173,5,False,220
2024-06-23,S1,P1,S1_P1,174,6,False,98
2024-06-24,S1,P1,S1_P1,175,0,False,169
2024-06-25,S1,P1,S1_P1,176,1,False,99
2024-06-26,S1,P1,S1_P1,177,2,False,66
2024-06-27,S1,P1,S1_P1,178,3,False,157
2024-06-28,S1,P1,S1_P1,179,4,False,68
2024-06-29,S1,P1,S1_P1,180,5,False,174
2024-06-30,S1,P1,S1_P1,181,6,False,123
2024-07-01,S1,P1,S1_P1,182,0,False,147
2024-07-02,S1,P1,S1_P1,183,1,False,127
2024-07-03,S1,P1,S1_P1,184,2,False,127
2024-07-04,S1,P1,S1_P1,185,3,False,50
2024-07-05,S1,P1,S1_P1,186,4,False,145
2024-07-06,S1,P1,S1_P1,187,5,False,133
2024-07-07,S1,P1,S1_P1,188,6,False,166
2024-07-08,S1,P1,S1_P1,189,0,False,85
2024-07-09,S1,P1,S1_P1,190,1,False,219
2024-07-10,S1,P1,S1_P1,191,2,False,87
2024-07-11,S1,P1,S1_P1,192,3,False,130
2024-07-12,S1,P1,S1_P1,193,4,False,188
2024-07-13,S1,P1,S1_P1,194,5,False,183
2024-07-14,S1,P1,S1_P1,195,6,False,83
2024-07-15,S1,P1,S1_P1,196,0,False,106
2024-07-16,S1,P1,S1_P1,197,1,False,123
2024-07-17,S1,P1,S1_P1,198,2,False,83
2024-07-18,S1,P1,S1_P1,199,3,False,144
2024-07-19,S1,P1,S1_P1,200,4,False,269
2024-07-20,S1,P1,S1_P1,201,5,False,202
2024-07-21,S1,P1,S1_P1,202,6,False,138
2024-07-22,S1,P1,S1_P1,203,0,False,60
2024-07-23,S1,P1,S1_P1,204,1,False,119
2024-07-24,S1,P1,S1_P1,205,2,False,102
2024-07-25,S1,P1,S1_P1,206,3,False,141
2024-07-26,S1,P1,S1_P1,207,4,False,99
2024-07-27,S1,P1,S1_P1,208,5,False,157
2024-07-28,S1,P1,S1_P1,209,6,False,135
2024-07-29,S1,P1,S1_P1,210,0,False,155
2024-07-30,S1,P1,S1_P1,211,1,False,72
2024-07-31,S1,P1,S1_P1,212,2,False,72
2024-08-01,S1,P1,S1_P1,213,3,False,64
2024-08-02,S1,P1,S1_P1,214,4,False,176
2024-08-03,S1,P1,S1_P1,215,5,True,179
2024-08-04,S1,P1,S1_P1,216,6,False,176
2024-08-05,S1,P1,S1_P1,217,0,False,172
2024-08-06,S1,P1,S1_P1,218,1,False,60
2024-08-07,S1,P1,S1_P1,219,2,True,212
2024-08-08,S1,P1,S1_P1,220,3,False,111
2024-08-09,S1,P1,S1_P1,221,4,False,101
2024-08-10,S1,P1,S1_P1,222,5,False,249
2024-08-11,S1,P1,S1_P1,223,6,False,43
2024-08-12,S1,P1,S1_P1,224,0,False,136
2024-08-13,S1,P1,S1_P1,225,1,False,150
2024-08-14,S1,P1,S1_P1,226,2,False,170
2024-08-15,S1,P1,S1_P1,227,3,False,159
2024-08-16,S1,P1,S1_P1,228,4,False,186
2024-08-17,S1,P1,S1_P1,229,5,False,146
2024-08-18,S1,P1,S1_P1,230,6,False,169
2024-08-19,S1,P1,S1_P1,231,0,False,105
2024-08-20,S1,P1,S1_P1,232,1,False,98
2024-08-21,S1,P1,S1_P1,233,2,False,134
2024-08-22,S1,P1,S1_P1,234,3,False,121
2024-08-23,S1,P1,S1_P1,235,4,False,117
2024-08-24,S1,P1,S1_P1,236,5,False,137
2024-08-25,S1,P1,S1_P1,237,6,False,149
2024-08-26,S1,P1,S1_P1,238,0,False,115
2024-08-27,S1,P1,S1_P1,239,1,False,70
2024-08-28,S1,P1,S1_P1,240,2,True,100
2024-08-29,S1,P1,S1_P1,241,3,False,146
2024-08-30,S1,P1,S1_P1,242,4,False,127
2024-08-31,S1,P1,S1_P1,243,5,False,100
2024-09-01,S1,P1,S1_P1,244,6,False,135
2024-09-02,S1,P1,S1_P1,245,0,True,173
2024-09-03,S1,P1,S1_P1,246,1,True,291
2024-09-04,S1,P1,S1_P1,247,2,False,222
2024-09-05,S1,P1,S1_P1,248,3,False,75
2024-09-06,S1,P1,S1_P1,249,4,False,248
2024-09-07,S1,P1,S1_P1,250,5,False,208
2024-09-08,S1,P1,S1_P1,251,6,False,192
2024-09-09,S1,P1,S1_P1,252,0,False,206
2024-09-10,S1,P1,S1_P1,253,1,False,74
2024-09-11,S1,P1,S1_P1,254,2,False,93
2024-09-12,S1,P1,S1_P1,255,3,False,130
2024-09-13,S1,P1,S1_P1,256,4,False,127
2024-09-14,S1,P1,S1_P1,257,5,False,140
2024-09-15,S1,P1,S1_P1,258,6,False,73
2024-09-16,S1,P1,S1_P1,259,0,False,65
2024-09-17,S1,P1,S1_P1,260,1,False,67
2024-09-18,S1,P1,S1_P1,261,2,False,74
2024-09-19,S1,P1,S1_P1,262,3,False,101
2024-09-20,S1,P1,S1_P1,263,4,False,279
2024-09-21,S1,P1,S1_P1,264,5,False,138
2024-09-22,S1,P1,S1_P1,265,6,False,114
2024-09-23,S1,P1,S1_P1,266,0,False,94
2024-09-24,S1,P1,S1_P1,267,1,False,59
2024-09-25,S1,P1,S1_P1,268,2,False,86
2024-09-26,S1,P1,S1_P1,269,3,False,122
2024-09-27,S1,P1,S1_P1,270,4,False,175
2024-09-28,S1,P1,S1_P1,271,5,False,224
2024-09-29,S1,P1,S1_P1,272,6,False,180
2024-09-30,S1,P1,S1_P1,273,0,False,115
2024-10-01,S1,P1,S1_P1,274,1,False,145
2024-10-02,S1,P1,S1_P1,275,2,False,64
2024-10-03,S1,P1,S1_P1,276,3,False,168
2024-10-04,S1,P1,S1_P1,277,4,False,54
2024-10-05,S1,P1,S1_P1,278,5,False,316
2024-10-06,S1,P1,S1_P1,279,6,False,124
2024-10-07,S1,P1,S1_P1,280,0,False,131
2024-10-08,S1,P1,S1_P1,281,1,False,116
2024-10-09,S1,P1,S1_P1,282,2,False,173
2024-10-10,S1,P1,S1_P1,283,3,False,84
2024-10-11,S1,P1,S1_P1,284,4,False,137
2024-10-12,S1,P1,S1_P1,285,5,False,184
2024-10-13,S1,P1,S1_P1,286,6,False,165
2024-10-14,S1,P1,S1_P1,287,0,False,51
2024-10-15,S1,P1,S1_P1,288,1,True,286
2024-10-16,S1,P1,S1_P1,289,2,False,121
2024-10-17,S1,P1,S1_P1,290,3,False,196
2024-10-18,S1,P1,S1_P1,291,4,False,156
2024-10-19,S1,P1,S1_P1,292,5,False,139
2024-10-20,S1,P1,S1_P1,293,6,False,109
2024-10-21,S1,P1,S1_P1,294,0,False,121
2024-10-22,S1,P1,S1_P1,295,1,False,42
2024-10-23,S1,P1,S1_P1,296,2,False,158
2024-10-24,S1,P1,S1_P1,297,3,False,135
2024-10-25,S1,P1,S1_P1,298,4,False,180
2024-10-26,S1,P1,S1_P1,299,5,False,117
2024-10-27,S1,P1,S1_P1,300,6,True,217
2024-10-28,S1,P1,S1_P1,301,0,False,61
2024-10-29,S1,P1,S1_P1,302,1,False,85
2024-10-30,S1,P1,S1_P1,303,2,True,212
2024-10-31,S1,P1,S1_P1,304,3,False,98
2024-11-01,S1,P1,S1_P1,305,4,False,105
2024-11-02,S1,P1,S1_P1,306,5,False,110
2024-11-03,S1,P1,S1_P1,307,6,False,132
2024-11-04,S1,P1,S1_P1,308,0,False,67
2024-11-05,S1,P1,S1_P1,309,1,False,176
2024-11-06,S1,P1,S1_P1,310,2,True,187
2024-11-07,S1,P1,S1_P1,311,3,False,38
2024-11-08,S1,P1,S1_P1,312,4,False,204
2024-11-09,S1,P1,S1_P1,313,5,False,85
2024-11-10,S1,P1,S1_P1,314,6,False,162
2024-11-11,S1,P1,S1_P1,315,0,False,163
2024-11-12,S1,P1,S1_P1,316,1,True,201
2024-11-13,S1,P1,S1_P1,317,2,True,263
2024-11-14,S1,P1,S1_P1,318,3,False,184
2024-11-15,S1,P1,S1_P1,319,4,False,137
2024-11-16,S1,P1,S1_P1,320,5,False,123
2024-11-17,S1,P1,S1_P1,321,6,False,146
2024-11-18,S1,P1,S1_P1,322,0,False,94
2024-11-19,S1,P1,S1_P1,323,1,False,133
2024-11-20,S1,P1,S1_P1,324,2,False,67
2024-11-21,S1,P1,S1_P1,325,3,False,139
2024-11-22,S1,P1,S1_P1,326,4,False,121
2024-11-23,S1,P1,S1_P1,327,5,False,132
2024-11-24,S1,P1,S1_P1,328,6,False,134
2024-11-25,S1,P1,S1_P1,329,0,True,244
2024-11-26,S1,P1,S1_P1,330,1,False,108
2024-11-27,S1,P1,S1_P1,331,2,False,137
2024-11-28,S1,P1,S1_P1,332,3,False,165
2024-11-29,S1,P1,S1_P1,333,4,True,289
2024-11-30,S1,P1,S1_P1,334,5,False,135
2024-12-01,S1,P1,S1_P1,335,6,False,199
2024-12-02,S1,P1,S1_P1,336,0,False,169
2024-12-03,S1,P1,S1_P1,337,1,False,109
2024-12-04,S1,P1,S1_P1,338,2,False,64
2024-12-05,S1,P1,S1_P1,339,3,False,99
2024-12-06,S1,P1,S1_P1,340,4,False,109
2024-12-07,S1,P1,S1_P1,341,5,False,178
2024-12-08,S1,P1,S1_P1,342,6,False,323
2024-12-09,S1,P1,S1_P1,343,0,False,150
2024-12-10,S1,P1,S1_P1,344,1,False,102
2024-12-11,S1,P1,S1_P1,345,2,False,159
2024-12-12,S1,P1,S1_P1,346,3,False,78
2024-12-13,S1,P1,S1_P1,347,4,False,114
2024-12-14,S1,P1,S1_P1,348,5,True,324
2024-12-15,S1,P1,S1_P1,349,6,False,141
2024-12-16,S1,P1,S1_P1,350,0,False,186
2024-12-17,S1,P1,S1_P1,351,1,False,192
2024-12-18,S1,P1,S1_P1,352,2,False,62
2024-12-19,S1,P1,S1_P1,353,3,False,154
2024-12-20,S1,P1,S1_P1,354,4,False,87
2024-12-21,S1,P1,S1_P1,355,5,False,109
2024-12-22,S1,P1,S1_P1,356,6,False,91
2024-12-23,S1,P1,S1_P1,357,0,True,137
2024-12-24,S1,P1,S1_P1,358,1,False,93
2024-12-25,S1,P1,S1_P1,359,2,False,178
2024-12-26,S1,P1,S1_P1,360,3,False,131
2024-12-27,S1,P1,S1_P1,361,4,False,178
2024-12-28,S1,P1,S1_P1,362,5,False,180
2024-12-29,S1,P1,S1_P1,363,6,False,119
2024-12-30,S1,P1,S1_P1,364,0,False,80
2024-12-31,S1,P1,S1_P1,365,1,True,262
2025-01-01,S1,P1,S1_P1,366,2,False,151
2025-01-02,S1,P1,S1_P1,367,3,True,249
2025-01-03,S1,P1,S1_P1,368,4,False,74
2025-01-04,S1,P1,S1_P1,369,5,False,180
2025-01-05,S1,P1,S1_P1,370,6,False,68
2025-01-06,S1,P1,S1_P1,371,0,False,76
2025-01-07,S1,P1,S1_P1,372,1,False,136
2025-01-08,S1,P1,S1_P1,373,2,False,101
2025-01-09,S1,P1,S1_P1,374,3,False,214
2025-01-10,S1,P1,S1_P1,375,4,False,72
2025-01-11,S1,P1,S1_P1,376,5,False,210
2025-01-12,S1,P1,S1_P1,377,6,False,231
2025-01-13,S1,P1,S1_P1,378,0,True,348
2025-01-14,S1,P1,S1_P1,379,1,False,113
2025-01-15,S1,P1,S1_P1,380,2,False,229
2025-01-16,S1,P1,S1_P1,381,3,False,34
2025-01-17,S1,P1,S1_P1,382,4,False,91
2025-01-18,S1,P1,S1_P1,383,5,False,129
2025-01-19,S1,P1,S1_P1,384,6,False,175
2025-01-20,S1,P1,S1_P1,385,0,False,88
2025-01-21,S1,P1,S1_P1,386,1,False,136
2025-01-22,S1,P1,S1_P1,387,2,False,158
2025-01-23,S1,P1,S1_P1,388,3,False,229
2025-01-24,S1,P1,S1_P1,389,4,False,162
2025-01-25,S1,P1,S1_P1,390,5,False,125
2025-01-26,S1,P1,S1_P1,391,6,False,154
2025-01-27,S1,P1,S1_P1,392,0,False,211
2025-01-28,S1,P1,S1_P1,393,1,False,73
2025-01-29,S1,P1,S1_P1,394,2,False,143
2025-01-30,S1,P1,S1_P1,395,3,False,133
2025-01-31,S1,P1,S1_P1,396,4,False,215
2025-02-01,S1,P1,S1_P1,397,5,False,215
2025-02-02,S1,P1,S1_P1,398,6,False,189
2025-02-03,S1,P1,S1_P1,399,0,False,174
2025-02-04,S1,P1,S1_P1,400,1,False,175
2025-02-05,S1,P1,S1_P1,401,2,False,81
2025-02-06,S1,P1,S1_P1,402,3,False,182
2025-02-07,S1,P1,S1_P1,403,4,False,150
2025-02-08,S1,P1,S1_P1,404,5,False,196
2025-02-09,S1,P1,S1_P1,405,6,False,273
2025-02-10,S1,P1,S1_P1,406,0,False,144
2025-02-11,S1,P1,S1_P1,407,1,False,80
2025-02-12,S1,P1,S1_P1,408,2,False,66
2025-02-13,S1,P1,S1_P1,409,3,False,171
2025-02-14,S1,P1,S1_P1,410,4,False,122
2025-02-15,S1,P1,S1_P1,411,5,False,208
2025-02-16,S1,P1,S1_P1,412,6,False,204
2025-02-17,S1,P1,S1_P1,413,0,False,145
2025-02-18,S1,P1,S1_P1,414,1,False,116
2025-02-19,S1,P1,S1_P1,415,2,False,200
2025-02-20,S1,P1,S1_P1,416,3,False,188
2025-02-21,S1,P1,S1_P1,417,4,False,120
2025-02-22,S1,P1,S1_P1,418,5,False,134
2025-02-23,S1,P1,S1_P1,419,6,False,115
2025-02-24,S1,P1,S1_P1,420,0,False,175
2025-02-25,S1,P1,S1_P1,421,1,False,171
2025-02-26,S1,P1,S1_P1,422,2,False,159
2025-02-27,S1,P1,S1_P1,423,3,False,158
2025-02-28,S1,P1,S1_P1,424,4,False,174
2025-03-01,S1,P1,S1_P1,425,5,False,207
2025-03-02,S1,P1,S1_P1,426,6,False,113
2025-03-03,S1,P1,S1_P1,427,0,False,136
2025-03-04,S1,P1,S1_P1,428,1,False,96
2025-03-05,S1,P1,S1_P1,429,2,False,96
2025-03-06,S1,P1,S1_P1,430,3,False,78
2025-03-07,S1,P1,S1_P1,431,4,False,118
2025-03-08,S1,P1,S1_P1,432,5,False,113
2025-03-09,S1,P1,S1_P1,433,6,False,93
2025-03-10,S1,P1,S1_P1,434,0,False,118
2025-03-11,S1,P1,S1_P1,435,1,False,100
2025-03-12,S1,P1,S1_P1,436,2,False,147
2025-03-13,S1,P1,S1_P1,437,3,False,107
2025-03-14,S1,P1,S1_P1,438,4,False,153
2025-03-15,S1,P1,S1_P1,439,5,False,310
2025-03-16,S1,P1,S1_P1,440,6,False,170
2025-03-17,S1,P1,S1_P1,441,0,False,111
2025-03-18,S1,P1,S1_P1,442,1,False,158
2025-03-19,S1,P1,S1_P1,443,2,False,129
2025-03-20,S1,P1,S1_P1,444,3,False,120
2025-03-21,S1,P1,S1_P1,445,4,False,153
2025-03-22,S1,P1,S1_P1,446,5,False,164
2025-03-23,S1,P1,S1_P1,447,6,False,145
2025-03-24,S1,P1,S1_P1,448,0,False,113
2025-03-25,S1,P1,S1_P1,449,1,False,148
2025-03-26,S1,P1,S1_P1,450,2,False,107
2025-03-27,S1,P1,S1_P1,451,3,False,202
2025-03-28,S1,P1,S1_P1,452,4,False,162
2025-03-29,S1,P1,S1_P1,453,5,False,170
2025-03-30,S1,P1,S1_P1,454,6,True,277
2025-03-31,S1,P1,S1_P1,455,0,False,231
2025-04-01,S1,P1,S1_P1,456,1,False,203
2025-04-02,S1,P1,S1_P1,457,2,False,47
2025-04-03,S1,P1,S1_P1,458,3,False,194
2025-04-04,S1,P1,S1_P1,459,4,False,63
2025-04-05,S1,P1,S1_P1,460,5,False,93
2025-04-06,S1,P1,S1_P1,461,6,False,133
2025-04-07,S1,P1,S1_P1,462,0,False,128
2025-04-08,S1,P1,S1_P1,463,1,False,88
2025-04-09,S1,P1,S1_P1,464,2,False,159
2025-04-10,S1,P1,S1_P1,465,3,False,193
2025-04-11,S1,P1,S1_P1,466,4,False,136
2025-04-12,S1,P1,S1_P1,467,5,False,290
2025-04-13,S1,P1,S1_P1,468,6,False,159
2025-04-14,S1,P1,S1_P1,469,0,True,234
2025-04-15,S1,P1,S1_P1,470,1,False,167
2025-04-16,S1,P1,S1_P1,471,2,False,148
2025-04-17,S1,P1,S1_P1,472,3,False,135
2025-04-18,S1,P1,S1_P1,473,4,False,51
2025-04-19,S1,P1,S1_P1,474,5,False,248
2025-04-20,S1,P1,S1_P1,475,6,False,119
2025-04-21,S1,P1,S1_P1,476,0,False,175
2025-04-22,S1,P1,S1_P1,477,1,False,123
2025-04-23,S1,P1,S1_P1,478,2,False,126
2025-04-24,S1,P1,S1_P1,479,3,False,221
2025-04-25,S1,P1,S1_P1,480,4,False,120
2025-04-26,S1,P1,S1_P1,481,5,False,104
2025-04-27,S1,P1,S1_P1,482,6,False,201
2025-04-28,S1,P1,S1_P1,483,0,False,109
2025-04-29,S1,P1,S1_P1,484,1,False,74
2025-04-30,S1,P1,S1_P1,485,2,False,81
2025-05-01,S1,P1,S1_P1,486,3,False,84
2025-05-02,S1,P1,S1_P1,487,4,True,391
2025-05-03,S1,P1,S1_P1,488,5,True,307
2025-05-04,S1,P1,S1_P1,489,6,True,467
2025-05-05,S1,P1,S1_P1,490,0,False,64
2025-05-06,S1,P1,S1_P1,491,1,False,85
2025-05-07,S1,P1,S1_P1,492,2,False,127
2025-05-08,S1,P1,S1_P1,493,3,False,128
2025-05-09,S1,P1,S1_P1,494,4,False,96
2025-05-10,S1,P1,S1_P1,495,5,False,146
2025-05-11,S1,P1,S1_P1,496,6,False,129
2025-05-12,S1,P1,S1_P1,497,0,False,69
2025-05-13,S1,P1,S1_P1,498,1,False,101
2025-05-14,S1,P1,S1_P1,499,2,False,71
2025-05-15,S1,P1,S1_P1,500,3,False,120
2025-05-16,S1,P1,S1_P1,501,4,False,150
2025-05-17,S1,P1,S1_P1,502,5,True,202
2025-05-18,S1,P1,S1_P1,503,6,False,187
2025-05-19,S1,P1,S1_P1,504,0,False,198
2025-05-20,S1,P1,S1_P1,505,1,False,122
2025-05-21,S1,P1,S1_P1,506,2,False,167
2025-05-22,S1,P1,S1_P1,507,3,False,64
2025-05-23,S1,P1,S1_P1,508,4,False,166
2025-05-24,S1,P1,S1_P1,509,5,False,279
2025-05-25,S1,P1,S1_P1,510,6,False,83
2025-05-26,S1,P1,S1_P1,511,0,False,212
2025-05-27,S1,P1,S1_P1,512,1,False,57
2025-05-28,S1,P1,S1_P1,513,2,False,198
2025-05-29,S1,P1,S1_P1,514,3,False,113
2025-05-30,S1,P1,S1_P1,515,4,False,152
2025-05-31,S1,P1,S1_P1,516,5,False,362
2025-06-01,S1,P1,S1_P1,517,6,True,372
2025-06-02,S1,P1,S1_P1,518,0,False,147
2025-06-03,S1,P1,S1_P1,519,1,False,103
2025-06-04,S1,P1,S1_P1,520,2,False,83
2025-06-05,S1,P1,S1_P1,521,3,False,112
2025-06-06,S1,P1,S1_P1,522,4,False,122
2025-06-07,S1,P1,S1_P1,523,5,False,173
2025-06-08,S1,P1,S1_P1,524,6,False,162
2025-06-09,S1,P1,S1_P1,525,0,False,81
2025-06-10,S1,P1,S1_P1,526,1,False,84
2025-06-11,S1,P1,S1_P1,527,2,False,185
2025-06-12,S1,P1,S1_P1,528,3,False,126
2025-06-13,S1,P1,S1_P1,529,4,False,88
2025-06-14,S1,P1,S1_P1,530,5,False,214
2025-06-15,S1,P1,S1_P1,531,6,False,204
2025-06-16,S1,P1,S1_P1,532,0,False,146
2025-06-17,S1,P1,S1_P1,533,1,False,84
2025-06-18,S1,P1,S1_P1,534,2,False,93
2025-06-19,S1,P1,S1_P1,535,3,False,79
2025-06-20,S1,P1,S1_P1,536,4,False,123
2025-06-21,S1,P1,S1_P1,537,5,False,105
2025-06-22,S1,P1,S1_P1,538,6,False,75
2025-06-23,S1,P1,S1_P1,539,0,False,110
2025-06-24,S1,P1,S1_P1,540,1,False,80
2025-06-25,S1,P1,S1_P1,541,2,False,58
2025-06-26,S1,P1,S1_P1,542,3,False,146
2025-06-27,S1,P1,S1_P1,543,4,False,198
2025-06-28,S1,P1,S1_P1,544,5,False,129
2025-06-29,S1,P1,S1_P1,545,6,False,234
2025-06-30,S1,P1,S1_P1,546,0,False,70
2025-07-01,S1,P1,S1_P1,547,1,False,181
2025-07-02,S1,P1,S1_P1,548,2,False,39
2025-07-03,S1,P1,S1_P1,549,3,False,157
2025-07-04,S1,P1,S1_P1,550,4,False,168
2025-07-05,S1,P1,S1_P1,551,5,False,229
2025-07-06,S1,P1,S1_P1,552,6,False,196
2025-07-07,S1,P1,S1_P1,553,0,False,139
2025-07-08,S1,P1,S1_P1,554,1,False,100
2025-07-09,S1,P1,S1_P1,555,2,False,71
2025-07-10,S1,P1,S1_P1,556,3,True,305
2025-07-11,S1,P1,S1_P1,557,4,False,89
2025-07-12,S1,P1,S1_P1,558,5,False,300
2025-07-13,S1,P1,S1_P1,559,6,False,98
2025-07-14,S1,P1,S1_P1,560,0,False,124
2025-07-15,S1,P1,S1_P1,561,1,False,98
2025-07-16,S1,P1,S1_P1,562,2,False,153
2025-07-17,S1,P1,S1_P1,563,3,False,63
2025-07-18,S1,P1,S1_P1,564,4,False,177
2025-07-19,S1,P1,S1_P1,565,5,False,156
2025-07-20,S1,P1,S1_P1,566,6,False,164
2025-07-21,S1,P1,S1_P1,567,0,False,27
2025-07-22,S1,P1,S1_P1,568,1,False,73
2025-07-23,S1,P1,S1_P1,569,2,False,128
2025-07-24,S1,P1,S1_P1,570,3,False,124
2025-07-25,S1,P1,S1_P1,571,4,False,339
2025-07-26,S1,P1,S1_P1,572,5,True,276
2025-07-27,S1,P1,S1_P1,573,6,True,153
2025-07-28,S1,P1,S1_P1,574,0,False,141
2025-07-29,S1,P1,S1_P1,575,1,False,163
2025-07-30,S1,P1,S1_P1,576,2,False,182
2025-07-31,S1,P1,S1_P1,577,3,False,37
2025-08-01,S1,P1,S1_P1,578,4,False,139
2025-08-02,S1,P1,S1_P1,579,5,False,164
2025-08-03,S1,P1,S1_P1,580,6,False,194
2025-08-04,S1,P1,S1_P1,581,0,False,59
2025-08-05,S1,P1,S1_P1,582,1,False,197
2025-08-06,S1,P1,S1_P1,583,2,False,96
2025-08-07,S1,P1,S1_P1,584,3,False,70
2025-08-08,S1,P1,S1_P1,585,4,False,165
2025-08-09,S1,P1,S1_P1,586,5,False,199
2025-08-10,S1,P1,S1_P1,587,6,False,103
2025-08-11,S1,P1,S1_P1,588,0,False,165
2025-08-12,S1,P1,S1_P1,589,1,True,205
2025-08-13,S1,P1,S1_P1,590,2,False,123
2025-08-14,S1,P1,S1_P1,591,3,False,145
2025-08-15,S1,P1,S1_P1,592,4,False,211
2025-08-16,S1,P1,S1_P1,593,5,False,236
2025-08-17,S1,P1,S1_P1,594,6,False,177
2025-08-18,S1,P1,S1_P1,595,0,False,145
2025-08-19,S1,P1,S1_P1,596,1,False,188
2025-08-20,S1,P1,S1_P1,597,2,False,172
2025-08-21,S1,P1,S1_P1,598,3,False,186
2025-08-22,S1,P1,S1_P1,599,4,False,117
2025-08-23,S1,P1,S1_P1,600,5,False,171
2025-08-24,S1,P1,S1_P1,601,6,False,198
2025-08-25,S1,P1,S1_P1,602,0,False,100
2025-08-26,S1,P1,S1_P1,603,1,False,142
2025-08-27,S1,P1,S1_P1,604,2,False,312
2025-08-28,S1,P1,S1_P1,605,3,False,121
2025-08-29,S1,P1,S1_P1,606,4,False,205
2025-08-30,S1,P1,S1_P1,607,5,False,88
2025-08-31,S1,P1,S1_P1,608,6,False,187
2025-09-01,S1,P1,S1_P1,609,0,False,54
2025-09-02,S1,P1,S1_P1,610,1,False,119
2025-09-03,S1,P1,S1_P1,611,2,False,106
2025-09-04,S1,P1,S1_P1,612,3,False,198
2025-09-05,S1,P1,S1_P1,613,4,False,219
2025-09-06,S1,P1,S1_P1,614,5,False,157
2025-09-07,S1,P1,S1_P1,615,6,False,135
2025-09-08,S1,P1,S1_P1,616,0,False,195
2025-09-09,S1,P1,S1_P1,617,1,False,65
2025-09-10,S1,P1,S1_P1,618,2,False,245
2025-09-11,S1,P1,S1_P1,619,3,False,211
2025-09-12,S1,P1,S1_P1,620,4,True,187
2025-09-13,S1,P1,S1_P1,621,5,False,53
2025-09-14,S1,P1,S1_P1,622,6,False,189
2025-09-15,S1,P1,S1_P1,623,0,False,60
2025-09-16,S1,P1,S1_P1,624,1,False,142
2025-09-17,S1,P1,S1_P1,625,2,False,298
2025-09-18,S1,P1,S1_P1,626,3,False,68
2025-09-19,S1,P1,S1_P1,627,4,False,169
2025-09-20,S1,P1,S1_P1,628,5,False,87
2025-09-21,S1,P1,S1_P1,629,6,False,142
2025-09-22,S1,P1,S1_P1,630,0,False,129
2025-09-23,S1,P1,S1_P1,631,1,False,168
2025-09-24,S1,P1,S1_P1,632,2,False,150
2025-09-25,S1,P1,S1_P1,633,3,False,88
2025-09-26,S1,P1,S1_P1,634,4,False,187
2025-09-27,S1,P1,S1_P1,635,5,False,193
2025-09-28,S1,P1,S1_P1,636,6,False,174
2025-09-29,S1,P1,S1_P1,637,0,False,87
2025-09-30,S1,P1,S1_P1,638,1,False,157
2025-10-01,S1,P1,S1_P1,639,2,False,189
2025-10-02,S1,P1,S1_P1,640,3,False,114
2025-10-03,S1,P1,S1_P1,641,4,False,62
2025-10-04,S1,P1,S1_P1,642,5,False,434
2025-10-05,S1,P1,S1_P1,643,6,False,195
2025-10-06,S1,P1,S1_P1,644,0,False,156
2025-10-07,S1,P1,S1_P1,645,1,True,230
2025-10-08,S1,P1,S1_P1,646,2,False,120
2025-10-09,S1,P1,S1_P1,647,3,False,134
2025-10-10,S1,P1,S1_P1,648,4,False,293
2025-10-11,S1,P1,S1_P1,649,5,False,104
2025-10-12,S1,P1,S1_P1,650,6,False,176
2025-10-13,S1,P1,S1_P1,651,0,False,175
2025-10-14,S1,P1,S1_P1,652,1,False,31
2025-10-15,S1,P1,S1_P1,653,2,False,148
2025-10-16,S1,P1,S1_P1,654,3,False,91
2025-10-17,S1,P1,S1_P1,655,4,False,162
2025-10-18,S1,P1,S1_P1,656,5,False,175
2025-10-19,S1,P1,S1_P1,657,6,False,136
2025-10-20,S1,P1,S1_P1,658,0,False,94
2025-10-21,S1,P1,S1_P1,659,1,False,112
2025-10-22,S1,P1,S1_P1,660,2,False,140
2025-10-23,S1,P1,S1_P1,661,3,False,218
2025-10-24,S1,P1,S1_P1,662,4,False,156
2025-10-25,S1,P1,S1_P1,663,5,False,92
2025-10-26,S1,P1,S1_P1,664,6,False,210
2025-10-27,S1,P1,S1_P1,665,0,False,76
2025-10-28,S1,P1,S1_P1,666,1,False,220
2025-10-29,S1,P1,S1_P1,667,2,False,59
2025-10-30,S1,P1,S1_P1,668,3,False,126
2025-10-31,S1,P1,S1_P1,669,4,False,156
2025-11-01,S1,P1,S1_P1,670,5,False,197
2025-11-02,S1,P1,S1_P1,671,6,False,243
2025-11-03,S1,P1,S1_P1,672,0,False,146
2025-11-04,S1,P1,S1_P1,673,1,False,114
2025-11-05,S1,P1,S1_P1,674,2,False,112
2025-11-06,S1,P1,S1_P1,675,3,False,104
2025-11-07,S1,P1,S1_P1,676,4,False,113
2025-11-08,S1,P1,S1_P1,677,5,False,183
2025-11-09,S1,P1,S1_P1,678,6,False,292
2025-11-10,S1,P1,S1_P1,679,0,False,83
2025-11-11,S1,P1,S1_P1,680,1,False,143
2025-11-12,S1,P1,S1_P1,681,2,False,155
2025-11-13,S1,P1,S1_P1,682,3,False,108
2025-11-14,S1,P1,S1_P1,683,4,False,181
2025-11-15,S1,P1,S1_P1,684,5,False,114
2025-11-16,S1,P1,S1_P1,685,6,False,138
2025-11-17,S1,P1,S1_P1,686,0,False,131
2025-11-18,S1,P1,S1_P1,687,1,True,130
2025-11-19,S1,P1,S1_P1,688,2,False,75
2025-11-20,S1,P1,S1_P1,689,3,False,133
2025-11-21,S1,P1,S1_P1,690,4,False,158
2025-11-22,S1,P1,S1_P1,691,5,False,177
2025-11-23,S1,P1,S1_P1,692,6,False,96
2025-11-24,S1,P1,S1_P1,693,0,False,85
2025-11-25,S1,P1,S1_P1,694,1,True,260
2025-11-26,S1,P1,S1_P1,695,2,False,313
2025-11-27,S1,P1,S1_P1,696,3,False,90
2025-11-28,S1,P1,S1_P1,697,4,False,220
2025-11-29,S1,P1,S1_P1,698,5,False,114
2025-11-30,S1,P1,S1_P1,699,6,False,116
2024-01-01,S1,P2,S1_P2,0,0,False,78
2024-01-02,S1,P2,S1_P2,1,1,False,68
2024-01-03,S1,P2,S1_P2,2,2,False,116
2024-01-04,S1,P2,S1_P2,3,3,False,59
2024-01-05,S1,P2,S1_P2,4,4,False,29
2024-01-06,S1,P2,S1_P2,5,5,False,77
2024-01-07,S1,P2,S1_P2,6,6,False,64
2024-01-08,S1,P2,S1_P2,7,0,False,41
2024-01-09,S1,P2,S1_P2,8,1,False,42
2024-01-10,S1,P2,S1_P2,9,2,False,72
2024-01-11,S1,P2,S1_P2,10,3,False,133
2024-01-12,S1,P2,S1_P2,11,4,False,42
2024-01-13,S1,P2,S1_P2,12,5,False,86
2024-01-14,S1,P2,S1_P2,13,6,False,84
2024-01-15,S1,P2,S1_P2,14,0,False,47
2024-01-16,S1,P2,S1_P2,15,1,False,59
2024-01-17,S1,P2,S1_P2,16,2,False,25
2024-01-18,S1,P2,S1_P2,17,3,False,83
2024-01-19,S1,P2,S1_P2,18,4,False,43
2024-01-20,S1,P2,S1_P2,19,5,False,119
2024-01-21,S1,P2,S1_P2,20,6,False,54
2024-01-22,S1,P2,S1_P2,21,0,False,67
2024-01-23,S1,P2,S1_P2,22,1,False,26
2024-01-24,S1,P2,S1_P2,23,2,False,82
2024-01-25,S1,P2,S1_P2,24,3,False,107
2024-01-26,S1,P2,S1_P2,25,4,False,37
2024-01-27,S1,P2,S1_P2,26,5,False,90
2024-01-28,S1,P2,S1_P2,27,6,False,149
2024-01-29,S1,P2,S1_P2,28,0,False,124
2024-01-30,S1,P2,S1_P2,29,1,False,52
2024-01-31,S1,P2,S1_P2,30,2,False,65
2024-02-01,S1,P2,S1_P2,31,3,False,65
2024-02-02,S1,P2,S1_P2,32,4,False,67
2024-02-03,S1,P2,S1_P2,33,5,False,42
2024-02-04,S1,P2,S1_P2,34,6,False,62
2024-02-05,S1,P2,S1_P2,35,0,False,45
2024-02-06,S1,P2,S1_P2,36,1,False,35
2024-02-07,S1,P2,S1_P2,37,2,False,56
2024-02-08,S1,P2,S1_P2,38,3,False,127
2024-02-09,S1,P2,S1_P2,39,4,False,36
2024-02-10,S1,P2,S1_P2,40,5,False,72
2024-02-11,S1,P2,S1_P2,41,6,False,99
2024-02-12,S1,P2,S1_P2,42,0,False,75
2024-02-13,S1,P2,S1_P2,43,1,False,101
2024-02-14,S1,P2,S1_P2,44,2,False,112
2024-02-15,S1,P2,S1_P2,45,3,True,139
2024-02-16,S1,P2,S1_P2,46,4,False,85
2024-02-17,S1,P2,S1_P2,47,5,False,136
2024-02-18,S1,P2,S1_P2,48,6,False,97
2024-02-19,S1,P2,S1_P2,49,0,False,62
2024-02-20,S1,P2,S1_P2,50,1,False,32
2024-02-21,S1,P2,S1_P2,51,2,False,101
2024-02-22,S1,P2,S1_P2,52,3,False,77
2024-02-23,S1,P2,S1_P2,53,4,False,53
2024-02-24,S1,P2,S1_P2,54,5,False,79
2024-02-25,S1,P2,S1_P2,55,6,False,68
2024-02-26,S1,P2,S1_P2,56,0,False,63
2024-02-27,S1,P2,S1_P2,57,1,False,91
2024-02-28,S1,P2,S1_P2,58,2,False,69
2024-02-29,S1,P2,S1_P2,59,3,False,59
2024-03-01,S1,P2,S1_P2,60,4,True,116
2024-03-02,S1,P2,S1_P2,61,5,False,43
2024-03-03,S1,P2,S1_P2,62,6,False,44
2024-03-04,S1,P2,S1_P2,63,0,False,34
2024-03-05,S1,P2,S1_P2,64,1,False,61
2024-03-06,S1,P2,S1_P2,65,2,False,70
2024-03-07,S1,P2,S1_P2,66,3,False,62
2024-03-08,S1,P2,S1_P2,67,4,False,34
2024-03-09,S1,P2,S1_P2,68,5,False,102
2024-03-10,S1,P2,S1_P2,69,6,False,100
2024-03-11,S1,P2,S1_P2,70,0,False,56
2024-03-12,S1,P2,S1_P2,71,1,False,43
2024-03-13,S1,P2,S1_P2,72,2,False,98
2024-03-14,S1,P2,S1_P2,73,3,False,47
2024-03-15,S1,P2,S1_P2,74,4,False,127
2024-03-16,S1,P2,S1_P2,75,5,False,118
2024-03-17,S1,P2,S1_P2,76,6,False,81
2024-03-18,S1,P2,S1_P2,77,0,False,73
2024-03-19,S1,P2,S1_P2,78,1,False,73
2024-03-20,S1,P2,S1_P2,79,2,False,52
2024-03-21,S1,P2,S1_P2,80,3,False,83
2024-03-22,S1,P2,S1_P2,81,4,True,146
2024-03-23,S1,P2,S1_P2,82,5,False,65
2024-03-24,S1,P2,S1_P2,83,6,False,115
2024-03-25,S1,P2,S1_P2,84,0,False,59
2024-03-26,S1,P2,S1_P2,85,1,False,80
2024-03-27,S1,P2,S1_P2,86,2,False,67
2024-03-28,S1,P2,S1_P2,87,3,False,90
2024-03-29,S1,P2,S1_P2,88,4,False,75
2024-03-30,S1,P2,S1_P2,89,5,False,80
2024-03-31,S1,P2,S1_P2,90,6,False,120
2024-04-01,S1,P2,S1_P2,91,0,False,52
2024-04-02,S1,P2,S1_P2,92,1,False,84
2024-04-03,S1,P2,S1_P2,93,2,False,74
2024-04-04,S1,P2,S1_P2,94,3,True,157
2024-04-05,S1,P2,S1_P2,95,4,False,79
2024-04-06,S1,P2,S1_P2,96,5,False,77
2024-04-07,S1,P2,S1_P2,97,6,False,67
2024-04-08,S1,P2,S1_P2,98,0,False,70
2024-04-09,S1,P2,S1_P2,99,1,False,72
2024-04-10,S1,P2,S1_P2,100,2,False,99
2024-04-11,S1,P2,S1_P2,101,3,False,58
2024-04-12,S1,P2,S1_P2,102,4,False,99
2024-04-13,S1,P2,S1_P2,103,5,False,110
2024-04-14,S1,P2,S1_P2,104,6,False,60
2024-04-15,S1,P2,S1_P2,105,0,False,36
2024-04-16,S1,P2,S1_P2,106,1,False,105
2024-04-17,S1,P2,S1_P2,107,2,True,107
2024-04-18,S1,P2,S1_P2,108,3,False,58
2024-04-19,S1,P2,S1_P2,109,4,False,80
2024-04-20,S1,P2,S1_P2,110,5,False,85
2024-04-21,S1,P2,S1_P2,111,6,False,107
2024-04-22,S1,P2,S1_P2,112,0,False,63
2024-04-23,S1,P2,S1_P2,113,1,False,76
2024-04-24,S1,P2,S1_P2,114,2,False,53
2024-04-25,S1,P2,S1_P2,115,3,False,105
2024-04-26,S1,P2,S1_P2,116,4,False,69
2024-04-27,S1,P2,S1_P2,117,5,False,98
2024-04-28,S1,P2,S1_P2,118,6,False,109
2024-04-29,S1,P2,S1_P2,119,0,False,90
2024-04-30,S1,P2,S1_P2,120,1,True,47
2024-05-01,S1,P2,S1_P2,121,2,False,54
2024-05-02,S1,P2,S1_P2,122,3,False,130
2024-05-03,S1,P2,S1_P2,123,4,False,81
2024-05-04,S1,P2,S1_P2,124,5,False,102
2024-05-05,S1,P2,S1_P2,125,6,True,225
2024-05-06,S1,P2,S1_P2,126,0,False,123
2024-05-07,S1,P2,S1_P2,127,1,False,95
2024-05-08,S1,P2,S1_P2,128,2,False,85
2024-05-09,S1,P2,S1_P2,129,3,False,55
2024-05-10,S1,P2,S1_P2,130,4,False,69
2024-05-11,S1,P2,S1_P2,131,5,False,76
2024-05-12,S1,P2,S1_P2,132,6,False,113
2024-05-13,S1,P2,S1_P2,133,0,False,84
2024-05-14,S1,P2,S1_P2,134,1,False,43
2024-05-15,S1,P2,S1_P2,135,2,False,54
2024-05-16,S1,P2,S1_P2,136,3,False,55
2024-05-17,S1,P2,S1_P2,137,4,False,101
2024-05-18,S1,P2,S1_P2,138,5,False,90
2024-05-19,S1,P2,S1_P2,139,6,False,77
2024-05-20,S1,P2,S1_P2,140,0,False,62
2024-05-21,S1,P2,S1_P2,141,1,False,57
2024-05-22,S1,P2,S1_P2,142,2,False,78
2024-05-23,S1,P2,S1_P2,143,3,False,35
2024-05-24,S1,P2,S1_P2,144,4,False,79
2024-05-25,S1,P2,S1_P2,145,5,False,119
2024-05-26,S1,P2,S1_P2,146,6,True,134
2024-05-27,S1,P2,S1_P2,147,0,False,93
2024-05-28,S1,P2,S1_P2,148,1,False,54
2024-05-29,S1,P2,S1_P2,149,2,False,72
2024-05-30,S1,P2,S1_P2,150,3,False,40
2024-05-31,S1,P2,S1_P2,151,4,False,68
2024-06-01,S1,P2,S1_P2,152,5,False,112
2024-06-02,S1,P2,S1_P2,153,6,False,87
2024-06-03,S1,P2,S1_P2,154,0,False,46
2024-06-04,S1,P2,S1_P2,155,1,False,67
2024-06-05,S1,P2,S1_P2,156,2,False,48
2024-06-06,S1,P2,S1_P2,157,3,False,58
2024-06-07,S1,P2,S1_P2,158,4,False,81
2024-06-08,S1,P2,S1_P2,159,5,False,70
2024-06-09,S1,P2,S1_P2,160,6,False,100
2024-06-10,S1,P2,S1_P2,161,0,True,182
2024-06-11,S1,P2,S1_P2,162,1,False,57
2024-06-12,S1,P2,S1_P2,163,2,False,52
2024-06-13,S1,P2,S1_P2,164,3,False,40
2024-06-14,S1,P2,S1_P2,165,4,False,46
2024-06-15,S1,P2,S1_P2,166,5,True,205
2024-06-16,S1,P2,S1_P2,167,6,False,77
2024-06-17,S1,P2,S1_P2,168,0,False,60
2024-06-18,S1,P2,S1_P2,169,1,False,39
2024-06-19,S1,P2,S1_P2,170,2,False,70
2024-06-20,S1,P2,S1_P2,171,3,False,45
2024-06-21,S1,P2,S1_P2,172,4,False,51
2024-06-22,S1,P2,S1_P2,173,5,False,141
2024-06-23,S1,P2,S1_P2,174,6,True,151
2024-06-24,S1,P2,S1_P2,175,0,True,130
2024-06-25,S1,P2,S1_P2,176,1,False,47
2024-06-26,S1,P2,S1_P2,177,2,False,73
2024-06-27,S1,P2,S1_P2,178,3,False,48
2024-06-28,S1,P2,S1_P2,179,4,False,102
2024-06-29,S1,P2,S1_P2,180,5,False,97
2024-06-30,S1,P2,S1_P2,181,6,False,104
2024-07-01,S1,P2,S1_P2,182,0,False,25
2024-07-02,S1,P2,S1_P2,183,1,False,99
2024-07-03,S1,P2,S1_P2,184,2,False,72
2024-07-04,S1,P2,S1_P2,185,3,False,61
2024-07-05,S1,P2,S1_P2,186,4,False,74
2024-07-06,S1,P2,S1_P2,187,5,False,175
2024-07-07,S1,P2,S1_P2,188,6,False,58
2024-07-08,S1,P2,S1_P2,189,0,False,143
2024-07-09,S1,P2,S1_P2,190,1,False,102
2024-07-10,S1,P2,S1_P2,191,2,False,178
2024-07-11,S1,P2,S1_P2,192,3,False,55
2024-07-12,S1,P2,S1_P2,193,4,False,45
2024-07-13,S1,P2,S1_P2,194,5,False,72
2024-07-14,S1,P2,S1_P2,195,6,False,93
2024-07-15,S1,P2,S1_P2,196,0,False,77
2024-07-16,S1,P2,S1_P2,197,1,False,35
2024-07-17,S1,P2,S1_P2,198,2,False,81
2024-07-18,S1,P2,S1_P2,199,3,False,72
2024-07-19,S1,P2,S1_P2,200,4,False,43
2024-07-20,S1,P2,S1_P2,201,5,False,95
2024-07-21,S1,P2,S1_P2,202,6,False,144
2024-07-22,S1,P2,S1_P2,203,0,False,49
2024-07-23,S1,P2,S1_P2,204,1,False,81
2024-07-24,S1,P2,S1_P2,205,2,False,56
2024-07-25,S1,P2,S1_P2,206,3,False,83
2024-07-26,S1,P2,S1_P2,207,4,False,36
2024-07-27,S1,P2,S1_P2,208,5,False,124
2024-07-28,S1,P2,S1_P2,209,6,False,149
2024-07-29,S1,P2,S1_P2,210,0,False,77
2024-07-30,S1,P2,S1_P2,211,1,False,43
2024-07-31,S1,P2,S1_P2,212,2,False,101
2024-08-01,S1,P2,S1_P2,213,3,False,110
2024-08-02,S1,P2,S1_P2,214,4,False,78
2024-08-03,S1,P2,S1_P2,215,5,False,54
2024-08-04,S1,P2,S1_P2,216,6,False,65
2024-08-05,S1,P2,S1_P2,217,0,False,66
2024-08-06,S1,P2,S1_P2,218,1,False,59
2024-08-07,S1,P2,S1_P2,219,2,False,95
2024-08-08,S1,P2,S1_P2,220,3,False,76
2024-08-09,S1,P2,S1_P2,221,4,False,78
2024-08-10,S1,P2,S1_P2,222,5,False,70
2024-08-11,S1,P2,S1_P2,223,6,False,159
2024-08-12,S1,P2,S1_P2,224,0,False,51
2024-08-13,S1,P2,S1_P2,225,1,False,57
2024-08-14,S1,P2,S1_P2,226,2,False,51
2024-08-15,S1,P2,S1_P2,227,3,False,87
2024-08-16,S1,P2,S1_P2,228,4,False,54
2024-08-17,S1,P2,S1_P2,229,5,False,102
2024-08-18,S1,P2,S1_P2,230,6,False,133
2024-08-19,S1,P2,S1_P2,231,0,False,99
2024-08-20,S1,P2,S1_P2,232,1,False,121
2024-08-21,S1,P2,S1_P2,233,2,False,49
2024-08-22,S1,P2,S1_P2,234,3,False,82
2024-08-23,S1,P2,S1_P2,235,4,False,61
2024-08-24,S1,P2,S1_P2,236,5,False,59
2024-08-25,S1,P2,S1_P2,237,6,False,189
2024-08-26,S1,P2,S1_P2,238,0,False,92
2024-08-27,S1,P2,S1_P2,239,1,False,87
2024-08-28,S1,P2,S1_P2,240,2,False,31
2024-08-29,S1,P2,S1_P2,241,3,False,124
2024-08-30,S1,P2,S1_P2,242,4,False,139
2024-08-31,S1,P2,S1_P2,243,5,False,53
2024-09-01,S1,P2,S1_P2,244,6,False,164
2024-09-02,S1,P2,S1_P2,245,0,False,87
2024-09-03,S1,P2,S1_P2,246,1,False,55
2024-09-04,S1,P2,S1_P2,247,2,False,84
2024-09-05,S1,P2,S1_P2,248,3,False,103
2024-09-06,S1,P2,S1_P2,249,4,False,46
2024-09-07,S1,P2,S1_P2,250,5,False,135
2024-09-08,S1,P2,S1_P2,251,6,False,53
2024-09-09,S1,P2,S1_P2,252,0,False,55
2024-09-10,S1,P2,S1_P2,253,1,False,80
2024-09-11,S1,P2,S1_P2,254,2,False,150
2024-09-12,S1,P2,S1_P2,255,3,False,46
2024-09-13,S1,P2,S1_P2,256,4,True,98
2024-09-14,S1,P2,S1_P2,257,5,False,72
2024-09-15,S1,P2,S1_P2,258,6,True,121
2024-09-16,S1,P2,S1_P2,259,0,False,101
2024-09-17,S1,P2,S1_P2,260,1,False,99
2024-09-18,S1,P2,S1_P2,261,2,False,66
2024-09-19,S1,P2,S1_P2,262,3,False,83
2024-09-20,S1,P2,S1_P2,263,4,False,77
2024-09-21,S1,P2,S1_P2,264,5,False,76
2024-09-22,S1,P2,S1_P2,265,6,True,131
2024-09-23,S1,P2,S1_P2,266,0,False,33
2024-09-24,S1,P2,S1_P2,267,1,False,97
2024-09-25,S1,P2,S1_P2,268,2,True,109
2024-09-26,S1,P2,S1_P2,269,3,False,40
2024-09-27,S1,P2,S1_P2,270,4,False,57
2024-09-28,S1,P2,S1_P2,271,5,False,116
2024-09-29,S1,P2,S1_P2,272,6,False,73
2024-09-30,S1,P2,S1_P2,273,0,False,59
2024-10-01,S1,P2,S1_P2,274,1,False,173
2024-10-02,S1,P2,S1_P2,275,2,False,81
2024-10-03,S1,P2,S1_P2,276,3,False,33
2024-10-04,S1,P2,S1_P2,277,4,False,80
2024-10-05,S1,P2,S1_P2,278,5,False,104
2024-10-06,S1,P2,S1_P2,279,6,False,105
2024-10-07,S1,P2,S1_P2,280,0,False,123
2024-10-08,S1,P2,S1_P2,281,1,False,103
2024-10-09,S1,P2,S1_P2,282,2,False,77
2024-10-10,S1,P2,S1_P2,283,3,False,97
2024-10-11,S1,P2,S1_P2,284,4,False,109
2024-10-12,S1,P2,S1_P2,285,5,True,145
2024-10-13,S1,P2,S1_P2,286,6,False,92
2024-10-14,S1,P2,S1_P2,287,0,False,83
2024-10-15,S1,P2,S1_P2,288,1,False,130
2024-10-16,S1,P2,S1_P2,289,2,False,83
2024-10-17,S1,P2,S1_P2,290,3,False,39
2024-10-18,S1,P2,S1_P2,291,4,False,104
2024-10-19,S1,P2,S1_P2,292,5,False,102
2024-10-20,S1,P2,S1_P2,293,6,False,21
2024-10-21,S1,P2,S1_P2,294,0,False,77
2024-10-22,S1,P2,S1_P2,295,1,False,56
2024-10-23,S1,P2,S1_P2,296,2,False,97
2024-10-24,S1,P2,S1_P2,297,3,False,109
2024-10-25,S1,P2,S1_P2,298,4,False,94
2024-10-26,S1,P2,S1_P2,299,5,False,74
2024-10-27,S1,P2,S1_P2,300,6,False,95
2024-10-28,S1,P2,S1_P2,301,0,False,114
2024-10-29,S1,P2,S1_P2,302,1,False,71
2024-10-30,S1,P2,S1_P2,303,2,False,73
2024-10-31,S1,P2,S1_P2,304,3,False,92
2024-11-01,S1,P2,S1_P2,305,4,False,37
2024-11-02,S1,P2,S1_P2,306,5,False,27
2024-11-03,S1,P2,S1_P2,307,6,False,161
2024-11-04,S1,P2,S1_P2,308,0,False,118
2024-11-05,S1,P2,S1_P2,309,1,False,52
2024-11-06,S1,P2,S1_P2,310,2,False,104
2024-11-07,S1,P2,S1_P2,311,3,False,42
2024-11-08,S1,P2,S1_P2,312,4,False,97
2024-11-09,S1,P2,S1_P2,313,5,False,118
2024-11-10,S1,P2,S1_P2,314,6,False,74
2024-11-11,S1,P2,S1_P2,315,0,False,45
2024-11-12,S1,P2,S1_P2,316,1,False,33
2024-11-13,S1,P2,S1_P2,317,2,False,89
2024-11-14,S1,P2,S1_P2,318,3,False,136
2024-11-15,S1,P2,S1_P2,319,4,False,126
2024-11-16,S1,P2,S1_P2,320,5,False,85
2024-11-17,S1,P2,S1_P2,321,6,False,185
2024-11-18,S1,P2,S1_P2,322,0,False,81
2024-11-19,S1,P2,S1_P2,323,1,False,77
2024-11-20,S1,P2,S1_P2,324,2,False,65
2024-11-21,S1,P2,S1_P2,325,3,False,82
2024-11-22,S1,P2,S1_P2,326,4,False,53
2024-11-23,S1,P2,S1_P2,327,5,False,65
2024-11-24,S1,P2,S1_P2,328,6,False,139
2024-11-25,S1,P2,S1_P2,329,0,False,76
2024-11-26,S1,P2,S1_P2,330,1,False,102
2024-11-27,S1,P2,S1_P2,331,2,False,88
2024-11-28,S1,P2,S1_P2,332,3,False,71
2024-11-29,S1,P2,S1_P2,333,4,False,92
2024-11-30,S1,P2,S1_P2,334,5,False,91
2024-12-01,S1,P2,S1_P2,335,6,False,83
2024-12-02,S1,P2,S1_P2,336,0,False,119
2024-12-03,S1,P2,S1_P2,337,1,False,44
2024-12-04,S1,P2,S1_P2,338,2,False,90
2024-12-05,S1,P2,S1_P2,339,3,False,115
2024-12-06,S1,P2,S1_P2,340,4,False,93
2024-12-07,S1,P2,S1_P2,341,5,False,130
2024-12-08,S1,P2,S1_P2,342,6,False,117
2024-12-09,S1,P2,S1_P2,343,0,False,36
2024-12-10,S1,P2,S1_P2,344,1,False,67
2024-12-11,S1,P2,S1_P2,345,2,False,80
2024-12-12,S1,P2,S1_P2,346,3,False,64
2024-12-13,S1,P2,S1_P2,347,4,False,104
2024-12-14,S1,P2,S1_P2,348,5,False,170
2024-12-15,S1,P2,S1_P2,349,6,False,73
2024-12-16,S1,P2,S1_P2,350,0,False,66
2024-12-17,S1,P2,S1_P2,351,1,False,31
2024-12-18,S1,P2,S1_P2,352,2,True,147
2024-12-19,S1,P2,S1_P2,353,3,False,41
2024-12-20,S1,P2,S1_P2,354,4,False,98
2024-12-21,S1,P2,S1_P2,355,5,False,187
2024-12-22,S1,P2,S1_P2,356,6,False,90
2024-12-23,S1,P2,S1_P2,357,0,False,48
2024-12-24,S1,P2,S1_P2,358,1,False,45
2024-12-25,S1,P2,S1_P2,359,2,False,36
2024-12-26,S1,P2,S1_P2,360,3,False,126
2024-12-27,S1,P2,S1_P2,361,4,False,140
2024-12-28,S1,P2,S1_P2,362,5,False,92
2024-12-29,S1,P2,S1_P2,363,6,False,84
2024-12-30,S1,P2,S1_P2,364,0,False,81
2024-12-31,S1,P2,S1_P2,365,1,False,73
2025-01-01,S1,P2,S1_P2,366,2,False,83
2025-01-02,S1,P2,S1_P2,367,3,False,74
2025-01-03,S1,P2,S1_P2,368,4,False,117
2025-01-04,S1,P2,S1_P2,369,5,False,115
2025-01-05,S1,P2,S1_P2,370,6,False,104
2025-01-06,S1,P2,S1_P2,371,0,False,70
2025-01-07,S1,P2,S1_P2,372,1,False,73
2025-01-08,S1,P2,S1_P2,373,2,False,53
2025-01-09,S1,P2,S1_P2,374,3,False,100
2025-01-10,S1,P2,S1_P2,375,4,False,77
2025-01-11,S1,P2,S1_P2,376,5,False,301
2025-01-12,S1,P2,S1_P2,377,6,False,170
2025-01-13,S1,P2,S1_P2,378,0,False,40
2025-01-14,S1,P2,S1_P2,379,1,False,47
2025-01-15,S1,P2,S1_P2,380,2,False,74
2025-01-16,S1,P2,S1_P2,381,3,False,81
2025-01-17,S1,P2,S1_P2,382,4,False,111
2025-01-18,S1,P2,S1_P2,383,5,False,135
2025-01-19,S1,P2,S1_P2,384,6,True,272
2025-01-20,S1,P2,S1_P2,385,0,False,38
2025-01-21,S1,P2,S1_P2,386,1,False,128
2025-01-22,S1,P2,S1_P2,387,2,False,77
2025-01-23,S1,P2,S1_P2,388,3,False,143
2025-01-24,S1,P2,S1_P2,389,4,False,76
2025-01-25,S1,P2,S1_P2,390,5,False,81
2025-01-26,S1,P2,S1_P2,391,6,False,106
2025-01-27,S1,P2,S1_P2,392,0,False,70
2025-01-28,S1,P2,S1_P2,393,1,False,57
2025-01-29,S1,P2,S1_P2,394,2,False,48
2025-01-30,S1,P2,S1_P2,395,3,True,287
2025-01-31,S1,P2,S1_P2,396,4,False,70
2025-02-01,S1,P2,S1_P2,397,5,False,65
2025-02-02,S1,P2,S1_P2,398,6,False,90
2025-02-03,S1,P2,S1_P2,399,0,False,55
2025-02-04,S1,P2,S1_P2,400,1,False,75
2025-02-05,S1,P2,S1_P2,401,2,False,70
2025-02-06,S1,P2,S1_P2,402,3,False,89
2025-02-07,S1,P2,S1_P2,403,4,False,69
2025-02-08,S1,P2,S1_P2,404,5,False,85
2025-02-09,S1,P2,S1_P2,405,6,False,110
2025-02-10,S1,P2,S1_P2,406,0,False,61
2025-02-11,S1,P2,S1_P2,407,1,False,74
2025-02-12,S1,P2,S1_P2,408,2,True,109
2025-02-13,S1,P2,S1_P2,409,3,False,37
2025-02-14,S1,P2,S1_P2,410,4,False,144
2025-02-15,S1,P2,S1_P2,411,5,False,91
2025-02-16,S1,P2,S1_P2,412,6,True,267
2025-02-17,S1,P2,S1_P2,413,0,False,76
2025-02-18,S1,P2,S1_P2,414,1,False,135
2025-02-19,S1,P2,S1_P2,415,2,False,66
2025-02-20,S1,P2,S1_P2,416,3,False,96
2025-02-21,S1,P2,S1_P2,417,4,False,113
2025-02-22,S1,P2,S1_P2,418,5,False,51
2025-02-23,S1,P2,S1_P2,419,6,False,186
2025-02-24,S1,P2,S1_P2,420,0,False,40
2025-02-25,S1,P2,S1_P2,421,1,False,85
2025-02-26,S1,P2,S1_P2,422,2,False,81
2025-02-27,S1,P2,S1_P2,423,3,False,76
2025-02-28,S1,P2,S1_P2,424,4,False,132
2025-03-01,S1,P2,S1_P2,425,5,False,135
2025-03-02,S1,P2,S1_P2,426,6,False,54
2025-03-03,S1,P2,S1_P2,427,0,False,30
2025-03-04,S1,P2,S1_P2,428,1,False,115
2025-03-05,S1,P2,S1_P2,429,2,False,58
2025-03-06,S1,P2,S1_P2,430,3,False,64
2025-03-07,S1,P2,S1_P2,431,4,False,125
2025-03-08,S1,P2,S1_P2,432,5,False,262
2025-03-09,S1,P2,S1_P2,433,6,False,78
2025-03-10,S1,P2,S1_P2,434,0,False,51
2025-03-11,S1,P2,S1_P2,435,1,False,74
2025-03-12,S1,P2,S1_P2,436,2,False,86
2025-03-13,S1,P2,S1_P2,437,3,False,124
2025-03-14,S1,P2,S1_P2,438,4,False,72
2025-03-15,S1,P2,S1_P2,439,5,False,57
2025-03-16,S1,P2,S1_P2,440,6,False,110
2025-03-17,S1,P2,S1_P2,441,0,False,71
2025-03-18,S1,P2,S1_P2,442,1,False,68
2025-03-19,S1,P2,S1_P2,443,2,False,38
2025-03-20,S1,P2,S1_P2,444,3,False,79
2025-03-21,S1,P2,S1_P2,445,4,False,126
2025-03-22,S1,P2,S1_P2,446,5,False,70
2025-03-23,S1,P2,S1_P2,447,6,False,98
2025-03-24,S1,P2,S1_P2,448,0,False,58
2025-03-25,S1,P2,S1_P2,449,1,False,70
2025-03-26,S1,P2,S1_P2,450,2,False,79
2025-03-27,S1,P2,S1_P2,451,3,False,106
2025-03-28,S1,P2,S1_P2,452,4,False,135
2025-03-29,S1,P2,S1_P2,453,5,False,154
2025-03-30,S1,P2,S1_P2,454,6,False,91
2025-03-31,S1,P2,S1_P2,455,0,False,139
2025-04-01,S1,P2,S1_P2,456,1,False,84
2025-04-02,S1,P2,S1_P2,457,2,False,74
2025-04-03,S1,P2,S1_P2,458,3,False,93
2025-04-04,S1,P2,S1_P2,459,4,False,102
2025-04-05,S1,P2,S1_P2,460,5,False,215
2025-04-06,S1,P2,S1_P2,461,6,False,180
2025-04-07,S1,P2,S1_P2,462,0,False,105
2025-04-08,S1,P2,S1_P2,463,1,False,82
2025-04-09,S1,P2,S1_P2,464,2,False,40
2025-04-10,S1,P2,S1_P2,465,3,False,131
2025-04-11,S1,P2,S1_P2,466,4,False,79
2025-04-12,S1,P2,S1_P2,467,5,False,99
2025-04-13,S1,P2,S1_P2,468,6,False,63
2025-04-14,S1,P2,S1_P2,469,0,False,112
2025-04-15,S1,P2,S1_P2,470,1,False,46
2025-04-16,S1,P2,S1_P2,471,2,False,156
2025-04-17,S1,P2,S1_P2,472,3,False,69
2025-04-18,S1,P2,S1_P2,473,4,False,132
2025-04-19,S1,P2,S1_P2,474,5,False,138
2025-04-20,S1,P2,S1_P2,475,6,False,92
2025-04-21,S1,P2,S1_P2,476,0,False,104
2025-04-22,S1,P2,S1_P2,477,1,False,62
2025-04-23,S1,P2,S1_P2,478,2,False,90
2025-04-24,S1,P2,S1_P2,479,3,True,157
2025-04-25,S1,P2,S1_P2,480,4,False,94
2025-04-26,S1,P2,S1_P2,481,5,False,175
2025-04-27,S1,P2,S1_P2,482,6,False,128
2025-04-28,S1,P2,S1_P2,483,0,False,110
2025-04-29,S1,P2,S1_P2,484,1,False,56
2025-04-30,S1,P2,S1_P2,485,2,False,107
2025-05-01,S1,P2,S1_P2,486,3,False,95
2025-05-02,S1,P2,S1_P2,487,4,False,25
2025-05-03,S1,P2,S1_P2,488,5,False,113
2025-05-04,S1,P2,S1_P2,489,6,False,188
2025-05-05,S1,P2,S1_P2,490,0,False,53
2025-05-06,S1,P2,S1_P2,491,1,False,59
2025-05-07,S1,P2,S1_P2,492,2,False,70
2025-05-08,S1,P2,S1_P2,493,3,False,51
2025-05-09,S1,P2,S1_P2,494,4,False,48
2025-05-10,S1,P2,S1_P2,495,5,False,88
2025-05-11,S1,P2,S1_P2,496,6,False,111
2025-05-12,S1,P2,S1_P2,497,0,False,89
2025-05-13,S1,P2,S1_P2,498,1,False,110
2025-05-14,S1,P2,S1_P2,499,2,False,32
2025-05-15,S1,P2,S1_P2,500,3,False,96
2025-05-16,S1,P2,S1_P2,501,4,False,211
2025-05-17,S1,P2,S1_P2,502,5,False,86
2025-05-18,S1,P2,S1_P2,503,6,False,128
2025-05-19,S1,P2,S1_P2,504,0,False,104
2025-05-20,S1,P2,S1_P2,505,1,False,105
2025-05-21,S1,P2,S1_P2,506,2,False,39
2025-05-22,S1,P2,S1_P2,507,3,False,59
2025-05-23,S1,P2,S1_P2,508,4,False,97
2025-05-24,S1,P2,S1_P2,509,5,False,102
2025-05-25,S1,P2,S1_P2,510,6,False,107
2025-05-26,S1,P2,S1_P2,511,0,True,241
2025-05-27,S1,P2,S1_P2,512,1,False,114
2025-05-28,S1,P2,S1_P2,513,2,False,49
2025-05-29,S1,P2,S1_P2,514,3,False,51
2025-05-30,S1,P2,S1_P2,515,4,False,76
2025-05-31,S1,P2,S1_P2,516,5,False,48
2025-06-01,S1,P2,S1_P2,517,6,False,196
2025-06-02,S1,P2,S1_P2,518,0,False,68
2025-06-03,S1,P2,S1_P2,519,1,True,161
2025-06-04,S1,P2,S1_P2,520,2,False,62
2025-06-05,S1,P2,S1_P2,521,3,False,125
2025-06-06,S1,P2,S1_P2,522,4,False,139
2025-06-07,S1,P2,S1_P2,523,5,False,112
2025-06-08,S1,P2,S1_P2,524,6,False,58
2025-06-09,S1,P2,S1_P2,525,0,False,91
2025-06-10,S1,P2,S1_P2,526,1,False,31
2025-06-11,S1,P2,S1_P2,527,2,False,90
2025-06-12,S1,P2,S1_P2,528,3,False,80
2025-06-13,S1,P2,S1_P2,529,4,False,143
2025-06-14,S1,P2,S1_P2,530,5,False,244
2025-06-15,S1,P2,S1_P2,531,6,False,99
2025-06-16,S1,P2,S1_P2,532,0,False,94
2025-06-17,S1,P2,S1_P2,533,1,False,111
2025-06-18,S1,P2,S1_P2,534,2,False,40
2025-06-19,S1,P2,S1_P2,535,3,False,132
2025-06-20,S1,P2,S1_P2,536,4,False,108
2025-06-21,S1,P2,S1_P2,537,5,True,139
2025-06-22,S1,P2,S1_P2,538,6,False,73
2025-06-23,S1,P2,S1_P2,539,0,False,101
2025-06-24,S1,P2,S1_P2,540,1,False,90
2025-06-25,S1,P2,S1_P2,541,2,False,52
2025-06-26,S1,P2,S1_P2,542,3,False,96
2025-06-27,S1,P2,S1_P2,543,4,False,117
2025-06-28,S1,P2,S1_P2,544,5,False,177
2025-06-29,S1,P2,S1_P2,545,6,False,136
2025-06-30,S1,P2,S1_P2,546,0,True,200
2025-07-01,S1,P2,S1_P2,547,1,False,123
2025-07-02,S1,P2,S1_P2,548,2,False,95
2025-07-03,S1,P2,S1_P2,549,3,False,94
2025-07-04,S1,P2,S1_P2,550,4,False,41
2025-07-05,S1,P2,S1_P2,551,5,True,134
2025-07-06,S1,P2,S1_P2,552,6,False,98
2025-07-07,S1,P2,S1_P2,553,0,False,59
2025-07-08,S1,P2,S1_P2,554,1,False,91
2025-07-09,S1,P2,S1_P2,555,2,False,57
2025-07-10,S1,P2,S1_P2,556,3,False,256
2025-07-11,S1,P2,S1_P2,557,4,False,100
2025-07-12,S1,P2,S1_P2,558,5,False,81
2025-07-13,S1,P2,S1_P2,559,6,False,111
2025-07-14,S1,P2,S1_P2,560,0,False,61
2025-07-15,S1,P2,S1_P2,561,1,False,131
2025-07-16,S1,P2,S1_P2,562,2,False,75
2025-07-17,S1,P2,S1_P2,563,3,False,69
2025-07-18,S1,P2,S1_P2,564,4,False,131
2025-07-19,S1,P2,S1_P2,565,5,False,204
2025-07-20,S1,P2,S1_P2,566,6,False,139
2025-07-21,S1,P2,S1_P2,567,0,False,75
2025-07-22,S1,P2,S1_P2,568,1,False,144
2025-07-23,S1,P2,S1_P2,569,2,False,30
2025-07-24,S1,P2,S1_P2,570,3,False,60
2025-07-25,S1,P2,S1_P2,571,4,False,130
2025-07-26,S1,P2,S1_P2,572,5,False,242
2025-07-27,S1,P2,S1_P2,573,6,False,45
2025-07-28,S1,P2,S1_P2,574,0,False,91
2025-07-29,S1,P2,S1_P2,575,1,False,69
2025-07-30,S1,P2,S1_P2,576,2,False,56
2025-07-31,S1,P2,S1_P2,577,3,True,120
2025-08-01,S1,P2,S1_P2,578,4,False,202
2025-08-02,S1,P2,S1_P2,579,5,False,92
2025-08-03,S1,P2,S1_P2,580,6,False,136
2025-08-04,S1,P2,S1_P2,581,0,False,114
2025-08-05,S1,P2,S1_P2,582,1,False,129
2025-08-06,S1,P2,S1_P2,583,2,False,79
2025-08-07,S1,P2,S1_P2,584,3,False,90
2025-08-08,S1,P2,S1_P2,585,4,False,125
2025-08-09,S1,P2,S1_P2,586,5,False,219
2025-08-10,S1,P2,S1_P2,587,6,False,243
2025-08-11,S1,P2,S1_P2,588,0,False,109
2025-08-12,S1,P2,S1_P2,589,1,False,91
2025-08-13,S1,P2,S1_P2,590,2,False,40
2025-08-14,S1,P2,S1_P2,591,3,False,86
2025-08-15,S1,P2,S1_P2,592,4,False,157
2025-08-16,S1,P2,S1_P2,593,5,False,88
2025-08-17,S1,P2,S1_P2,594,6,False,105
2025-08-18,S1,P2,S1_P2,595,0,False,91
2025-08-19,S1,P2,S1_P2,596,1,False,48
2025-08-20,S1,P2,S1_P2,597,2,False,70
2025-08-21,S1,P2,S1_P2,598,3,False,77
2025-08-22,S1,P2,S1_P2,599,4,False,56
2025-08-23,S1,P2,S1_P2,600,5,False,103
2025-08-24,S1,P2,S1_P2,601,6,True,164
2025-08-25,S1,P2,S1_P2,602,0,False,125
2025-08-26,S1,P2,S1_P2,603,1,False,100
2025-08-27,S1,P2,S1_P2,604,2,False,98
2025-08-28,S1,P2,S1_P2,605,3,False,56
2025-08-29,S1,P2,S1_P2,606,4,False,103
2025-08-30,S1,P2,S1_P2,607,5,False,68
2025-08-31,S1,P2,S1_P2,608,6,True,180
2025-09-01,S1,P2,S1_P2,609,0,False,174
2025-09-02,S1,P2,S1_P2,610,1,False,140
2025-09-03,S1,P2,S1_P2,611,2,False,185
2025-09-04,S1,P2,S1_P2,612,3,False,93
2025-09-05,S1,P2,S1_P2,613,4,False,63
2025-09-06,S1,P2,S1_P2,614,5,False,161
2025-09-07,S1,P2,S1_P2,615,6,False,80
2025-09-08,S1,P2,S1_P2,616,0,False,99
2025-09-09,S1,P2,S1_P2,617,1,False,92
2025-09-10,S1,P2,S1_P2,618,2,False,72
2025-09-11,S1,P2,S1_P2,619,3,False,165
2025-09-12,S1,P2,S1_P2,620,4,False,62
2025-09-13,S1,P2,S1_P2,621,5,False,52
2025-09-14,S1,P2,S1_P2,622,6,False,113
2025-09-15,S1,P2,S1_P2,623,0,False,84
2025-09-16,S1,P2,S1_P2,624,1,False,49
2025-09-17,S1,P2,S1_P2,625,2,False,86
2025-09-18,S1,P2,S1_P2,626,3,False,73
2025-09-19,S1,P2,S1_P2,627,4,False,45
2025-09-20,S1,P2,S1_P2,628,5,False,86
2025-09-21,S1,P2,S1_P2,629,6,False,70
2025-09-22,S1,P2,S1_P2,630,0,False,36
2025-09-23,S1,P2,S1_P2,631,1,False,109
2025-09-24,S1,P2,S1_P2,632,2,False,142
2025-09-25,S1,P2,S1_P2,633,3,False,119
2025-09-26,S1,P2,S1_P2,634,4,False,132
2025-09-27,S1,P2,S1_P2,635,5,False,90
2025-09-28,S1,P2,S1_P2,636,6,True,172
2025-09-29,S1,P2,S1_P2,637,0,False,104
2025-09-30,S1,P2,S1_P2,638,1,False,66
2025-10-01,S1,P2,S1_P2,639,2,False,203
2025-10-02,S1,P2,S1_P2,640,3,False,75
2025-10-03,S1,P2,S1_P2,641,4,False,110
2025-10-04,S1,P2,S1_P2,642,5,False,152
2025-10-05,S1,P2,S1_P2,643,6,False,115
2025-10-06,S1,P2,S1_P2,644,0,False,81
2025-10-07,S1,P2,S1_P2,645,1,False,100
2025-10-08,S1,P2,S1_P2,646,2,False,82
2025-10-09,S1,P2,S1_P2,647,3,False,90
2025-10-10,S1,P2,S1_P2,648,4,False,82
2025-10-11,S1,P2,S1_P2,649,5,False,123
2025-10-12,S1,P2,S1_P2,650,6,False,69
2025-10-13,S1,P2,S1_P2,651,0,False,112
2025-10-14,S1,P2,S1_P2,652,1,False,99
2025-10-15,S1,P2,S1_P2,653,2,False,51
2025-10-16,S1,P2,S1_P2,654,3,False,103
2025-10-17,S1,P2,S1_P2,655,4,False,171
2025-10-18,S1,P2,S1_P2,656,5,False,173
2025-10-19,S1,P2,S1_P2,657,6,False,137
2025-10-20,S1,P2,S1_P2,658,0,False,60
2025-10-21,S1,P2,S1_P2,659,1,False,102
2025-10-22,S1,P2,S1_P2,660,2,False,102
2025-10-23,S1,P2,S1_P2,661,3,False,128
2025-10-24,S1,P2,S1_P2,662,4,False,99
2025-10-25,S1,P2,S1_P2,663,5,False,166
2025-10-26,S1,P2,S1_P2,664,6,True,332
2025-10-27,S1,P2,S1_P2,665,0,False,93
2025-10-28,S1,P2,S1_P2,666,1,False,86
2025-10-29,S1,P2,S1_P2,667,2,False,79
2025-10-30,S1,P2,S1_P2,668,3,False,83
2025-10-31,S1,P2,S1_P2,669,4,False,114
2025-11-01,S1,P2,S1_P2,670,5,False,124
2025-11-02,S1,P2,S1_P2,671,6,False,107
2025-11-03,S1,P2,S1_P2,672,0,False,63
2025-11-04,S1,P2,S1_P2,673,1,False,75
2025-11-05,S1,P2,S1_P2,674,2,False,65
2025-11-06,S1,P2,S1_P2,675,3,False,85
2025-11-07,S1,P2,S1_P2,676,4,False,101
2025-11-08,S1,P2,S1_P2,677,5,False,141
2025-11-09,S1,P2,S1_P2,678,6,False,73
2025-11-10,S1,P2,S1_P2,679,0,False,48
2025-11-11,S1,P2,S1_P2,680,1,False,49
2025-11-12,S1,P2,S1_P2,681,2,False,75
2025-11-13,S1,P2,S1_P2,682,3,True,151
2025-11-14,S1,P2,S1_P2,683,4,False,81
2025-11-15,S1,P2,S1_P2,684,5,False,53
2025-11-16,S1,P2,S1_P2,685,6,False,127
2025-11-17,S1,P2,S1_P2,686,0,False,75
2025-11-18,S1,P2,S1_P2,687,1,False,103
2025-11-19,S1,P2,S1_P2,688,2,False,174
2025-11-20,S1,P2,S1_P2,689,3,False,104
2025-11-21,S1,P2,S1_P2,690,4,False,99
2025-11-22,S1,P2,S1_P2,691,5,False,151
2025-11-23,S1,P2,S1_P2,692,6,False,56
2025-11-24,S1,P2,S1_P2,693,0,False,85
2025-11-25,S1,P2,S1_P2,694,1,False,94
2025-11-26,S1,P2,S1_P2,695,2,False,147
2025-11-27,S1,P2,S1_P2,696,3,False,161
2025-11-28,S1,P2,S1_P2,697,4,False,82
2025-11-29,S1,P2,S1_P2,698,5,False,152
2025-11-30,S1,P2,S1_P2,699,6,False,151
2024-01-01,S2,P1,S2_P1,0,0,False,20
2024-01-02,S2,P1,S2_P1,1,1,False,18
2024-01-03,S2,P1,S2_P1,2,2,False,13
2024-01-04,S2,P1,S2_P1,3,3,False,55
2024-01-05,S2,P1,S2_P1,4,4,False,21
2024-01-06,S2,P1,S2_P1,5,5,False,47
2024-01-07,S2,P1,S2_P1,6,6,False,61
2024-01-08,S2,P1,S2_P1,7,0,False,53
2024-01-09,S2,P1,S2_P1,8,1,False,42
2024-01-10,S2,P1,S2_P1,9,2,False,46
2024-01-11,S2,P1,S2_P1,10,3,False,62
2024-01-12,S2,P1,S2_P1,11,4,False,70
2024-01-13,S2,P1,S2_P1,12,5,False,71
2024-01-14,S2,P1,S2_P1,13,6,False,52
2024-01-15,S2,P1,S2_P1,14,0,False,36
2024-01-16,S2,P1,S2_P1,15,1,False,29
2024-01-17,S2,P1,S2_P1,16,2,False,23
2024-01-18,S2,P1,S2_P1,17,3,False,23
2024-01-19,S2,P1,S2_P1,18,4,False,44
2024-01-20,S2,P1,S2_P1,19,5,False,89
2024-01-21,S2,P1,S2_P1,20,6,False,68
2024-01-22,S2,P1,S2_P1,21,0,False,32
2024-01-23,S2,P1,S2_P1,22,1,False,34
2024-01-24,S2,P1,S2_P1,23,2,False,28
2024-01-25,S2,P1,S2_P1,24,3,False,44
2024-01-26,S2,P1,S2_P1,25,4,False,33
2024-01-27,S2,P1,S2_P1,26,5,False,75
2024-01-28,S2,P1,S2_P1,27,6,True,104
2024-01-29,S2,P1,S2_P1,28,0,False,23
2024-01-30,S2,P1,S2_P1,29,1,False,49
2024-01-31,S2,P1,S2_P1,30,2,False,43
2024-02-01,S2,P1,S2_P1,31,3,False,80
2024-02-02,S2,P1,S2_P1,32,4,False,56
2024-02-03,S2,P1,S2_P1,33,5,False,58
2024-02-04,S2,P1,S2_P1,34,6,False,44
2024-02-05,S2,P1,S2_P1,35,0,False,34
2024-02-06,S2,P1,S2_P1,36,1,False,17
2024-02-07,S2,P1,S2_P1,37,2,False,26
2024-02-08,S2,P1,S2_P1,38,3,False,26
2024-02-09,S2,P1,S2_P1,39,4,False,49
2024-02-10,S2,P1,S2_P1,40,5,False,44
2024-02-11,S2,P1,S2_P1,41,6,False,145
2024-02-12,S2,P1,S2_P1,42,0,False,68
2024-02-13,S2,P1,S2_P1,43,1,False,24
2024-02-14,S2,P1,S2_P1,44,2,False,52
2024-02-15,S2,P1,S2_P1,45,3,False,52
2024-02-16,S2,P1,S2_P1,46,4,False,73
2024-02-17,S2,P1,S2_P1,47,5,False,48
2024-02-18,S2,P1,S2_P1,48,6,False,41
2024-02-19,S2,P1,S2_P1,49,0,False,44
2024-02-20,S2,P1,S2_P1,50,1,False,38
2024-02-21,S2,P1,S2_P1,51,2,False,36
2024-02-22,S2,P1,S2_P1,52,3,False,48
2024-02-23,S2,P1,S2_P1,53,4,False,26
2024-02-24,S2,P1,S2_P1,54,5,False,46
2024-02-25,S2,P1,S2_P1,55,6,False,98
2024-02-26,S2,P1,S2_P1,56,0,False,43
2024-02-27,S2,P1,S2_P1,57,1,False,54
2024-02-28,S2,P1,S2_P1,58,2,False,11
2024-02-29,S2,P1,S2_P1,59,3,False,38
2024-03-01,S2,P1,S2_P1,60,4,False,45
2024-03-02,S2,P1,S2_P1,61,5,False,73
2024-03-03,S2,P1,S2_P1,62,6,False,133
2024-03-04,S2,P1,S2_P1,63,0,False,16
2024-03-05,S2,P1,S2_P1,64,1,False,50
2024-03-06,S2,P1,S2_P1,65,2,False,23
2024-03-07,S2,P1,S2_P1,66,3,False,31
2024-03-08,S2,P1,S2_P1,67,4,False,49
2024-03-09,S2,P1,S2_P1,68,5,False,75
2024-03-10,S2,P1,S2_P1,69,6,False,54
2024-03-11,S2,P1,S2_P1,70,0,False,67
2024-03-12,S2,P1,S2_P1,71,1,False,29
2024-03-13,S2,P1,S2_P1,72,2,False,70
2024-03-14,S2,P1,S2_P1,73,3,False,37
2024-03-15,S2,P1,S2_P1,74,4,False,22
2024-03-16,S2,P1,S2_P1,75,5,False,49
2024-03-17,S2,P1,S2_P1,76,6,False,67
2024-03-18,S2,P1,S2_P1,77,0,False,59
2024-03-19,S2,P1,S2_P1,78,1,False,55
2024-03-20,S2,P1,S2_P1,79,2,False,30
2024-03-21,S2,P1,S2_P1,80,3,False,39
2024-03-22,S2,P1,S2_P1,81,4,False,35
2024-03-23,S2,P1,S2_P1,82,5,False,22
2024-03-24,S2,P1,S2_P1,83,6,False,36
2024-03-25,S2,P1,S2_P1,84,0,False,44
2024-03-26,S2,P1,S2_P1,85,1,False,7
2024-03-27,S2,P1,S2_P1,86,2,False,25
2024-03-28,S2,P1,S2_P1,87,3,False,63
2024-03-29,S2,P1,S2_P1,88,4,False,40
2024-03-30,S2,P1,S2_P1,89,5,False,50
2024-03-31,S2,P1,S2_P1,90,6,False,77
2024-04-01,S2,P1,S2_P1,91,0,False,36
2024-04-02,S2,P1,S2_P1,92,1,False,29
2024-04-03,S2,P1,S2_P1,93,2,False,78
2024-04-04,S2,P1,S2_P1,94,3,True,79
2024-04-05,S2,P1,S2_P1,95,4,False,26
2024-04-06,S2,P1,S2_P1,96,5,False,54
2024-04-07,S2,P1,S2_P1,97,6,False,40
2024-04-08,S2,P1,S2_P1,98,0,False,36
2024-04-09,S2,P1,S2_P1,99,1,False,22
2024-04-10,S2,P1,S2_P1,100,2,False,40
2024-04-11,S2,P1,S2_P1,101,3,False,59
2024-04-12,S2,P1,S2_P1,102,4,True,135
2024-04-13,S2,P1,S2_P1,103,5,False,60
2024-04-14,S2,P1,S2_P1,104,6,False,57
2024-04-15,S2,P1,S2_P1,105,0,False,44
2024-04-16,S2,P1,S2_P1,106,1,False,66
2024-04-17,S2,P1,S2_P1,107,2,False,70
2024-04-18,S2,P1,S2_P1,108,3,False,63
2024-04-19,S2,P1,S2_P1,109,4,False,40
2024-04-20,S2,P1,S2_P1,110,5,False,97
2024-04-21,S2,P1,S2_P1,111,6,False,65
2024-04-22,S2,P1,S2_P1,112,0,False,62
2024-04-23,S2,P1,S2_P1,113,1,False,64
2024-04-24,S2,P1,S2_P1,114,2,False,56
2024-04-25,S2,P1,S2_P1,115,3,False,38
2024-04-26,S2,P1,S2_P1,116,4,False,56
2024-04-27,S2,P1,S2_P1,117,5,False,47
2024-04-28,S2,P1,S2_P1,118,6,False,81
2024-04-29,S2,P1,S2_P1,119,0,False,27
2024-04-30,S2,P1,S2_P1,120,1,False,54
2024-05-01,S2,P1,S2_P1,121,2,False,48
2024-05-02,S2,P1,S2_P1,122,3,False,67
2024-05-03,S2,P1,S2_P1,123,4,False,60
2024-05-04,S2,P1,S2_P1,124,5,False,51
2024-05-05,S2,P1,S2_P1,125,6,False,44
2024-05-06,S2,P1,S2_P1,126,0,False,32
2024-05-07,S2,P1,S2_P1,127,1,False,39
2024-05-08,S2,P1,S2_P1,128,2,False,44
2024-05-09,S2,P1,S2_P1,129,3,False,38
2024-05-10,S2,P1,S2_P1,130,4,True,110
2024-05-11,S2,P1,S2_P1,131,5,False,68
2024-05-12,S2,P1,S2_P1,132,6,False,23
2024-05-13,S2,P1,S2_P1,133,0,False,54
2024-05-14,S2,P1,S2_P1,134,1,True,48
2024-05-15,S2,P1,S2_P1,135,2,False,37
2024-05-16,S2,P1,S2_P1,136,3,False,46
2024-05-17,S2,P1,S2_P1,137,4,False,40
2024-05-18,S2,P1,S2_P1,138,5,False,67
2024-05-19,S2,P1,S2_P1,139,6,False,43
2024-05-20,S2,P1,S2_P1,140,0,False,39
2024-05-21,S2,P1,S2_P1,141,1,False,47
2024-05-22,S2,P1,S2_P1,142,2,False,49
2024-05-23,S2,P1,S2_P1,143,3,False,44
2024-05-24,S2,P1,S2_P1,144,4,False,51
2024-05-25,S2,P1,S2_P1,145,5,False,37
2024-05-26,S2,P1,S2_P1,146,6,False,49
2024-05-27,S2,P1,S2_P1,147,0,False,68
2024-05-28,S2,P1,S2_P1,148,1,True,44
2024-05-29,S2,P1,S2_P1,149,2,False,34
2024-05-30,S2,P1,S2_P1,150,3,False,20
2024-05-31,S2,P1,S2_P1,151,4,False,34
2024-06-01,S2,P1,S2_P1,152,5,False,59
2024-06-02,S2,P1,S2_P1,153,6,False,33
2024-06-03,S2,P1,S2_P1,154,0,False,18
2024-06-04,S2,P1,S2_P1,155,1,False,24
2024-06-05,S2,P1,S2_P1,156,2,False,42
2024-06-06,S2,P1,S2_P1,157,3,False,53
2024-06-07,S2,P1,S2_P1,158,4,False,58
2024-06-08,S2,P1,S2_P1,159,5,False,41
2024-06-09,S2,P1,S2_P1,160,6,False,64
2024-06-10,S2,P1,S2_P1,161,0,False,29
2024-06-11,S2,P1,S2_P1,162,1,False,59
2024-06-12,S2,P1,S2_P1,163,2,False,26
2024-06-13,S2,P1,S2_P1,164,3,False,43
2024-06-14,S2,P1,S2_P1,165,4,True,39
2024-06-15,S2,P1,S2_P1,166,5,False,87
2024-06-16,S2,P1,S2_P1,167,6,False,60
2024-06-17,S2,P1,S2_P1,168,0,False,62
2024-06-18,S2,P1,S2_P1,169,1,False,43
2024-06-19,S2,P1,S2_P1,170,2,False,51
2024-06-20,S2,P1,S2_P1,171,3,False,41
2024-06-21,S2,P1,S2_P1,172,4,False,43
2024-06-22,S2,P1,S2_P1,173,5,False,62
2024-06-23,S2,P1,S2_P1,174,6,True,100
2024-06-24,S2,P1,S2_P1,175,0,True,63
2024-06-25,S2,P1,S2_P1,176,1,False,20
2024-06-26,S2,P1,S2_P1,177,2,False,42
2024-06-27,S2,P1,S2_P1,178,3,False,24
2024-06-28,S2,P1,S2_P1,179,4,False,37
2024-06-29,S2,P1,S2_P1,180,5,False,66
2024-06-30,S2,P1,S2_P1,181,6,False,55
2024-07-01,S2,P1,S2_P1,182,0,False,98
2024-07-02,S2,P1,S2_P1,183,1,False,56
2024-07-03,S2,P1,S2_P1,184,2,False,45
2024-07-04,S2,P1,S2_P1,185,3,False,38
2024-07-05,S2,P1,S2_P1,186,4,False,37
2024-07-06,S2,P1,S2_P1,187,5,False,56
2024-07-07,S2,P1,S2_P1,188,6,False,67
2024-07-08,S2,P1,S2_P1,189,0,False,68
2024-07-09,S2,P1,S2_P1,190,1,False,26
2024-07-10,S2,P1,S2_P1,191,2,False,22
2024-07-11,S2,P1,S2_P1,192,3,False,26
2024-07-12,S2,P1,S2_P1,193,4,False,69
2024-07-13,S2,P1,S2_P1,194,5,True,64
2024-07-14,S2,P1,S2_P1,195,6,False,18
2024-07-15,S2,P1,S2_P1,196,0,False,25
2024-07-16,S2,P1,S2_P1,197,1,False,26
2024-07-17,S2,P1,S2_P1,198,2,False,32
2024-07-18,S2,P1,S2_P1,199,3,False,32
2024-07-19,S2,P1,S2_P1,200,4,False,23
2024-07-20,S2,P1,S2_P1,201,5,False,49
2024-07-21,S2,P1,S2_P1,202,6,False,88
2024-07-22,S2,P1,S2_P1,203,0,False,47
2024-07-23,S2,P1,S2_P1,204,1,False,39
2024-07-24,S2,P1,S2_P1,205,2,True,36
2024-07-25,S2,P1,S2_P1,206,3,False,30
2024-07-26,S2,P1,S2_P1,207,4,False,26
2024-07-27,S2,P1,S2_P1,208,5,False,61
2024-07-28,S2,P1,S2_P1,209,6,True,70
2024-07-29,S2,P1,S2_P1,210,0,False,58
2024-07-30,S2,P1,S2_P1,211,1,False,29
2024-07-31,S2,P1,S2_P1,212,2,True,42
2024-08-01,S2,P1,S2_P1,213,3,False,43
2024-08-02,S2,P1,S2_P1,214,4,False,66
2024-08-03,S2,P1,S2_P1,215,5,False,69
2024-08-04,S2,P1,S2_P1,216,6,False,61
2024-08-05,S2,P1,S2_P1,217,0,False,26
2024-08-06,S2,P1,S2_P1,218,1,False,33
2024-08-07,S2,P1,S2_P1,219,2,False,48
2024-08-08,S2,P1,S2_P1,220,3,False,42
2024-08-09,S2,P1,S2_P1,221,4,False,29
2024-08-10,S2,P1,S2_P1,222,5,False,63
2024-08-11,S2,P1,S2_P1,223,6,False,78
2024-08-12,S2,P1,S2_P1,224,0,False,38
2024-08-13,S2,P1,S2_P1,225,1,False,29
2024-08-14,S2,P1,S2_P1,226,2,False,26
2024-08-15,S2,P1,S2_P1,227,3,False,27
2024-08-16,S2,P1,S2_P1,228,4,False,40
2024-08-17,S2,P1,S2_P1,229,5,False,45
2024-08-18,S2,P1,S2_P1,230,6,False,40
2024-08-19,S2,P1,S2_P1,231,0,False,19
2024-08-20,S2,P1,S2_P1,232,1,False,39
2024-08-21,S2,P1,S2_P1,233,2,False,45
2024-08-22,S2,P1,S2_P1,234,3,False,36
2024-08-23,S2,P1,S2_P1,235,4,False,42
2024-08-24,S2,P1,S2_P1,236,5,False,47
2024-08-25,S2,P1,S2_P1,237,6,False,40
2024-08-26,S2,P1,S2_P1,238,0,False,45
2024-08-27,S2,P1,S2_P1,239,1,True,97
2024-08-28,S2,P1,S2_P1,240,2,False,30
2024-08-29,S2,P1,S2_P1,241,3,False,23
2024-08-30,S2,P1,S2_P1,242,4,False,51
2024-08-31,S2,P1,S2_P1,243,5,False,56
2024-09-01,S2,P1,S2_P1,244,6,False,47
2024-09-02,S2,P1,S2_P1,245,0,False,26
2024-09-03,S2,P1,S2_P1,246,1,False,14
2024-09-04,S2,P1,S2_P1,247,2,False,68
2024-09-05,S2,P1,S2_P1,248,3,False,49
2024-09-06,S2,P1,S2_P1,249,4,False,57
2024-09-07,S2,P1,S2_P1,250,5,True,177
2024-09-08,S2,P1,S2_P1,251,6,False,41
2024-09-09,S2,P1,S2_P1,252,0,False,39
2024-09-10,S2,P1,S2_P1,253,1,True,42
2024-09-11,S2,P1,S2_P1,254,2,False,28
2024-09-12,S2,P1,S2_P1,255,3,False,51
2024-09-13,S2,P1,S2_P1,256,4,False,40
2024-09-14,S2,P1,S2_P1,257,5,False,32
2024-09-15,S2,P1,S2_P1,258,6,False,55
2024-09-16,S2,P1,S2_P1,259,0,False,49
2024-09-17,S2,P1,S2_P1,260,1,False,28
2024-09-18,S2,P1,S2_P1,261,2,False,51
2024-09-19,S2,P1,S2_P1,262,3,False,42
2024-09-20,S2,P1,S2_P1,263,4,False,48
2024-09-21,S2,P1,S2_P1,264,5,False,42
2024-09-22,S2,P1,S2_P1,265,6,False,56
2024-09-23,S2,P1,S2_P1,266,0,False,70
2024-09-24,S2,P1,S2_P1,267,1,False,24
2024-09-25,S2,P1,S2_P1,268,2,False,28
2024-09-26,S2,P1,S2_P1,269,3,False,38
2024-09-27,S2,P1,S2_P1,270,4,False,53
2024-09-28,S2,P1,S2_P1,271,5,False,49
2024-09-29,S2,P1,S2_P1,272,6,False,38
2024-09-30,S2,P1,S2_P1,273,0,False,16
2024-10-01,S2,P1,S2_P1,274,1,False,46
2024-10-02,S2,P1,S2_P1,275,2,False,43
2024-10-03,S2,P1,S2_P1,276,3,False,36
2024-10-04,S2,P1,S2_P1,277,4,False,98
2024-10-05,S2,P1,S2_P1,278,5,False,41
2024-10-06,S2,P1,S2_P1,279,6,False,104
2024-10-07,S2,P1,S2_P1,280,0,False,60
2024-10-08,S2,P1,S2_P1,281,1,True,44
2024-10-09,S2,P1,S2_P1,282,2,False,62
2024-10-10,S2,P1,S2_P1,283,3,False,72
2024-10-11,S2,P1,S2_P1,284,4,False,38
2024-10-12,S2,P1,S2_P1,285,5,False,50
2024-10-13,S2,P1,S2_P1,286,6,False,50
2024-10-14,S2,P1,S2_P1,287,0,False,15
2024-10-15,S2,P1,S2_P1,288,1,False,25
2024-10-16,S2,P1,S2_P1,289,2,False,26
2024-10-17,S2,P1,S2_P1,290,3,False,37
2024-10-18,S2,P1,S2_P1,291,4,False,59
2024-10-19,S2,P1,S2_P1,292,5,False,62
2024-10-20,S2,P1,S2_P1,293,6,False,26
2024-10-21,S2,P1,S2_P1,294,0,False,42
2024-10-22,S2,P1,S2_P1,295,1,False,47
2024-10-23,S2,P1,S2_P1,296,2,False,47
2024-10-24,S2,P1,S2_P1,297,3,True,65
2024-10-25,S2,P1,S2_P1,298,4,False,37
2024-10-26,S2,P1,S2_P1,299,5,False,44
2024-10-27,S2,P1,S2_P1,300,6,False,41
2024-10-28,S2,P1,S2_P1,301,0,False,49
2024-10-29,S2,P1,S2_P1,302,1,False,55
2024-10-30,S2,P1,S2_P1,303,2,False,27
2024-10-31,S2,P1,S2_P1,304,3,False,48
2024-11-01,S2,P1,S2_P1,305,4,True,34
2024-11-02,S2,P1,S2_P1,306,5,False,32
2024-11-03,S2,P1,S2_P1,307,6,False,24
2024-11-04,S2,P1,S2_P1,308,0,False,22
2024-11-05,S2,P1,S2_P1,309,1,False,29
2024-11-06,S2,P1,S2_P1,310,2,False,30
2024-11-07,S2,P1,S2_P1,311,3,False,17
2024-11-08,S2,P1,S2_P1,312,4,False,40
2024-11-09,S2,P1,S2_P1,313,5,False,29
2024-11-10,S2,P1,S2_P1,314,6,False,70
2024-11-11,S2,P1,S2_P1,315,0,False,71
2024-11-12,S2,P1,S2_P1,316,1,False,43
2024-11-13,S2,P1,S2_P1,317,2,False,21
2024-11-14,S2,P1,S2_P1,318,3,False,44
2024-11-15,S2,P1,S2_P1,319,4,False,31
2024-11-16,S2,P1,S2_P1,320,5,False,59
2024-11-17,S2,P1,S2_P1,321,6,False,48
2024-11-18,S2,P1,S2_P1,322,0,False,27
2024-11-19,S2,P1,S2_P1,323,1,False,29
2024-11-20,S2,P1,S2_P1,324,2,False,34
2024-11-21,S2,P1,S2_P1,325,3,False,29
2024-11-22,S2,P1,S2_P1,326,4,False,40
2024-11-23,S2,P1,S2_P1,327,5,False,53
2024-11-24,S2,P1,S2_P1,328,6,False,58
2024-11-25,S2,P1,S2_P1,329,0,False,69
2024-11-26,S2,P1,S2_P1,330,1,False,70
2024-11-27,S2,P1,S2_P1,331,2,False,25
2024-11-28,S2,P1,S2_P1,332,3,False,40
2024-11-29,S2,P1,S2_P1,333,4,False,88
2024-11-30,S2,P1,S2_P1,334,5,False,32
2024-12-01,S2,P1,S2_P1,335,6,False,40
2024-12-02,S2,P1,S2_P1,336,0,False,53
2024-12-03,S2,P1,S2_P1,337,1,True,46
2024-12-04,S2,P1,S2_P1,338,2,False,54
2024-12-05,S2,P1,S2_P1,339,3,False,57
2024-12-06,S2,P1,S2_P1,340,4,False,33
2024-12-07,S2,P1,S2_P1,341,5,False,52
2024-12-08,S2,P1,S2_P1,342,6,False,36
2024-12-09,S2,P1,S2_P1,343,0,False,48
2024-12-10,S2,P1,S2_P1,344,1,False,86
2024-12-11,S2,P1,S2_P1,345,2,False,25
2024-12-12,S2,P1,S2_P1,346,3,False,59
2024-12-13,S2,P1,S2_P1,347,4,True,39
2024-12-14,S2,P1,S2_P1,348,5,False,45
2024-12-15,S2,P1,S2_P1,349,6,True,65
2024-12-16,S2,P1,S2_P1,350,0,False,22
2024-12-17,S2,P1,S2_P1,351,1,False,46
2024-12-18,S2,P1,S2_P1,352,2,False,39
2024-12-19,S2,P1,S2_P1,353,3,True,124
2024-12-20,S2,P1,S2_P1,354,4,True,69
2024-12-21,S2,P1,S2_P1,355,5,False,43
2024-12-22,S2,P1,S2_P1,356,6,True,28
2024-12-23,S2,P1,S2_P1,357,0,False,44
2024-12-24,S2,P1,S2_P1,358,1,False,57
2024-12-25,S2,P1,S2_P1,359,2,False,19
2024-12-26,S2,P1,S2_P1,360,3,False,36
2024-12-27,S2,P1,S2_P1,361,4,False,64
2024-12-28,S2,P1,S2_P1,362,5,False,69
2024-12-29,S2,P1,S2_P1,363,6,False,21
2024-12-30,S2,P1,S2_P1,364,0,False,23
2024-12-31,S2,P1,S2_P1,365,1,False,36
2025-01-01,S2,P1,S2_P1,366,2,False,47
2025-01-02,S2,P1,S2_P1,367,3,False,49
2025-01-03,S2,P1,S2_P1,368,4,False,27
2025-01-04,S2,P1,S2_P1,369,5,False,25
2025-01-05,S2,P1,S2_P1,370,6,False,82
2025-01-06,S2,P1,S2_P1,371,0,False,64
2025-01-07,S2,P1,S2_P1,372,1,False,60
2025-01-08,S2,P1,S2_P1,373,2,True,82
2025-01-09,S2,P1,S2_P1,374,3,False,39
2025-01-10,S2,P1,S2_P1,375,4,True,43
2025-01-11,S2,P1,S2_P1,376,5,False,42
2025-01-12,S2,P1,S2_P1,377,6,False,59
2025-01-13,S2,P1,S2_P1,378,0,False,25
2025-01-14,S2,P1,S2_P1,379,1,False,53
2025-01-15,S2,P1,S2_P1,380,2,False,31
2025-01-16,S2,P1,S2_P1,381,3,False,34
2025-01-17,S2,P1,S2_P1,382,4,False,125
2025-01-18,S2,P1,S2_P1,383,5,False,46
2025-01-19,S2,P1,S2_P1,384,6,False,29
2025-01-20,S2,P1,S2_P1,385,0,False,23
2025-01-21,S2,P1,S2_P1,386,1,False,19
2025-01-22,S2,P1,S2_P1,387,2,False,33
2025-01-23,S2,P1,S2_P1,388,3,False,51
2025-01-24,S2,P1,S2_P1,389,4,False,15
2025-01-25,S2,P1,S2_P1,390,5,False,40
2025-01-26,S2,P1,S2_P1,391,6,False,47
2025-01-27,S2,P1,S2_P1,392,0,False,40
2025-01-28,S2,P1,S2_P1,393,1,False,36
2025-01-29,S2,P1,S2_P1,394,2,True,94
2025-01-30,S2,P1,S2_P1,395,3,False,28
2025-01-31,S2,P1,S2_P1,396,4,False,35
2025-02-01,S2,P1,S2_P1,397,5,False,72
2025-02-02,S2,P1,S2_P1,398,6,False,63
2025-02-03,S2,P1,S2_P1,399,0,False,42
2025-02-04,S2,P1,S2_P1,400,1,False,52
2025-02-05,S2,P1,S2_P1,401,2,False,54
2025-02-06,S2,P1,S2_P1,402,3,False,53
2025-02-07,S2,P1,S2_P1,403,4,False,39
2025-02-08,S2,P1,S2_P1,404,5,False,22
2025-02-09,S2,P1,S2_P1,405,6,False,25
2025-02-10,S2,P1,S2_P1,406,0,False,44
2025-02-11,S2,P1,S2_P1,407,1,False,32
2025-02-12,S2,P1,S2_P1,408,2,False,54
2025-02-13,S2,P1,S2_P1,409,3,False,49
2025-02-14,S2,P1,S2_P1,410,4,False,69
2025-02-15,S2,P1,S2_P1,411,5,False,28
2025-02-16,S2,P1,S2_P1,412,6,False,65
2025-02-17,S2,P1,S2_P1,413,0,False,26
2025-02-18,S2,P1,S2_P1,414,1,False,40
2025-02-19,S2,P1,S2_P1,415,2,False,22
2025-02-20,S2,P1,S2_P1,416,3,False,42
2025-02-21,S2,P1,S2_P1,417,4,False,45
2025-02-22,S2,P1,S2_P1,418,5,False,42
2025-02-23,S2,P1,S2_P1,419,6,False,34
2025-02-24,S2,P1,S2_P1,420,0,False,45
2025-02-25,S2,P1,S2_P1,421,1,False,33
2025-02-26,S2,P1,S2_P1,422,2,False,31
2025-02-27,S2,P1,S2_P1,423,3,False,60
2025-02-28,S2,P1,S2_P1,424,4,False,36
2025-03-01,S2,P1,S2_P1,425,5,False,79
2025-03-02,S2,P1,S2_P1,426,6,True,68
2025-03-03,S2,P1,S2_P1,427,0,False,36
2025-03-04,S2,P1,S2_P1,428,1,False,56
2025-03-05,S2,P1,S2_P1,429,2,False,67
2025-03-06,S2,P1,S2_P1,430,3,False,31
2025-03-07,S2,P1,S2_P1,431,4,False,37
2025-03-08,S2,P1,S2_P1,432,5,False,85
2025-03-09,S2,P1,S2_P1,433,6,False,47
2025-03-10,S2,P1,S2_P1,434,0,False,35
2025-03-11,S2,P1,S2_P1,435,1,False,29
2025-03-12,S2,P1,S2_P1,436,2,False,36
2025-03-13,S2,P1,S2_P1,437,3,False,63
2025-03-14,S2,P1,S2_P1,438,4,False,56
2025-03-15,S2,P1,S2_P1,439,5,False,64
2025-03-16,S2,P1,S2_P1,440,6,False,25
2025-03-17,S2,P1,S2_P1,441,0,False,69
2025-03-18,S2,P1,S2_P1,442,1,False,30
2025-03-19,S2,P1,S2_P1,443,2,False,34
2025-03-20,S2,P1,S2_P1,444,3,False,40
2025-03-21,S2,P1,S2_P1,445,4,False,26
2025-03-22,S2,P1,S2_P1,446,5,False,57
2025-03-23,S2,P1,S2_P1,447,6,False,47
2025-03-24,S2,P1,S2_P1,448,0,False,57
2025-03-25,S2,P1,S2_P1,449,1,False,33
2025-03-26,S2,P1,S2_P1,450,2,False,38
2025-03-27,S2,P1,S2_P1,451,3,False,41
2025-03-28,S2,P1,S2_P1,452,4,False,64
2025-03-29,S2,P1,S2_P1,453,5,False,76
2025-03-30,S2,P1,S2_P1,454,6,False,26
2025-03-31,S2,P1,S2_P1,455,0,False,28
2025-04-01,S2,P1,S2_P1,456,1,False,28
2025-04-02,S2,P1,S2_P1,457,2,False,21
2025-04-03,S2,P1,S2_P1,458,3,False,49
2025-04-04,S2,P1,S2_P1,459,4,False,58
2025-04-05,S2,P1,S2_P1,460,5,False,53
2025-04-06,S2,P1,S2_P1,461,6,False,28
2025-04-07,S2,P1,S2_P1,462,0,True,60
2025-04-08,S2,P1,S2_P1,463,1,False,20
2025-04-09,S2,P1,S2_P1,464,2,False,36
2025-04-10,S2,P1,S2_P1,465,3,False,34
2025-04-11,S2,P1,S2_P1,466,4,False,40
2025-04-12,S2,P1,S2_P1,467,5,False,58
2025-04-13,S2,P1,S2_P1,468,6,False,29
2025-04-14,S2,P1,S2_P1,469,0,False,31
2025-04-15,S2,P1,S2_P1,470,1,False,66
2025-04-16,S2,P1,S2_P1,471,2,False,40
2025-04-17,S2,P1,S2_P1,472,3,False,44
2025-04-18,S2,P1,S2_P1,473,4,False,22
2025-04-19,S2,P1,S2_P1,474,5,False,47
2025-04-20,S2,P1,S2_P1,475,6,False,76
2025-04-21,S2,P1,S2_P1,476,0,False,57
2025-04-22,S2,P1,S2_P1,477,1,False,14
2025-04-23,S2,P1,S2_P1,478,2,False,12
2025-04-24,S2,P1,S2_P1,479,3,False,44
2025-04-25,S2,P1,S2_P1,480,4,False,31
2025-04-26,S2,P1,S2_P1,481,5,False,46
2025-04-27,S2,P1,S2_P1,482,6,False,62
2025-04-28,S2,P1,S2_P1,483,0,False,33
2025-04-29,S2,P1,S2_P1,484,1,False,40
2025-04-30,S2,P1,S2_P1,485,2,False,67
2025-05-01,S2,P1,S2_P1,486,3,False,62
2025-05-02,S2,P1,S2_P1,487,4,False,48
2025-05-03,S2,P1,S2_P1,488,5,False,44
2025-05-04,S2,P1,S2_P1,489,6,False,80
2025-05-05,S2,P1,S2_P1,490,0,False,35
2025-05-06,S2,P1,S2_P1,491,1,True,47
2025-05-07,S2,P1,S2_P1,492,2,False,54
2025-05-08,S2,P1,S2_P1,493,3,False,46
2025-05-09,S2,P1,S2_P1,494,4,False,55
2025-05-10,S2,P1,S2_P1,495,5,False,23
2025-05-11,S2,P1,S2_P1,496,6,True,54
2025-05-12,S2,P1,S2_P1,497,0,False,54
2025-05-13,S2,P1,S2_P1,498,1,False,55
2025-05-14,S2,P1,S2_P1,499,2,False,52
2025-05-15,S2,P1,S2_P1,500,3,False,55
2025-05-16,S2,P1,S2_P1,501,4,False,68
2025-05-17,S2,P1,S2_P1,502,5,False,75
2025-05-18,S2,P1,S2_P1,503,6,False,43
2025-05-19,S2,P1,S2_P1,504,0,False,41
2025-05-20,S2,P1,S2_P1,505,1,False,44
2025-05-21,S2,P1,S2_P1,506,2,False,30
2025-05-22,S2,P1,S2_P1,507,3,False,54
2025-05-23,S2,P1,S2_P1,508,4,False,98
2025-05-24,S2,P1,S2_P1,509,5,False,59
2025-05-25,S2,P1,S2_P1,510,6,False,74
2025-05-26,S2,P1,S2_P1,511,0,False,22
2025-05-27,S2,P1,S2_P1,512,1,False,22
2025-05-28,S2,P1,S2_P1,513,2,False,64
2025-05-29,S2,P1,S2_P1,514,3,False,48
2025-05-30,S2,P1,S2_P1,515,4,False,46
2025-05-31,S2,P1,S2_P1,516,5,False,52
2025-06-01,S2,P1,S2_P1,517,6,False,47
2025-06-02,S2,P1,S2_P1,518,0,False,42
2025-06-03,S2,P1,S2_P1,519,1,False,50
2025-06-04,S2,P1,S2_P1,520,2,False,39
2025-06-05,S2,P1,S2_P1,521,3,False,28
2025-06-06,S2,P1,S2_P1,522,4,False,57
2025-06-07,S2,P1,S2_P1,523,5,False,69
2025-06-08,S2,P1,S2_P1,524,6,False,53
2025-06-09,S2,P1,S2_P1,525,0,False,36
2025-06-10,S2,P1,S2_P1,526,1,False,20
2025-06-11,S2,P1,S2_P1,527,2,False,26
2025-06-12,S2,P1,S2_P1,528,3,True,52
2025-06-13,S2,P1,S2_P1,529,4,False,78
2025-06-14,S2,P1,S2_P1,530,5,False,57
2025-06-15,S2,P1,S2_P1,531,6,False,54
2025-06-16,S2,P1,S2_P1,532,0,False,36
2025-06-17,S2,P1,S2_P1,533,1,False,28
2025-06-18,S2,P1,S2_P1,534,2,False,78
2025-06-19,S2,P1,S2_P1,535,3,False,37
2025-06-20,S2,P1,S2_P1,536,4,False,55
2025-06-21,S2,P1,S2_P1,537,5,False,52
2025-06-22,S2,P1,S2_P1,538,6,False,33
2025-06-23,S2,P1,S2_P1,539,0,False,59
2025-06-24,S2,P1,S2_P1,540,1,False,33
2025-06-25,S2,P1,S2_P1,541,2,False,22
2025-06-26,S2,P1,S2_P1,542,3,False,42
2025-06-27,S2,P1,S2_P1,543,4,False,85
2025-06-28,S2,P1,S2_P1,544,5,False,58
2025-06-29,S2,P1,S2_P1,545,6,False,49
2025-06-30,S2,P1,S2_P1,546,0,False,17
2025-07-01,S2,P1,S2_P1,547,1,True,39
2025-07-02,S2,P1,S2_P1,548,2,False,44
2025-07-03,S2,P1,S2_P1,549,3,False,35
2025-07-04,S2,P1,S2_P1,550,4,False,34
2025-07-05,S2,P1,S2_P1,551,5,False,75
2025-07-06,S2,P1,S2_P1,552,6,False,42
2025-07-07,S2,P1,S2_P1,553,0,False,46
2025-07-08,S2,P1,S2_P1,554,1,False,43
2025-07-09,S2,P1,S2_P1,555,2,False,30
2025-07-10,S2,P1,S2_P1,556,3,False,34
2025-07-11,S2,P1,S2_P1,557,4,False,47
2025-07-12,S2,P1,S2_P1,558,5,False,32
2025-07-13,S2,P1,S2_P1,559,6,False,77
2025-07-14,S2,P1,S2_P1,560,0,False,46
2025-07-15,S2,P1,S2_P1,561,1,False,58
2025-07-16,S2,P1,S2_P1,562,2,False,46
2025-07-17,S2,P1,S2_P1,563,3,False,32
2025-07-18,S2,P1,S2_P1,564,4,False,14
2025-07-19,S2,P1,S2_P1,565,5,False,66
2025-07-20,S2,P1,S2_P1,566,6,False,52
2025-07-21,S2,P1,S2_P1,567,0,False,56
2025-07-22,S2,P1,S2_P1,568,1,False,24
2025-07-23,S2,P1,S2_P1,569,2,False,34
2025-07-24,S2,P1,S2_P1,570,3,False,55
2025-07-25,S2,P1,S2_P1,571,4,False,41
2025-07-26,S2,P1,S2_P1,572,5,False,90
2025-07-27,S2,P1,S2_P1,573,6,False,37
2025-07-28,S2,P1,S2_P1,574,0,False,31
2025-07-29,S2,P1,S2_P1,575,1,False,41
2025-07-30,S2,P1,S2_P1,576,2,False,34
2025-07-31,S2,P1,S2_P1,577,3,False,41
2025-08-01,S2,P1,S2_P1,578,4,False,32
2025-08-02,S2,P1,S2_P1,579,5,False,56
2025-08-03,S2,P1,S2_P1,580,6,False,53
2025-08-04,S2,P1,S2_P1,581,0,False,44
2025-08-05,S2,P1,S2_P1,582,1,False,15
2025-08-06,S2,P1,S2_P1,583,2,False,32
2025-08-07,S2,P1,S2_P1,584,3,False,59
2025-08-08,S2,P1,S2_P1,585,4,False,64
2025-08-09,S2,P1,S2_P1,586,5,False,30
2025-08-10,S2,P1,S2_P1,587,6,False,26
2025-08-11,S2,P1,S2_P1,588,0,True,41
2025-08-12,S2,P1,S2_P1,589,1,False,47
2025-08-13,S2,P1,S2_P1,590,2,False,57
2025-08-14,S2,P1,S2_P1,591,3,False,16
2025-08-15,S2,P1,S2_P1,592,4,False,19
2025-08-16,S2,P1,S2_P1,593,5,False,24
2025-08-17,S2,P1,S2_P1,594,6,False,35
2025-08-18,S2,P1,S2_P1,595,0,False,44
2025-08-19,S2,P1,S2_P1,596,1,False,32
2025-08-20,S2,P1,S2_P1,597,2,False,91
2025-08-21,S2,P1,S2_P1,598,3,False,13
2025-08-22,S2,P1,S2_P1,599,4,True,42
2025-08-23,S2,P1,S2_P1,600,5,False,69
2025-08-24,S2,P1,S2_P1,601,6,False,33
2025-08-25,S2,P1,S2_P1,602,0,False,39
2025-08-26,S2,P1,S2_P1,603,1,False,42
2025-08-27,S2,P1,S2_P1,604,2,False,24
2025-08-28,S2,P1,S2_P1,605,3,False,44
2025-08-29,S2,P1,S2_P1,606,4,False,27
2025-08-30,S2,P1,S2_P1,607,5,False,27
2025-08-31,S2,P1,S2_P1,608,6,False,40
2025-09-01,S2,P1,S2_P1,609,0,False,43
2025-09-02,S2,P1,S2_P1,610,1,False,40
2025-09-03,S2,P1,S2_P1,611,2,False,30
2025-09-04,S2,P1,S2_P1,612,3,False,33
2025-09-05,S2,P1,S2_P1,613,4,False,44
2025-09-06,S2,P1,S2_P1,614,5,False,54
2025-09-07,S2,P1,S2_P1,615,6,True,66
2025-09-08,S2,P1,S2_P1,616,0,False,56
2025-09-09,S2,P1,S2_P1,617,1,False,22
2025-09-10,S2,P1,S2_P1,618,2,False,62
2025-09-11,S2,P1,S2_P1,619,3,False,49
2025-09-12,S2,P1,S2_P1,620,4,False,52
2025-09-13,S2,P1,S2_P1,621,5,False,31
2025-09-14,S2,P1,S2_P1,622,6,False,27
2025-09-15,S2,P1,S2_P1,623,0,False,51
2025-09-16,S2,P1,S2_P1,624,1,False,19
2025-09-17,S2,P1,S2_P1,625,2,False,37
2025-09-18,S2,P1,S2_P1,626,3,False,54
2025-09-19,S2,P1,S2_P1,627,4,False,72
2025-09-20,S2,P1,S2_P1,628,5,False,69
2025-09-21,S2,P1,S2_P1,629,6,False,51
2025-09-22,S2,P1,S2_P1,630,0,False,37
2025-09-23,S2,P1,S2_P1,631,1,False,38
2025-09-24,S2,P1,S2_P1,632,2,False,16
2025-09-25,S2,P1,S2_P1,633,3,False,39
2025-09-26,S2,P1,S2_P1,634,4,False,27
2025-09-27,S2,P1,S2_P1,635,5,False,36
2025-09-28,S2,P1,S2_P1,636,6,False,19
2025-09-29,S2,P1,S2_P1,637,0,False,21
2025-09-30,S2,P1,S2_P1,638,1,False,74
2025-10-01,S2,P1,S2_P1,639,2,False,39
2025-10-02,S2,P1,S2_P1,640,3,False,33
2025-10-03,S2,P1,S2_P1,641,4,False,28
2025-10-04,S2,P1,S2_P1,642,5,False,39
2025-10-05,S2,P1,S2_P1,643,6,False,100
2025-10-06,S2,P1,S2_P1,644,0,False,21
2025-10-07,S2,P1,S2_P1,645,1,False,30
2025-10-08,S2,P1,S2_P1,646,2,False,25
2025-10-09,S2,P1,S2_P1,647,3,False,36
2025-10-10,S2,P1,S2_P1,648,4,False,53
2025-10-11,S2,P1,S2_P1,649,5,False,82
2025-10-12,S2,P1,S2_P1,650,6,False,54
2025-10-13,S2,P1,S2_P1,651,0,False,34
2025-10-14,S2,P1,S2_P1,652,1,True,73
2025-10-15,S2,P1,S2_P1,653,2,False,69
2025-10-16,S2,P1,S2_P1,654,3,False,42
2025-10-17,S2,P1,S2_P1,655,4,False,30
2025-10-18,S2,P1,S2_P1,656,5,False,81
2025-10-19,S2,P1,S2_P1,657,6,False,36
2025-10-20,S2,P1,S2_P1,658,0,False,42
2025-10-21,S2,P1,S2_P1,659,1,True,77
2025-10-22,S2,P1,S2_P1,660,2,False,27
2025-10-23,S2,P1,S2_P1,661,3,False,18
2025-10-24,S2,P1,S2_P1,662,4,False,51
2025-10-25,S2,P1,S2_P1,663,5,False,29
2025-10-26,S2,P1,S2_P1,664,6,False,45
2025-10-27,S2,P1,S2_P1,665,0,False,26
2025-10-28,S2,P1,S2_P1,666,1,False,45
2025-10-29,S2,P1,S2_P1,667,2,False,45
2025-10-30,S2,P1,S2_P1,668,3,False,43
2025-10-31,S2,P1,S2_P1,669,4,False,47
2025-11-01,S2,P1,S2_P1,670,5,False,52
2025-11-02,S2,P1,S2_P1,671,6,False,59
2025-11-03,S2,P1,S2_P1,672,0,False,33
2025-11-04,S2,P1,S2_P1,673,1,False,39
2025-11-05,S2,P1,S2_P1,674,2,False,25
2025-11-06,S2,P1,S2_P1,675,3,False,52
2025-11-07,S2,P1,S2_P1,676,4,False,16
2025-11-08,S2,P1,S2_P1,677,5,False,70
2025-11-09,S2,P1,S2_P1,678,6,False,33
2025-11-10,S2,P1,S2_P1,679,0,False,27
2025-11-11,S2,P1,S2_P1,680,1,False,25
2025-11-12,S2,P1,S2_P1,681,2,False,24
2025-11-13,S2,P1,S2_P1,682,3,False,19
2025-11-14,S2,P1,S2_P1,683,4,False,44
2025-11-15,S2,P1,S2_P1,684,5,False,37
2025-11-16,S2,P1,S2_P1,685,6,True,77
2025-11-17,S2,P1,S2_P1,686,0,False,32
2025-11-18,S2,P1,S2_P1,687,1,False,19
2025-11-19,S2,P1,S2_P1,688,2,False,46
2025-11-20,S2,P1,S2_P1,689,3,False,37
2025-11-21,S2,P1,S2_P1,690,4,False,36
2025-11-22,S2,P1,S2_P1,691,5,False,48
2025-11-23,S2,P1,S2_P1,692,6,False,42
2025-11-24,S2,P1,S2_P1,693,0,False,50
2025-11-25,S2,P1,S2_P1,694,1,False,36
2025-11-26,S2,P1,S2_P1,695,2,False,42
2025-11-27,S2,P1,S2_P1,696,3,False,58
2025-11-28,S2,P1,S2_P1,697,4,False,39
2025-11-29,S2,P1,S2_P1,698,5,False,61
2025-11-30,S2,P1,S2_P1,699,6,False,41
2024-01-01,S2,P2,S2_P2,0,0,False,33
2024-01-02,S2,P2,S2_P2,1,1,False,30
2024-01-03,S2,P2,S2_P2,2,2,False,19
2024-01-04,S2,P2,S2_P2,3,3,False,20
2024-01-05,S2,P2,S2_P2,4,4,False,35
2024-01-06,S2,P2,S2_P2,5,5,False,41
2024-01-07,S2,P2,S2_P2,6,6,False,37
2024-01-08,S2,P2,S2_P2,7,0,False,32
2024-01-09,S2,P2,S2_P2,8,1,False,27
2024-01-10,S2,P2,S2_P2,9,2,False,11
2024-01-11,S2,P2,S2_P2,10,3,False,27
2024-01-12,S2,P2,S2_P2,11,4,False,29
2024-01-13,S2,P2,S2_P2,12,5,False,37
2024-01-14,S2,P2,S2_P2,13,6,True,56
2024-01-15,S2,P2,S2_P2,14,0,False,25
2024-01-16,S2,P2,S2_P2,15,1,False,32
2024-01-17,S2,P2,S2_P2,16,2,False,28
2024-01-18,S2,P2,S2_P2,17,3,False,29
2024-01-19,S2,P2,S2_P2,18,4,False,16
2024-01-20,S2,P2,S2_P2,19,5,False,52
2024-01-21,S2,P2,S2_P2,20,6,False,29
2024-01-22,S2,P2,S2_P2,21,0,False,23
2024-01-23,S2,P2,S2_P2,22,1,False,15
2024-01-24,S2,P2,S2_P2,23,2,False,30
2024-01-25,S2,P2,S2_P2,24,3,False,14
2024-01-26,S2,P2,S2_P2,25,4,False,36
2024-01-27,S2,P2,S2_P2,26,5,False,42
2024-01-28,S2,P2,S2_P2,27,6,False,37
2024-01-29,S2,P2,S2_P2,28,0,False,17
2024-01-30,S2,P2,S2_P2,29,1,False,31
2024-01-31,S2,P2,S2_P2,30,2,False,30
2024-02-01,S2,P2,S2_P2,31,3,False,10
2024-02-02,S2,P2,S2_P2,32,4,True,29
2024-02-03,S2,P2,S2_P2,33,5,False,33
2024-02-04,S2,P2,S2_P2,34,6,False,34
2024-02-05,S2,P2,S2_P2,35,0,False,17
2024-02-06,S2,P2,S2_P2,36,1,False,30
2024-02-07,S2,P2,S2_P2,37,2,False,20
2024-02-08,S2,P2,S2_P2,38,3,False,26
2024-02-09,S2,P2,S2_P2,39,4,False,41
2024-02-10,S2,P2,S2_P2,40,5,False,25
2024-02-11,S2,P2,S2_P2,41,6,False,36
2024-02-12,S2,P2,S2_P2,42,0,False,31
2024-02-13,S2,P2,S2_P2,43,1,False,8
2024-02-14,S2,P2,S2_P2,44,2,False,26
2024-02-15,S2,P2,S2_P2,45,3,False,27
2024-02-16,S2,P2,S2_P2,46,4,False,27
2024-02-17,S2,P2,S2_P2,47,5,False,15
2024-02-18,S2,P2,S2_P2,48,6,False,59
2024-02-19,S2,P2,S2_P2,49,0,False,16
2024-02-20,S2,P2,S2_P2,50,1,False,36
2024-02-21,S2,P2,S2_P2,51,2,False,37
2024-02-22,S2,P2,S2_P2,52,3,False,25
2024-02-23,S2,P2,S2_P2,53,4,False,42
2024-02-24,S2,P2,S2_P2,54,5,False,27
2024-02-25,S2,P2,S2_P2,55,6,False,21
2024-02-26,S2,P2,S2_P2,56,0,False,35
2024-02-27,S2,P2,S2_P2,57,1,False,23
2024-02-28,S2,P2,S2_P2,58,2,False,17
2024-02-29,S2,P2,S2_P2,59,3,False,25
2024-03-01,S2,P2,S2_P2,60,4,False,22
2024-03-02,S2,P2,S2_P2,61,5,False,22
2024-03-03,S2,P2,S2_P2,62,6,False,37
2024-03-04,S2,P2,S2_P2,63,0,False,23
2024-03-05,S2,P2,S2_P2,64,1,False,14
2024-03-06,S2,P2,S2_P2,65,2,False,32
2024-03-07,S2,P2,S2_P2,66,3,False,27
2024-03-08,S2,P2,S2_P2,67,4,False,17
2024-03-09,S2,P2,S2_P2,68,5,False,37
2024-03-10,S2,P2,S2_P2,69,6,False,37
2024-03-11,S2,P2,S2_P2,70,0,False,22
2024-03-12,S2,P2,S2_P2,71,1,False,44
2024-03-13,S2,P2,S2_P2,72,2,False,25
2024-03-14,S2,P2,S2_P2,73,3,False,31
2024-03-15,S2,P2,S2_P2,74,4,False,36
2024-03-16,S2,P2,S2_P2,75,5,False,43
2024-03-17,S2,P2,S2_P2,76,6,False,61
2024-03-18,S2,P2,S2_P2,77,0,True,43
2024-03-19,S2,P2,S2_P2,78,1,False,17
2024-03-20,S2,P2,S2_P2,79,2,False,14
2024-03-21,S2,P2,S2_P2,80,3,False,41
2024-03-22,S2,P2,S2_P2,81,4,False,45
2024-03-23,S2,P2,S2_P2,82,5,False,43
2024-03-24,S2,P2,S2_P2,83,6,False,27
2024-03-25,S2,P2,S2_P2,84,0,False,35
2024-03-26,S2,P2,S2_P2,85,1,False,34
2024-03-27,S2,P2,S2_P2,86,2,False,38
2024-03-28,S2,P2,S2_P2,87,3,False,26
2024-03-29,S2,P2,S2_P2,88,4,False,14
2024-03-30,S2,P2,S2_P2,89,5,False,39
2024-03-31,S2,P2,S2_P2,90,6,False,18
2024-04-01,S2,P2,S2_P2,91,0,False,24
2024-04-02,S2,P2,S2_P2,92,1,False,18
2024-04-03,S2,P2,S2_P2,93,2,False,41
2024-04-04,S2,P2,S2_P2,94,3,False,37
2024-04-05,S2,P2,S2_P2,95,4,False,15
2024-04-06,S2,P2,S2_P2,96,5,False,48
2024-04-07,S2,P2,S2_P2,97,6,False,41
2024-04-08,S2,P2,S2_P2,98,0,False,14
2024-04-09,S2,P2,S2_P2,99,1,False,28
2024-04-10,S2,P2,S2_P2,100,2,False,11
2024-04-11,S2,P2,S2_P2,101,3,False,41
2024-04-12,S2,P2,S2_P2,102,4,False,20
2024-04-13,S2,P2,S2_P2,103,5,False,37
2024-04-14,S2,P2,S2_P2,104,6,False,25
2024-04-15,S2,P2,S2_P2,105,0,False,22
2024-04-16,S2,P2,S2_P2,106,1,False,19
2024-04-17,S2,P2,S2_P2,107,2,False,38
2024-04-18,S2,P2,S2_P2,108,3,False,37
2024-04-19,S2,P2,S2_P2,109,4,False,18
2024-04-20,S2,P2,S2_P2,110,5,False,46
2024-04-21,S2,P2,S2_P2,111,6,False,30
2024-04-22,S2,P2,S2_P2,112,0,False,20
2024-04-23,S2,P2,S2_P2,113,1,False,19
2024-04-24,S2,P2,S2_P2,114,2,False,20
2024-04-25,S2,P2,S2_P2,115,3,False,19
2024-04-26,S2,P2,S2_P2,116,4,False,20
2024-04-27,S2,P2,S2_P2,117,5,False,35
2024-04-28,S2,P2,S2_P2,118,6,False,47
2024-04-29,S2,P2,S2_P2,119,0,False,18
2024-04-30,S2,P2,S2_P2,120,1,False,35
2024-05-01,S2,P2,S2_P2,121,2,False,18
2024-05-02,S2,P2,S2_P2,122,3,False,33
2024-05-03,S2,P2,S2_P2,123,4,False,26
2024-05-04,S2,P2,S2_P2,124,5,False,17
2024-05-05,S2,P2,S2_P2,125,6,False,32
2024-05-06,S2,P2,S2_P2,126,0,False,42
2024-05-07,S2,P2,S2_P2,127,1,False,18
2024-05-08,S2,P2,S2_P2,128,2,False,15
2024-05-09,S2,P2,S2_P2,129,3,False,28
2024-05-10,S2,P2,S2_P2,130,4,True,29
2024-05-11,S2,P2,S2_P2,131,5,False,51
2024-05-12,S2,P2,S2_P2,132,6,False,12
2024-05-13,S2,P2,S2_P2,133,0,False,16
2024-05-14,S2,P2,S2_P2,134,1,False,18
2024-05-15,S2,P2,S2_P2,135,2,False,50
2024-05-16,S2,P2,S2_P2,136,3,False,40
2024-05-17,S2,P2,S2_P2,137,4,False,30
2024-05-18,S2,P2,S2_P2,138,5,False,43
2024-05-19,S2,P2,S2_P2,139,6,False,54
2024-05-20,S2,P2,S2_P2,140,0,False,14
2024-05-21,S2,P2,S2_P2,141,1,True,51
2024-05-22,S2,P2,S2_P2,142,2,False,28
2024-05-23,S2,P2,S2_P2,143,3,False,55
2024-05-24,S2,P2,S2_P2,144,4,False,24
2024-05-25,S2,P2,S2_P2,145,5,False,32
2024-05-26,S2,P2,S2_P2,146,6,False,16
2024-05-27,S2,P2,S2_P2,147,0,False,28
2024-05-28,S2,P2,S2_P2,148,1,True,33
2024-05-29,S2,P2,S2_P2,149,2,False,30
2024-05-30,S2,P2,S2_P2,150,3,False,15
2024-05-31,S2,P2,S2_P2,151,4,False,22
2024-06-01,S2,P2,S2_P2,152,5,False,70
2024-06-02,S2,P2,S2_P2,153,6,False,34
2024-06-03,S2,P2,S2_P2,154,0,False,21
2024-06-04,S2,P2,S2_P2,155,1,False,20
2024-06-05,S2,P2,S2_P2,156,2,False,29
2024-06-06,S2,P2,S2_P2,157,3,False,27
2024-06-07,S2,P2,S2_P2,158,4,False,45
2024-06-08,S2,P2,S2_P2,159,5,False,19
2024-06-09,S2,P2,S2_P2,160,6,False,33
2024-06-10,S2,P2,S2_P2,161,0,False,24
2024-06-11,S2,P2,S2_P2,162,1,False,17
2024-06-12,S2,P2,S2_P2,163,2,False,16
2024-06-13,S2,P2,S2_P2,164,3,False,42
2024-06-14,S2,P2,S2_P2,165,4,False,26
2024-06-15,S2,P2,S2_P2,166,5,False,32
2024-06-16,S2,P2,S2_P2,167,6,False,32
2024-06-17,S2,P2,S2_P2,168,0,False,25
2024-06-18,S2,P2,S2_P2,169,1,False,20
2024-06-19,S2,P2,S2_P2,170,2,False,25
2024-06-20,S2,P2,S2_P2,171,3,False,17
2024-06-21,S2,P2,S2_P2,172,4,False,16
2024-06-22,S2,P2,S2_P2,173,5,False,40
2024-06-23,S2,P2,S2_P2,174,6,False,23
2024-06-24,S2,P2,S2_P2,175,0,False,41
2024-06-25,S2,P2,S2_P2,176,1,False,26
2024-06-26,S2,P2,S2_P2,177,2,True,34
2024-06-27,S2,P2,S2_P2,178,3,False,30
2024-06-28,S2,P2,S2_P2,179,4,False,30
2024-06-29,S2,P2,S2_P2,180,5,False,31
2024-06-30,S2,P2,S2_P2,181,6,False,8
2024-07-01,S2,P2,S2_P2,182,0,False,19
2024-07-02,S2,P2,S2_P2,183,1,False,21
2024-07-03,S2,P2,S2_P2,184,2,False,10
2024-07-04,S2,P2,S2_P2,185,3,False,26
2024-07-05,S2,P2,S2_P2,186,4,False,27
2024-07-06,S2,P2,S2_P2,187,5,False,24
2024-07-07,S2,P2,S2_P2,188,6,False,34
2024-07-08,S2,P2,S2_P2,189,0,False,16
2024-07-09,S2,P2,S2_P2,190,1,False,26
2024-07-10,S2,P2,S2_P2,191,2,False,33
2024-07-11,S2,P2,S2_P2,192,3,False,38
2024-07-12,S2,P2,S2_P2,193,4,False,54
2024-07-13,S2,P2,S2_P2,194,5,False,17
2024-07-14,S2,P2,S2_P2,195,6,False,30
2024-07-15,S2,P2,S2_P2,196,0,False,22
2024-07-16,S2,P2,S2_P2,197,1,False,42
2024-07-17,S2,P2,S2_P2,198,2,False,8
2024-07-18,S2,P2,S2_P2,199,3,False,14
2024-07-19,S2,P2,S2_P2,200,4,False,35
2024-07-20,S2,P2,S2_P2,201,5,False,14
2024-07-21,S2,P2,S2_P2,202,6,False,46
2024-07-22,S2,P2,S2_P2,203,0,False,39
2024-07-23,S2,P2,S2_P2,204,1,False,46
2024-07-24,S2,P2,S2_P2,205,2,False,33
2024-07-25,S2,P2,S2_P2,206,3,False,13
2024-07-26,S2,P2,S2_P2,207,4,False,19
2024-07-27,S2,P2,S2_P2,208,5,False,42
2024-07-28,S2,P2,S2_P2,209,6,False,10
2024-07-29,S2,P2,S2_P2,210,0,False,24
2024-07-30,S2,P2,S2_P2,211,1,False,17
2024-07-31,S2,P2,S2_P2,212,2,False,11
2024-08-01,S2,P2,S2_P2,213,3,False,14
2024-08-02,S2,P2,S2_P2,214,4,False,25
2024-08-03,S2,P2,S2_P2,215,5,False,23
2024-08-04,S2,P2,S2_P2,216,6,False,28
2024-08-05,S2,P2,S2_P2,217,0,False,15
2024-08-06,S2,P2,S2_P2,218,1,False,22
2024-08-07,S2,P2,S2_P2,219,2,False,40
2024-08-08,S2,P2,S2_P2,220,3,False,16
2024-08-09,S2,P2,S2_P2,221,4,False,13
2024-08-10,S2,P2,S2_P2,222,5,False,23
2024-08-11,S2,P2,S2_P2,223,6,False,46
2024-08-12,S2,P2,S2_P2,224,0,False,39
2024-08-13,S2,P2,S2_P2,225,1,False,27
2024-08-14,S2,P2,S2_P2,226,2,False,27
2024-08-15,S2,P2,S2_P2,227,3,False,30
2024-08-16,S2,P2,S2_P2,228,4,False,15
2024-08-17,S2,P2,S2_P2,229,5,False,24
2024-08-18,S2,P2,S2_P2,230,6,False,36
2024-08-19,S2,P2,S2_P2,231,0,False,16
2024-08-20,S2,P2,S2_P2,232,1,False,36
2024-08-21,S2,P2,S2_P2,233,2,False,21
2024-08-22,S2,P2,S2_P2,234,3,False,18
2024-08-23,S2,P2,S2_P2,235,4,True,53
2024-08-24,S2,P2,S2_P2,236,5,False,26
2024-08-25,S2,P2,S2_P2,237,6,False,7
2024-08-26,S2,P2,S2_P2,238,0,False,29
2024-08-27,S2,P2,S2_P2,239,1,False,32
2024-08-28,S2,P2,S2_P2,240,2,False,15
2024-08-29,S2,P2,S2_P2,241,3,False,11
2024-08-30,S2,P2,S2_P2,242,4,False,30
2024-08-31,S2,P2,S2_P2,243,5,True,53
2024-09-01,S2,P2,S2_P2,244,6,False,31
2024-09-02,S2,P2,S2_P2,245,0,False,19
2024-09-03,S2,P2,S2_P2,246,1,False,16
2024-09-04,S2,P2,S2_P2,247,2,False,13
2024-09-05,S2,P2,S2_P2,248,3,False,24
2024-09-06,S2,P2,S2_P2,249,4,False,42
2024-09-07,S2,P2,S2_P2,250,5,False,31
2024-09-08,S2,P2,S2_P2,251,6,False,29
2024-09-09,S2,P2,S2_P2,252,0,False,13
2024-09-10,S2,P2,S2_P2,253,1,False,16
2024-09-11,S2,P2,S2_P2,254,2,False,24
2024-09-12,S2,P2,S2_P2,255,3,False,24
2024-09-13,S2,P2,S2_P2,256,4,True,43
2024-09-14,S2,P2,S2_P2,257,5,False,46
2024-09-15,S2,P2,S2_P2,258,6,False,22
2024-09-16,S2,P2,S2_P2,259,0,False,28
2024-09-17,S2,P2,S2_P2,260,1,False,17
2024-09-18,S2,P2,S2_P2,261,2,False,28
2024-09-19,S2,P2,S2_P2,262,3,False,17
2024-09-20,S2,P2,S2_P2,263,4,False,22
2024-09-21,S2,P2,S2_P2,264,5,False,29
2024-09-22,S2,P2,S2_P2,265,6,False,40
2024-09-23,S2,P2,S2_P2,266,0,False,21
2024-09-24,S2,P2,S2_P2,267,1,False,13
2024-09-25,S2,P2,S2_P2,268,2,False,14
2024-09-26,S2,P2,S2_P2,269,3,False,31
2024-09-27,S2,P2,S2_P2,270,4,False,25
2024-09-28,S2,P2,S2_P2,271,5,False,49
2024-09-29,S2,P2,S2_P2,272,6,False,16
2024-09-30,S2,P2,S2_P2,273,0,False,11
2024-10-01,S2,P2,S2_P2,274,1,False,34
2024-10-02,S2,P2,S2_P2,275,2,False,19
2024-10-03,S2,P2,S2_P2,276,3,False,18
2024-10-04,S2,P2,S2_P2,277,4,False,33
2024-10-05,S2,P2,S2_P2,278,5,False,36
2024-10-06,S2,P2,S2_P2,279,6,False,34
2024-10-07,S2,P2,S2_P2,280,0,True,52
2024-10-08,S2,P2,S2_P2,281,1,False,11
2024-10-09,S2,P2,S2_P2,282,2,False,11
2024-10-10,S2,P2,S2_P2,283,3,False,11
2024-10-11,S2,P2,S2_P2,284,4,False,30
2024-10-12,S2,P2,S2_P2,285,5,False,39
2024-10-13,S2,P2,S2_P2,286,6,False,58
2024-10-14,S2,P2,S2_P2,287,0,False,26
2024-10-15,S2,P2,S2_P2,288,1,True,24
2024-10-16,S2,P2,S2_P2,289,2,True,27
2024-10-17,S2,P2,S2_P2,290,3,False,28
2024-10-18,S2,P2,S2_P2,291,4,False,23
2024-10-19,S2,P2,S2_P2,292,5,False,45
2024-10-20,S2,P2,S2_P2,293,6,False,30
2024-10-21,S2,P2,S2_P2,294,0,False,37
2024-10-22,S2,P2,S2_P2,295,1,False,31
2024-10-23,S2,P2,S2_P2,296,2,False,31
2024-10-24,S2,P2,S2_P2,297,3,False,24
2024-10-25,S2,P2,S2_P2,298,4,False,24
2024-10-26,S2,P2,S2_P2,299,5,False,29
2024-10-27,S2,P2,S2_P2,300,6,False,29
2024-10-28,S2,P2,S2_P2,301,0,False,33
2024-10-29,S2,P2,S2_P2,302,1,False,28
2024-10-30,S2,P2,S2_P2,303,2,False,10
2024-10-31,S2,P2,S2_P2,304,3,False,13
2024-11-01,S2,P2,S2_P2,305,4,False,50
2024-11-02,S2,P2,S2_P2,306,5,False,37
2024-11-03,S2,P2,S2_P2,307,6,False,47
2024-11-04,S2,P2,S2_P2,308,0,False,20
2024-11-05,S2,P2,S2_P2,309,1,False,21
2024-11-06,S2,P2,S2_P2,310,2,False,22
2024-11-07,S2,P2,S2_P2,311,3,False,30
2024-11-08,S2,P2,S2_P2,312,4,False,16
2024-11-09,S2,P2,S2_P2,313,5,False,36
2024-11-10,S2,P2,S2_P2,314,6,False,39
2024-11-11,S2,P2,S2_P2,315,0,False,17
2024-11-12,S2,P2,S2_P2,316,1,False,23
2024-11-13,S2,P2,S2_P2,317,2,False,32
2024-11-14,S2,P2,S2_P2,318,3,False,30
2024-11-15,S2,P2,S2_P2,319,4,False,22
2024-11-16,S2,P2,S2_P2,320,5,False,25
2024-11-17,S2,P2,S2_P2,321,6,False,32
2024-11-18,S2,P2,S2_P2,322,0,False,15
2024-11-19,S2,P2,S2_P2,323,1,False,19
2024-11-20,S2,P2,S2_P2,324,2,False,24
2024-11-21,S2,P2,S2_P2,325,3,False,35
2024-11-22,S2,P2,S2_P2,326,4,False,14
2024-11-23,S2,P2,S2_P2,327,5,False,37
2024-11-24,S2,P2,S2_P2,328,6,False,44
2024-11-25,S2,P2,S2_P2,329,0,False,22
2024-11-26,S2,P2,S2_P2,330,1,False,19
2024-11-27,S2,P2,S2_P2,331,2,False,34
2024-11-28,S2,P2,S2_P2,332,3,False,22
2024-11-29,S2,P2,S2_P2,333,4,False,18
2024-11-30,S2,P2,S2_P2,334,5,False,23
2024-12-01,S2,P2,S2_P2,335,6,False,13
2024-12-02,S2,P2,S2_P2,336,0,False,27
2024-12-03,S2,P2,S2_P2,337,1,False,6
2024-12-04,S2,P2,S2_P2,338,2,False,25
2024-12-05,S2,P2,S2_P2,339,3,False,12
2024-12-06,S2,P2,S2_P2,340,4,False,21
2024-12-07,S2,P2,S2_P2,341,5,True,54
2024-12-08,S2,P2,S2_P2,342,6,False,15
2024-12-09,S2,P2,S2_P2,343,0,False,29
2024-12-10,S2,P2,S2_P2,344,1,False,24
2024-12-11,S2,P2,S2_P2,345,2,False,24
2024-12-12,S2,P2,S2_P2,346,3,False,33
2024-12-13,S2,P2,S2_P2,347,4,False,24
2024-12-14,S2,P2,S2_P2,348,5,False,44
2024-12-15,S2,P2,S2_P2,349,6,False,16
2024-12-16,S2,P2,S2_P2,350,0,False,17
2024-12-17,S2,P2,S2_P2,351,1,False,25
2024-12-18,S2,P2,S2_P2,352,2,False,29
2024-12-19,S2,P2,S2_P2,353,3,False,23
2024-12-20,S2,P2,S2_P2,354,4,False,24
2024-12-21,S2,P2,S2_P2,355,5,False,28
2024-12-22,S2,P2,S2_P2,356,6,False,44
2024-12-23,S2,P2,S2_P2,357,0,False,10
2024-12-24,S2,P2,S2_P2,358,1,False,15
2024-12-25,S2,P2,S2_P2,359,2,False,23
2024-12-26,S2,P2,S2_P2,360,3,False,13
2024-12-27,S2,P2,S2_P2,361,4,False,23
2024-12-28,S2,P2,S2_P2,362,5,False,34
2024-12-29,S2,P2,S2_P2,363,6,False,26
2024-12-30,S2,P2,S2_P2,364,0,False,29
2024-12-31,S2,P2,S2_P2,365,1,False,21
2025-01-01,S2,P2,S2_P2,366,2,False,28
2025-01-02,S2,P2,S2_P2,367,3,False,12
2025-01-03,S2,P2,S2_P2,368,4,False,8
2025-01-04,S2,P2,S2_P2,369,5,False,34
2025-01-05,S2,P2,S2_P2,370,6,False,61
2025-01-06,S2,P2,S2_P2,371,0,False,20
2025-01-07,S2,P2,S2_P2,372,1,False,16
2025-01-08,S2,P2,S2_P2,373,2,False,13
2025-01-09,S2,P2,S2_P2,374,3,False,25
2025-01-10,S2,P2,S2_P2,375,4,False,34
2025-01-11,S2,P2,S2_P2,376,5,False,18
2025-01-12,S2,P2,S2_P2,377,6,False,21
2025-01-13,S2,P2,S2_P2,378,0,False,32
2025-01-14,S2,P2,S2_P2,379,1,False,16
2025-01-15,S2,P2,S2_P2,380,2,False,21
2025-01-16,S2,P2,S2_P2,381,3,False,17
2025-01-17,S2,P2,S2_P2,382,4,False,12
2025-01-18,S2,P2,S2_P2,383,5,False,16
2025-01-19,S2,P2,S2_P2,384,6,False,44
2025-01-20,S2,P2,S2_P2,385,0,False,42
2025-01-21,S2,P2,S2_P2,386,1,False,23
2025-01-22,S2,P2,S2_P2,387,2,False,30
2025-01-23,S2,P2,S2_P2,388,3,False,21
2025-01-24,S2,P2,S2_P2,389,4,False,23
2025-01-25,S2,P2,S2_P2,390,5,False,32
2025-01-26,S2,P2,S2_P2,391,6,True,33
2025-01-27,S2,P2,S2_P2,392,0,False,26
2025-01-28,S2,P2,S2_P2,393,1,False,16
2025-01-29,S2,P2,S2_P2,394,2,False,26
2025-01-30,S2,P2,S2_P2,395,3,False,30
2025-01-31,S2,P2,S2_P2,396,4,False,70
2025-02-01,S2,P2,S2_P2,397,5,False,14
2025-02-02,S2,P2,S2_P2,398,6,False,30
2025-02-03,S2,P2,S2_P2,399,0,False,22
2025-02-04,S2,P2,S2_P2,400,1,False,13
2025-02-05,S2,P2,S2_P2,401,2,False,25
2025-02-06,S2,P2,S2_P2,402,3,False,11
2025-02-07,S2,P2,S2_P2,403,4,False,23
2025-02-08,S2,P2,S2_P2,404,5,False,47
2025-02-09,S2,P2,S2_P2,405,6,True,52
2025-02-10,S2,P2,S2_P2,406,0,False,24
2025-02-11,S2,P2,S2_P2,407,1,False,12
2025-02-12,S2,P2,S2_P2,408,2,False,24
2025-02-13,S2,P2,S2_P2,409,3,False,28
2025-02-14,S2,P2,S2_P2,410,4,False,21
2025-02-15,S2,P2,S2_P2,411,5,False,18
2025-02-16,S2,P2,S2_P2,412,6,False,23
2025-02-17,S2,P2,S2_P2,413,0,False,8
2025-02-18,S2,P2,S2_P2,414,1,False,29
2025-02-19,S2,P2,S2_P2,415,2,False,32
2025-02-20,S2,P2,S2_P2,416,3,True,39
2025-02-21,S2,P2,S2_P2,417,4,False,19
2025-02-22,S2,P2,S2_P2,418,5,True,64
2025-02-23,S2,P2,S2_P2,419,6,False,53
2025-02-24,S2,P2,S2_P2,420,0,False,20
2025-02-25,S2,P2,S2_P2,421,1,False,24
2025-02-26,S2,P2,S2_P2,422,2,False,11
2025-02-27,S2,P2,S2_P2,423,3,False,15
2025-02-28,S2,P2,S2_P2,424,4,False,45
2025-03-01,S2,P2,S2_P2,425,5,False,11
2025-03-02,S2,P2,S2_P2,426,6,False,13
2025-03-03,S2,P2,S2_P2,427,0,False,44
2025-03-04,S2,P2,S2_P2,428,1,False,24
2025-03-05,S2,P2,S2_P2,429,2,False,34
2025-03-06,S2,P2,S2_P2,430,3,False,11
2025-03-07,S2,P2,S2_P2,431,4,False,13
2025-03-08,S2,P2,S2_P2,432,5,False,9
2025-03-09,S2,P2,S2_P2,433,6,False,30
2025-03-10,S2,P2,S2_P2,434,0,False,14
2025-03-11,S2,P2,S2_P2,435,1,False,18
2025-03-12,S2,P2,S2_P2,436,2,False,12
2025-03-13,S2,P2,S2_P2,437,3,False,35
2025-03-14,S2,P2,S2_P2,438,4,False,17
2025-03-15,S2,P2,S2_P2,439,5,False,19
2025-03-16,S2,P2,S2_P2,440,6,False,40
2025-03-17,S2,P2,S2_P2,441,0,True,37
2025-03-18,S2,P2,S2_P2,442,1,False,19
2025-03-19,S2,P2,S2_P2,443,2,False,21
2025-03-20,S2,P2,S2_P2,444,3,False,35
2025-03-21,S2,P2,S2_P2,445,4,True,55
2025-03-22,S2,P2,S2_P2,446,5,False,35
2025-03-23,S2,P2,S2_P2,447,6,False,40
2025-03-24,S2,P2,S2_P2,448,0,False,21
2025-03-25,S2,P2,S2_P2,449,1,False,27
2025-03-26,S2,P2,S2_P2,450,2,False,18
2025-03-27,S2,P2,S2_P2,451,3,False,35
2025-03-28,S2,P2,S2_P2,452,4,False,16
2025-03-29,S2,P2,S2_P2,453,5,False,19
2025-03-30,S2,P2,S2_P2,454,6,False,43
2025-03-31,S2,P2,S2_P2,455,0,False,13
2025-04-01,S2,P2,S2_P2,456,1,True,36
2025-04-02,S2,P2,S2_P2,457,2,False,30
2025-04-03,S2,P2,S2_P2,458,3,False,21
2025-04-04,S2,P2,S2_P2,459,4,False,31
2025-04-05,S2,P2,S2_P2,460,5,False,14
2025-04-06,S2,P2,S2_P2,461,6,False,30
2025-04-07,S2,P2,S2_P2,462,0,False,6
2025-04-08,S2,P2,S2_P2,463,1,False,13
2025-04-09,S2,P2,S2_P2,464,2,False,17
2025-04-10,S2,P2,S2_P2,465,3,False,16
2025-04-11,S2,P2,S2_P2,466,4,False,24
2025-04-12,S2,P2,S2_P2,467,5,False,20
2025-04-13,S2,P2,S2_P2,468,6,False,49
2025-04-14,S2,P2,S2_P2,469,0,False,20
2025-04-15,S2,P2,S2_P2,470,1,False,27
2025-04-16,S2,P2,S2_P2,471,2,False,20
2025-04-17,S2,P2,S2_P2,472,3,False,31
2025-04-18,S2,P2,S2_P2,473,4,True,58
2025-04-19,S2,P2,S2_P2,474,5,False,41
2025-04-20,S2,P2,S2_P2,475,6,False,29
2025-04-21,S2,P2,S2_P2,476,0,False,18
2025-04-22,S2,P2,S2_P2,477,1,True,57
2025-04-23,S2,P2,S2_P2,478,2,False,11
2025-04-24,S2,P2,S2_P2,479,3,False,15
2025-04-25,S2,P2,S2_P2,480,4,True,30
2025-04-26,S2,P2,S2_P2,481,5,False,45
2025-04-27,S2,P2,S2_P2,482,6,False,31
2025-04-28,S2,P2,S2_P2,483,0,False,19
2025-04-29,S2,P2,S2_P2,484,1,False,5
2025-04-30,S2,P2,S2_P2,485,2,False,26
2025-05-01,S2,P2,S2_P2,486,3,False,24
2025-05-02,S2,P2,S2_P2,487,4,False,26
2025-05-03,S2,P2,S2_P2,488,5,True,29
2025-05-04,S2,P2,S2_P2,489,6,False,20
2025-05-05,S2,P2,S2_P2,490,0,False,26
2025-05-06,S2,P2,S2_P2,491,1,False,16
2025-05-07,S2,P2,S2_P2,492,2,False,18
2025-05-08,S2,P2,S2_P2,493,3,False,39
2025-05-09,S2,P2,S2_P2,494,4,False,17
2025-05-10,S2,P2,S2_P2,495,5,False,47
2025-05-11,S2,P2,S2_P2,496,6,False,19
2025-05-12,S2,P2,S2_P2,497,0,False,19
2025-05-13,S2,P2,S2_P2,498,1,False,11
2025-05-14,S2,P2,S2_P2,499,2,True,48
2025-05-15,S2,P2,S2_P2,500,3,False,41
2025-05-16,S2,P2,S2_P2,501,4,False,30
2025-05-17,S2,P2,S2_P2,502,5,False,32
2025-05-18,S2,P2,S2_P2,503,6,False,21
2025-05-19,S2,P2,S2_P2,504,0,False,18
2025-05-20,S2,P2,S2_P2,505,1,False,19
2025-05-21,S2,P2,S2_P2,506,2,False,28
2025-05-22,S2,P2,S2_P2,507,3,False,19
2025-05-23,S2,P2,S2_P2,508,4,False,43
2025-05-24,S2,P2,S2_P2,509,5,False,53
2025-05-25,S2,P2,S2_P2,510,6,False,27
2025-05-26,S2,P2,S2_P2,511,0,False,37
2025-05-27,S2,P2,S2_P2,512,1,False,10
2025-05-28,S2,P2,S2_P2,513,2,True,41
2025-05-29,S2,P2,S2_P2,514,3,False,22
2025-05-30,S2,P2,S2_P2,515,4,False,26
2025-05-31,S2,P2,S2_P2,516,5,False,30
2025-06-01,S2,P2,S2_P2,517,6,False,31
2025-06-02,S2,P2,S2_P2,518,0,False,43
2025-06-03,S2,P2,S2_P2,519,1,False,21
2025-06-04,S2,P2,S2_P2,520,2,False,13
2025-06-05,S2,P2,S2_P2,521,3,False,20
2025-06-06,S2,P2,S2_P2,522,4,True,54
2025-06-07,S2,P2,S2_P2,523,5,True,33
2025-06-08,S2,P2,S2_P2,524,6,False,21
2025-06-09,S2,P2,S2_P2,525,0,False,30
2025-06-10,S2,P2,S2_P2,526,1,False,19
2025-06-11,S2,P2,S2_P2,527,2,False,15
2025-06-12,S2,P2,S2_P2,528,3,False,20
2025-06-13,S2,P2,S2_P2,529,4,False,28
2025-06-14,S2,P2,S2_P2,530,5,False,33
2025-06-15,S2,P2,S2_P2,531,6,False,29
2025-06-16,S2,P2,S2_P2,532,0,False,16
2025-06-17,S2,P2,S2_P2,533,1,False,20
2025-06-18,S2,P2,S2_P2,534,2,False,15
2025-06-19,S2,P2,S2_P2,535,3,False,17
2025-06-20,S2,P2,S2_P2,536,4,False,25
2025-06-21,S2,P2,S2_P2,537,5,False,38
2025-06-22,S2,P2,S2_P2,538,6,False,19
2025-06-23,S2,P2,S2_P2,539,0,False,29
2025-06-24,S2,P2,S2_P2,540,1,False,29
2025-06-25,S2,P2,S2_P2,541,2,True,46
2025-06-26,S2,P2,S2_P2,542,3,False,26
2025-06-27,S2,P2,S2_P2,543,4,False,13
2025-06-28,S2,P2,S2_P2,544,5,False,29
2025-06-29,S2,P2,S2_P2,545,6,False,15
2025-06-30,S2,P2,S2_P2,546,0,True,28
2025-07-01,S2,P2,S2_P2,547,1,False,23
2025-07-02,S2,P2,S2_P2,548,2,False,21
2025-07-03,S2,P2,S2_P2,549,3,False,24
2025-07-04,S2,P2,S2_P2,550,4,False,15
2025-07-05,S2,P2,S2_P2,551,5,False,26
2025-07-06,S2,P2,S2_P2,552,6,False,18
2025-07-07,S2,P2,S2_P2,553,0,False,24
2025-07-08,S2,P2,S2_P2,554,1,False,15
2025-07-09,S2,P2,S2_P2,555,2,False,7
2025-07-10,S2,P2,S2_P2,556,3,False,15
2025-07-11,S2,P2,S2_P2,557,4,False,23
2025-07-12,S2,P2,S2_P2,558,5,False,20
2025-07-13,S2,P2,S2_P2,559,6,False,14
2025-07-14,S2,P2,S2_P2,560,0,False,23
2025-07-15,S2,P2,S2_P2,561,1,True,36
2025-07-16,S2,P2,S2_P2,562,2,False,18
2025-07-17,S2,P2,S2_P2,563,3,False,22
2025-07-18,S2,P2,S2_P2,564,4,False,48
2025-07-19,S2,P2,S2_P2,565,5,False,43
2025-07-20,S2,P2,S2_P2,566,6,False,9
2025-07-21,S2,P2,S2_P2,567,0,False,25
2025-07-22,S2,P2,S2_P2,568,1,False,9
2025-07-23,S2,P2,S2_P2,569,2,True,31
2025-07-24,S2,P2,S2_P2,570,3,True,37
2025-07-25,S2,P2,S2_P2,571,4,False,25
2025-07-26,S2,P2,S2_P2,572,5,False,25
2025-07-27,S2,P2,S2_P2,573,6,False,21
2025-07-28,S2,P2,S2_P2,574,0,False,11
2025-07-29,S2,P2,S2_P2,575,1,False,18
2025-07-30,S2,P2,S2_P2,576,2,False,28
2025-07-31,S2,P2,S2_P2,577,3,False,17
2025-08-01,S2,P2,S2_P2,578,4,False,25
2025-08-02,S2,P2,S2_P2,579,5,False,70
2025-08-03,S2,P2,S2_P2,580,6,False,56
2025-08-04,S2,P2,S2_P2,581,0,False,24
2025-08-05,S2,P2,S2_P2,582,1,False,3
2025-08-06,S2,P2,S2_P2,583,2,False,19
2025-08-07,S2,P2,S2_P2,584,3,False,19
2025-08-08,S2,P2,S2_P2,585,4,False,28
2025-08-09,S2,P2,S2_P2,586,5,False,27
2025-08-10,S2,P2,S2_P2,587,6,False,25
2025-08-11,S2,P2,S2_P2,588,0,False,29
2025-08-12,S2,P2,S2_P2,589,1,False,23
2025-08-13,S2,P2,S2_P2,590,2,False,17
2025-08-14,S2,P2,S2_P2,591,3,False,41
2025-08-15,S2,P2,S2_P2,592,4,False,34
2025-08-16,S2,P2,S2_P2,593,5,False,25
2025-08-17,S2,P2,S2_P2,594,6,False,48
2025-08-18,S2,P2,S2_P2,595,0,False,22
2025-08-19,S2,P2,S2_P2,596,1,False,11
2025-08-20,S2,P2,S2_P2,597,2,False,18
2025-08-21,S2,P2,S2_P2,598,3,False,24
2025-08-22,S2,P2,S2_P2,599,4,False,24
2025-08-23,S2,P2,S2_P2,600,5,False,46
2025-08-24,S2,P2,S2_P2,601,6,False,24
2025-08-25,S2,P2,S2_P2,602,0,False,13
2025-08-26,S2,P2,S2_P2,603,1,False,38
2025-08-27,S2,P2,S2_P2,604,2,False,5
2025-08-28,S2,P2,S2_P2,605,3,False,22
2025-08-29,S2,P2,S2_P2,606,4,False,39
2025-08-30,S2,P2,S2_P2,607,5,False,29
2025-08-31,S2,P2,S2_P2,608,6,False,20
2025-09-01,S2,P2,S2_P2,609,0,False,13
2025-09-02,S2,P2,S2_P2,610,1,False,22
2025-09-03,S2,P2,S2_P2,611,2,False,7
2025-09-04,S2,P2,S2_P2,612,3,False,15
2025-09-05,S2,P2,S2_P2,613,4,False,20
2025-09-06,S2,P2,S2_P2,614,5,False,51
2025-09-07,S2,P2,S2_P2,615,6,False,17
2025-09-08,S2,P2,S2_P2,616,0,False,20
2025-09-09,S2,P2,S2_P2,617,1,False,10
2025-09-10,S2,P2,S2_P2,618,2,False,26
2025-09-11,S2,P2,S2_P2,619,3,False,9
2025-09-12,S2,P2,S2_P2,620,4,False,27
2025-09-13,S2,P2,S2_P2,621,5,False,25
2025-09-14,S2,P2,S2_P2,622,6,False,25
2025-09-15,S2,P2,S2_P2,623,0,False,19
2025-09-16,S2,P2,S2_P2,624,1,False,24
2025-09-17,S2,P2,S2_P2,625,2,False,31
2025-09-18,S2,P2,S2_P2,626,3,False,12
2025-09-19,S2,P2,S2_P2,627,4,False,12
2025-09-20,S2,P2,S2_P2,628,5,False,28
2025-09-21,S2,P2,S2_P2,629,6,False,31
2025-09-22,S2,P2,S2_P2,630,0,False,15
2025-09-23,S2,P2,S2_P2,631,1,False,19
2025-09-24,S2,P2,S2_P2,632,2,False,19
2025-09-25,S2,P2,S2_P2,633,3,False,10
2025-09-26,S2,P2,S2_P2,634,4,False,30
2025-09-27,S2,P2,S2_P2,635,5,False,29
2025-09-28,S2,P2,S2_P2,636,6,False,29
2025-09-29,S2,P2,S2_P2,637,0,False,12
2025-09-30,S2,P2,S2_P2,638,1,False,23
2025-10-01,S2,P2,S2_P2,639,2,False,35
2025-10-02,S2,P2,S2_P2,640,3,False,15
2025-10-03,S2,P2,S2_P2,641,4,True,64
2025-10-04,S2,P2,S2_P2,642,5,False,25
2025-10-05,S2,P2,S2_P2,643,6,False,31
2025-10-06,S2,P2,S2_P2,644,0,False,23
2025-10-07,S2,P2,S2_P2,645,1,False,15
2025-10-08,S2,P2,S2_P2,646,2,False,32
2025-10-09,S2,P2,S2_P2,647,3,False,18
2025-10-10,S2,P2,S2_P2,648,4,False,39
2025-10-11,S2,P2,S2_P2,649,5,False,13
2025-10-12,S2,P2,S2_P2,650,6,False,20
2025-10-13,S2,P2,S2_P2,651,0,False,13
2025-10-14,S2,P2,S2_P2,652,1,False,17
2025-10-15,S2,P2,S2_P2,653,2,False,12
2025-10-16,S2,P2,S2_P2,654,3,False,26
2025-10-17,S2,P2,S2_P2,655,4,False,23
2025-10-18,S2,P2,S2_P2,656,5,True,27
2025-10-19,S2,P2,S2_P2,657,6,True,58
2025-10-20,S2,P2,S2_P2,658,0,False,18
2025-10-21,S2,P2,S2_P2,659,1,False,29
2025-10-22,S2,P2,S2_P2,660,2,False,20
2025-10-23,S2,P2,S2_P2,661,3,False,9
2025-10-24,S2,P2,S2_P2,662,4,False,20
2025-10-25,S2,P2,S2_P2,663,5,False,33
2025-10-26,S2,P2,S2_P2,664,6,False,11
2025-10-27,S2,P2,S2_P2,665,0,False,18
2025-10-28,S2,P2,S2_P2,666,1,False,23
2025-10-29,S2,P2,S2_P2,667,2,False,4
2025-10-30,S2,P2,S2_P2,668,3,False,37
2025-10-31,S2,P2,S2_P2,669,4,False,20
2025-11-01,S2,P2,S2_P2,670,5,False,6
2025-11-02,S2,P2,S2_P2,671,6,False,10
2025-11-03,S2,P2,S2_P2,672,0,False,7
2025-11-04,S2,P2,S2_P2,673,1,True,34
2025-11-05,S2,P2,S2_P2,674,2,False,23
2025-11-06,S2,P2,S2_P2,675,3,False,18
2025-11-07,S2,P2,S2_P2,676,4,False,30
2025-11-08,S2,P2,S2_P2,677,5,False,29
2025-11-09,S2,P2,S2_P2,678,6,False,9
2025-11-10,S2,P2,S2_P2,679,0,False,28
2025-11-11,S2,P2,S2_P2,680,1,False,14
2025-11-12,S2,P2,S2_P2,681,2,False,15
2025-11-13,S2,P2,S2_P2,682,3,False,18
2025-11-14,S2,P2,S2_P2,683,4,False,28
2025-11-15,S2,P2,S2_P2,684,5,False,28
2025-11-16,S2,P2,S2_P2,685,6,False,12
2025-11-17,S2,P2,S2_P2,686,0,False,14
2025-11-18,S2,P2,S2_P2,687,1,False,16
2025-11-19,S2,P2,S2_P2,688,2,False,26
2025-11-20,S2,P2,S2_P2,689,3,False,18
2025-11-21,S2,P2,S2_P2,690,4,False,48
2025-11-22,S2,P2,S2_P2,691,5,False,44
2025-11-23,S2,P2,S2_P2,692,6,False,17
2025-11-24,S2,P2,S2_P2,693,0,False,12
2025-11-25,S2,P2,S2_P2,694,1,False,16
2025-11-26,S2,P2,S2_P2,695,2,False,28
2025-11-27,S2,P2,S2_P2,696,3,False,18
2025-11-28,S2,P2,S2_P2,697,4,False,19
2025-11-29,S2,P2,S2_P2,698,5,True,55
2025-11-30,S2,P2,S2_P2,699,6,False,34
2024-01-01,S3,P1,S3_P1,0,0,False,56
2024-01-02,S3,P1,S3_P1,1,1,False,70
2024-01-03,S3,P1,S3_P1,2,2,False,93
2024-01-04,S3,P1,S3_P1,3,3,False,112
2024-01-05,S3,P1,S3_P1,4,4,False,44
2024-01-06,S3,P1,S3_P1,5,5,False,59
2024-01-07,S3,P1,S3_P1,6,6,False,92
2024-01-08,S3,P1,S3_P1,7,0,False,159
2024-01-09,S3,P1,S3_P1,8,1,False,105
2024-01-10,S3,P1,S3_P1,9,2,False,60
2024-01-11,S3,P1,S3_P1,10,3,False,67
2024-01-12,S3,P1,S3_P1,11,4,False,103
2024-01-13,S3,P1,S3_P1,12,5,False,108
2024-01-14,S3,P1,S3_P1,13,6,False,70
2024-01-15,S3,P1,S3_P1,14,0,False,104
2024-01-16,S3,P1,S3_P1,15,1,False,22
2024-01-17,S3,P1,S3_P1,16,2,False,89
2024-01-18,S3,P1,S3_P1,17,3,False,89
2024-01-19,S3,P1,S3_P1,18,4,False,109
2024-01-20,S3,P1,S3_P1,19,5,False,119
2024-01-21,S3,P1,S3_P1,20,6,False,70
2024-01-22,S3,P1,S3_P1,21,0,False,80
2024-01-23,S3,P1,S3_P1,22,1,False,43
2024-01-24,S3,P1,S3_P1,23,2,False,101
2024-01-25,S3,P1,S3_P1,24,3,True,257
2024-01-26,S3,P1,S3_P1,25,4,False,108
2024-01-27,S3,P1,S3_P1,26,5,False,51
2024-01-28,S3,P1,S3_P1,27,6,False,88
2024-01-29,S3,P1,S3_P1,28,0,False,58
2024-01-30,S3,P1,S3_P1,29,1,False,123
2024-01-31,S3,P1,S3_P1,30,2,False,42
2024-02-01,S3,P1,S3_P1,31,3,False,76
2024-02-02,S3,P1,S3_P1,32,4,False,68
2024-02-03,S3,P1,S3_P1,33,5,False,70
2024-02-04,S3,P1,S3_P1,34,6,False,179
2024-02-05,S3,P1,S3_P1,35,0,False,44
2024-02-06,S3,P1,S3_P1,36,1,False,44
2024-02-07,S3,P1,S3_P1,37,2,False,76
2024-02-08,S3,P1,S3_P1,38,3,False,100
2024-02-09,S3,P1,S3_P1,39,4,False,105
2024-02-10,S3,P1,S3_P1,40,5,False,111
2024-02-11,S3,P1,S3_P1,41,6,False,79
2024-02-12,S3,P1,S3_P1,42,0,False,90
2024-02-13,S3,P1,S3_P1,43,1,False,116
2024-02-14,S3,P1,S3_P1,44,2,False,88
2024-02-15,S3,P1,S3_P1,45,3,False,103
2024-02-16,S3,P1,S3_P1,46,4,False,62
2024-02-17,S3,P1,S3_P1,47,5,False,121
2024-02-18,S3,P1,S3_P1,48,6,False,106
2024-02-19,S3,P1,S3_P1,49,0,False,72
2024-02-20,S3,P1,S3_P1,50,1,False,81
2024-02-21,S3,P1,S3_P1,51,2,False,43
2024-02-22,S3,P1,S3_P1,52,3,False,102
2024-02-23,S3,P1,S3_P1,53,4,False,68
2024-02-24,S3,P1,S3_P1,54,5,False,116
2024-02-25,S3,P1,S3_P1,55,6,True,112
2024-02-26,S3,P1,S3_P1,56,0,False,54
2024-02-27,S3,P1,S3_P1,57,1,False,71
2024-02-28,S3,P1,S3_P1,58,2,False,105
2024-02-29,S3,P1,S3_P1,59,3,False,72
2024-03-01,S3,P1,S3_P1,60,4,False,94
2024-03-02,S3,P1,S3_P1,61,5,False,93
2024-03-03,S3,P1,S3_P1,62,6,False,90
2024-03-04,S3,P1,S3_P1,63,0,False,65
2024-03-05,S3,P1,S3_P1,64,1,False,70
2024-03-06,S3,P1,S3_P1,65,2,False,110
2024-03-07,S3,P1,S3_P1,66,3,False,76
2024-03-08,S3,P1,S3_P1,67,4,False,142
2024-03-09,S3,P1,S3_P1,68,5,False,81
2024-03-10,S3,P1,S3_P1,69,6,False,120
2024-03-11,S3,P1,S3_P1,70,0,False,118
2024-03-12,S3,P1,S3_P1,71,1,False,61
2024-03-13,S3,P1,S3_P1,72,2,False,11
2024-03-14,S3,P1,S3_P1,73,3,False,81
2024-03-15,S3,P1,S3_P1,74,4,False,70
2024-03-16,S3,P1,S3_P1,75,5,False,81
2024-03-17,S3,P1,S3_P1,76,6,False,83
2024-03-18,S3,P1,S3_P1,77,0,False,72
2024-03-19,S3,P1,S3_P1,78,1,False,110
2024-03-20,S3,P1,S3_P1,79,2,False,57
2024-03-21,S3,P1,S3_P1,80,3,False,118
2024-03-22,S3,P1,S3_P1,81,4,False,97
2024-03-23,S3,P1,S3_P1,82,5,True,138
2024-03-24,S3,P1,S3_P1,83,6,False,78
2024-03-25,S3,P1,S3_P1,84,0,False,123
2024-03-26,S3,P1,S3_P1,85,1,False,79
2024-03-27,S3,P1,S3_P1,86,2,False,36
2024-03-28,S3,P1,S3_P1,87,3,False,102
2024-03-29,S3,P1,S3_P1,88,4,False,186
2024-03-30,S3,P1,S3_P1,89,5,False,125
2024-03-31,S3,P1,S3_P1,90,6,True,140
2024-04-01,S3,P1,S3_P1,91,0,False,86
2024-04-02,S3,P1,S3_P1,92,1,False,78
2024-04-03,S3,P1,S3_P1,93,2,False,131
2024-04-04,S3,P1,S3_P1,94,3,False,112
2024-04-05,S3,P1,S3_P1,95,4,False,37
2024-04-06,S3,P1,S3_P1,96,5,False,110
2024-04-07,S3,P1,S3_P1,97,6,False,110
2024-04-08,S3,P1,S3_P1,98,0,True,94
2024-04-09,S3,P1,S3_P1,99,1,False,103
2024-04-10,S3,P1,S3_P1,100,2,True,113
2024-04-11,S3,P1,S3_P1,101,3,False,79
2024-04-12,S3,P1,S3_P1,102,4,True,142
2024-04-13,S3,P1,S3_P1,103,5,False,136
2024-04-14,S3,P1,S3_P1,104,6,False,81
2024-04-15,S3,P1,S3_P1,105,0,False,81
2024-04-16,S3,P1,S3_P1,106,1,False,87
2024-04-17,S3,P1,S3_P1,107,2,False,60
2024-04-18,S3,P1,S3_P1,108,3,False,101
2024-04-19,S3,P1,S3_P1,109,4,False,81
2024-04-20,S3,P1,S3_P1,110,5,True,67
2024-04-21,S3,P1,S3_P1,111,6,False,126
2024-04-22,S3,P1,S3_P1,112,0,False,99
2024-04-23,S3,P1,S3_P1,113,1,False,59
2024-04-24,S3,P1,S3_P1,114,2,False,98
2024-04-25,S3,P1,S3_P1,115,3,False,170
2024-04-26,S3,P1,S3_P1,116,4,False,62
2024-04-27,S3,P1,S3_P1,117,5,False,203
2024-04-28,S3,P1,S3_P1,118,6,False,55
2024-04-29,S3,P1,S3_P1,119,0,False,80
2024-04-30,S3,P1,S3_P1,120,1,False,63
2024-05-01,S3,P1,S3_P1,121,2,True,199
2024-05-02,S3,P1,S3_P1,122,3,True,117
2024-05-03,S3,P1,S3_P1,123,4,False,80
2024-05-04,S3,P1,S3_P1,124,5,False,119
2024-05-05,S3,P1,S3_P1,125,6,False,93
2024-05-06,S3,P1,S3_P1,126,0,False,59
2024-05-07,S3,P1,S3_P1,127,1,False,56
2024-05-08,S3,P1,S3_P1,128,2,False,50
2024-05-09,S3,P1,S3_P1,129,3,False,106
2024-05-10,S3,P1,S3_P1,130,4,False,174
2024-05-11,S3,P1,S3_P1,131,5,False,78
2024-05-12,S3,P1,S3_P1,132,6,True,184
2024-05-13,S3,P1,S3_P1,133,0,False,83
2024-05-14,S3,P1,S3_P1,134,1,False,89
2024-05-15,S3,P1,S3_P1,135,2,False,84
2024-05-16,S3,P1,S3_P1,136,3,False,104
2024-05-17,S3,P1,S3_P1,137,4,False,93
2024-05-18,S3,P1,S3_P1,138,5,False,83
2024-05-19,S3,P1,S3_P1,139,6,False,89
2024-05-20,S3,P1,S3_P1,140,0,False,34
2024-05-21,S3,P1,S3_P1,141,1,False,95
2024-05-22,S3,P1,S3_P1,142,2,False,55
2024-05-23,S3,P1,S3_P1,143,3,False,102
2024-05-24,S3,P1,S3_P1,144,4,True,210
2024-05-25,S3,P1,S3_P1,145,5,False,57
2024-05-26,S3,P1,S3_P1,146,6,False,74
2024-05-27,S3,P1,S3_P1,147,0,False,59
2024-05-28,S3,P1,S3_P1,148,1,False,73
2024-05-29,S3,P1,S3_P1,149,2,False,46
2024-05-30,S3,P1,S3_P1,150,3,False,80
2024-05-31,S3,P1,S3_P1,151,4,False,58
2024-06-01,S3,P1,S3_P1,152,5,False,63
2024-06-02,S3,P1,S3_P1,153,6,False,117
2024-06-03,S3,P1,S3_P1,154,0,False,34
2024-06-04,S3,P1,S3_P1,155,1,False,60
2024-06-05,S3,P1,S3_P1,156,2,False,89
2024-06-06,S3,P1,S3_P1,157,3,False,106
2024-06-07,S3,P1,S3_P1,158,4,False,143
2024-06-08,S3,P1,S3_P1,159,5,False,133
2024-06-09,S3,P1,S3_P1,160,6,False,118
2024-06-10,S3,P1,S3_P1,161,0,False,43
2024-06-11,S3,P1,S3_P1,162,1,False,72
2024-06-12,S3,P1,S3_P1,163,2,False,35
2024-06-13,S3,P1,S3_P1,164,3,False,47
2024-06-14,S3,P1,S3_P1,165,4,False,53
2024-06-15,S3,P1,S3_P1,166,5,False,56
2024-06-16,S3,P1,S3_P1,167,6,False,87
2024-06-17,S3,P1,S3_P1,168,0,False,44
2024-06-18,S3,P1,S3_P1,169,1,False,114
2024-06-19,S3,P1,S3_P1,170,2,False,63
2024-06-20,S3,P1,S3_P1,171,3,False,57
2024-06-21,S3,P1,S3_P1,172,4,False,68
2024-06-22,S3,P1,S3_P1,173,5,False,215
2024-06-23,S3,P1,S3_P1,174,6,False,62
2024-06-24,S3,P1,S3_P1,175,0,False,95
2024-06-25,S3,P1,S3_P1,176,1,False,59
2024-06-26,S3,P1,S3_P1,177,2,False,75
2024-06-27,S3,P1,S3_P1,178,3,False,91
2024-06-28,S3,P1,S3_P1,179,4,False,116
2024-06-29,S3,P1,S3_P1,180,5,False,140
2024-06-30,S3,P1,S3_P1,181,6,False,41
2024-07-01,S3,P1,S3_P1,182,0,False,59
2024-07-02,S3,P1,S3_P1,183,1,False,47
2024-07-03,S3,P1,S3_P1,184,2,False,89
2024-07-04,S3,P1,S3_P1,185,3,False,99
2024-07-05,S3,P1,S3_P1,186,4,False,99
2024-07-06,S3,P1,S3_P1,187,5,False,106
2024-07-07,S3,P1,S3_P1,188,6,False,64
2024-07-08,S3,P1,S3_P1,189,0,False,67
2024-07-09,S3,P1,S3_P1,190,1,False,84
2024-07-10,S3,P1,S3_P1,191,2,False,102
2024-07-11,S3,P1,S3_P1,192,3,False,112
2024-07-12,S3,P1,S3_P1,193,4,False,94
2024-07-13,S3,P1,S3_P1,194,5,False,76
2024-07-14,S3,P1,S3_P1,195,6,False,78
2024-07-15,S3,P1,S3_P1,196,0,False,113
2024-07-16,S3,P1,S3_P1,197,1,False,72
2024-07-17,S3,P1,S3_P1,198,2,False,70
2024-07-18,S3,P1,S3_P1,199,3,False,77
2024-07-19,S3,P1,S3_P1,200,4,False,90
2024-07-20,S3,P1,S3_P1,201,5,False,81
2024-07-21,S3,P1,S3_P1,202,6,False,83
2024-07-22,S3,P1,S3_P1,203,0,False,96
2024-07-23,S3,P1,S3_P1,204,1,False,141
2024-07-24,S3,P1,S3_P1,205,2,False,64
2024-07-25,S3,P1,S3_P1,206,3,False,93
2024-07-26,S3,P1,S3_P1,207,4,False,98
2024-07-27,S3,P1,S3_P1,208,5,False,125
2024-07-28,S3,P1,S3_P1,209,6,False,116
2024-07-29,S3,P1,S3_P1,210,0,False,33
2024-07-30,S3,P1,S3_P1,211,1,False,54
2024-07-31,S3,P1,S3_P1,212,2,False,56
2024-08-01,S3,P1,S3_P1,213,3,False,88
2024-08-02,S3,P1,S3_P1,214,4,False,136
2024-08-03,S3,P1,S3_P1,215,5,False,138
2024-08-04,S3,P1,S3_P1,216,6,False,94
2024-08-05,S3,P1,S3_P1,217,0,False,51
2024-08-06,S3,P1,S3_P1,218,1,False,113
2024-08-07,S3,P1,S3_P1,219,2,False,96
2024-08-08,S3,P1,S3_P1,220,3,False,53
2024-08-09,S3,P1,S3_P1,221,4,False,122
2024-08-10,S3,P1,S3_P1,222,5,False,75
2024-08-11,S3,P1,S3_P1,223,6,False,75
2024-08-12,S3,P1,S3_P1,224,0,False,105
2024-08-13,S3,P1,S3_P1,225,1,False,122
2024-08-14,S3,P1,S3_P1,226,2,False,30
2024-08-15,S3,P1,S3_P1,227,3,True,72
2024-08-16,S3,P1,S3_P1,228,4,False,70
2024-08-17,S3,P1,S3_P1,229,5,False,97
2024-08-18,S3,P1,S3_P1,230,6,False,102
2024-08-19,S3,P1,S3_P1,231,0,False,54
2024-08-20,S3,P1,S3_P1,232,1,False,136
2024-08-21,S3,P1,S3_P1,233,2,False,125
2024-08-22,S3,P1,S3_P1,234,3,False,121
2024-08-23,S3,P1,S3_P1,235,4,False,102
2024-08-24,S3,P1,S3_P1,236,5,False,77
2024-08-25,S3,P1,S3_P1,237,6,False,58
2024-08-26,S3,P1,S3_P1,238,0,False,81
2024-08-27,S3,P1,S3_P1,239,1,False,57
2024-08-28,S3,P1,S3_P1,240,2,False,60
2024-08-29,S3,P1,S3_P1,241,3,False,65
2024-08-30,S3,P1,S3_P1,242,4,False,69
2024-08-31,S3,P1,S3_P1,243,5,False,69
2024-09-01,S3,P1,S3_P1,244,6,False,123
2024-09-02,S3,P1,S3_P1,245,0,False,81
2024-09-03,S3,P1,S3_P1,246,1,False,35
2024-09-04,S3,P1,S3_P1,247,2,False,57
2024-09-05,S3,P1,S3_P1,248,3,False,76
2024-09-06,S3,P1,S3_P1,249,4,False,54
2024-09-07,S3,P1,S3_P1,250,5,False,73
2024-09-08,S3,P1,S3_P1,251,6,False,97
2024-09-09,S3,P1,S3_P1,252,0,False,25
2024-09-10,S3,P1,S3_P1,253,1,False,211
2024-09-11,S3,P1,S3_P1,254,2,False,34
2024-09-12,S3,P1,S3_P1,255,3,False,68
2024-09-13,S3,P1,S3_P1,256,4,False,83
2024-09-14,S3,P1,S3_P1,257,5,False,77
2024-09-15,S3,P1,S3_P1,258,6,False,89
2024-09-16,S3,P1,S3_P1,259,0,False,87
2024-09-17,S3,P1,S3_P1,260,1,False,110
2024-09-18,S3,P1,S3_P1,261,2,False,73
2024-09-19,S3,P1,S3_P1,262,3,False,95
2024-09-20,S3,P1,S3_P1,263,4,False,32
2024-09-21,S3,P1,S3_P1,264,5,False,126
2024-09-22,S3,P1,S3_P1,265,6,False,78
2024-09-23,S3,P1,S3_P1,266,0,False,45
2024-09-24,S3,P1,S3_P1,267,1,False,56
2024-09-25,S3,P1,S3_P1,268,2,False,80
2024-09-26,S3,P1,S3_P1,269,3,False,77
2024-09-27,S3,P1,S3_P1,270,4,True,102
2024-09-28,S3,P1,S3_P1,271,5,False,74
2024-09-29,S3,P1,S3_P1,272,6,False,128
2024-09-30,S3,P1,S3_P1,273,0,False,61
2024-10-01,S3,P1,S3_P1,274,1,False,69
2024-10-02,S3,P1,S3_P1,275,2,False,69
2024-10-03,S3,P1,S3_P1,276,3,False,115
2024-10-04,S3,P1,S3_P1,277,4,False,127
2024-10-05,S3,P1,S3_P1,278,5,False,121
2024-10-06,S3,P1,S3_P1,279,6,False,87
2024-10-07,S3,P1,S3_P1,280,0,False,55
2024-10-08,S3,P1,S3_P1,281,1,False,157
2024-10-09,S3,P1,S3_P1,282,2,False,81
2024-10-10,S3,P1,S3_P1,283,3,False,134
2024-10-11,S3,P1,S3_P1,284,4,False,90
2024-10-12,S3,P1,S3_P1,285,5,True,190
2024-10-13,S3,P1,S3_P1,286,6,False,122
2024-10-14,S3,P1,S3_P1,287,0,False,119
2024-10-15,S3,P1,S3_P1,288,1,False,48
2024-10-16,S3,P1,S3_P1,289,2,False,103
2024-10-17,S3,P1,S3_P1,290,3,False,77
2024-10-18,S3,P1,S3_P1,291,4,False,72
2024-10-19,S3,P1,S3_P1,292,5,False,49
2024-10-20,S3,P1,S3_P1,293,6,False,164
2024-10-21,S3,P1,S3_P1,294,0,False,57
2024-10-22,S3,P1,S3_P1,295,1,False,104
2024-10-23,S3,P1,S3_P1,296,2,False,98
2024-10-24,S3,P1,S3_P1,297,3,False,94
2024-10-25,S3,P1,S3_P1,298,4,False,123
2024-10-26,S3,P1,S3_P1,299,5,False,137
2024-10-27,S3,P1,S3_P1,300,6,False,64
2024-10-28,S3,P1,S3_P1,301,0,False,94
2024-10-29,S3,P1,S3_P1,302,1,False,138
2024-10-30,S3,P1,S3_P1,303,2,False,57
2024-10-31,S3,P1,S3_P1,304,3,False,87
2024-11-01,S3,P1,S3_P1,305,4,False,55
2024-11-02,S3,P1,S3_P1,306,5,False,93
2024-11-03,S3,P1,S3_P1,307,6,False,117
2024-11-04,S3,P1,S3_P1,308,0,False,101
2024-11-05,S3,P1,S3_P1,309,1,False,71
2024-11-06,S3,P1,S3_P1,310,2,False,99
2024-11-07,S3,P1,S3_P1,311,3,False,81
2024-11-08,S3,P1,S3_P1,312,4,False,129
2024-11-09,S3,P1,S3_P1,313,5,False,109
2024-11-10,S3,P1,S3_P1,314,6,False,83
2024-11-11,S3,P1,S3_P1,315,0,False,110
2024-11-12,S3,P1,S3_P1,316,1,False,91
2024-11-13,S3,P1,S3_P1,317,2,False,72
2024-11-14,S3,P1,S3_P1,318,3,False,64
2024-11-15,S3,P1,S3_P1,319,4,False,111
2024-11-16,S3,P1,S3_P1,320,5,False,69
2024-11-17,S3,P1,S3_P1,321,6,False,152
2024-11-18,S3,P1,S3_P1,322,0,False,58
2024-11-19,S3,P1,S3_P1,323,1,False,52
2024-11-20,S3,P1,S3_P1,324,2,True,86
2024-11-21,S3,P1,S3_P1,325,3,False,99
2024-11-22,S3,P1,S3_P1,326,4,False,95
2024-11-23,S3,P1,S3_P1,327,5,False,155
2024-11-24,S3,P1,S3_P1,328,6,False,63
2024-11-25,S3,P1,S3_P1,329,0,False,93
2024-11-26,S3,P1,S3_P1,330,1,False,95
2024-11-27,S3,P1,S3_P1,331,2,False,127
2024-11-28,S3,P1,S3_P1,332,3,False,82
2024-11-29,S3,P1,S3_P1,333,4,False,144
2024-11-30,S3,P1,S3_P1,334,5,False,227
2024-12-01,S3,P1,S3_P1,335,6,False,41
2024-12-02,S3,P1,S3_P1,336,0,False,77
2024-12-03,S3,P1,S3_P1,337,1,False,74
2024-12-04,S3,P1,S3_P1,338,2,False,85
2024-12-05,S3,P1,S3_P1,339,3,False,108
2024-12-06,S3,P1,S3_P1,340,4,False,183
2024-12-07,S3,P1,S3_P1,341,5,False,136
2024-12-08,S3,P1,S3_P1,342,6,True,147
2024-12-09,S3,P1,S3_P1,343,0,False,56
2024-12-10,S3,P1,S3_P1,344,1,False,56
2024-12-11,S3,P1,S3_P1,345,2,False,54
2024-12-12,S3,P1,S3_P1,346,3,False,73
2024-12-13,S3,P1,S3_P1,347,4,True,97
2024-12-14,S3,P1,S3_P1,348,5,False,87
2024-12-15,S3,P1,S3_P1,349,6,False,172
2024-12-16,S3,P1,S3_P1,350,0,False,50
2024-12-17,S3,P1,S3_P1,351,1,False,143
2024-12-18,S3,P1,S3_P1,352,2,False,77
2024-12-19,S3,P1,S3_P1,353,3,False,42
2024-12-20,S3,P1,S3_P1,354,4,False,81
2024-12-21,S3,P1,S3_P1,355,5,False,142
2024-12-22,S3,P1,S3_P1,356,6,False,94
2024-12-23,S3,P1,S3_P1,357,0,False,64
2024-12-24,S3,P1,S3_P1,358,1,False,84
2024-12-25,S3,P1,S3_P1,359,2,False,123
2024-12-26,S3,P1,S3_P1,360,3,False,69
2024-12-27,S3,P1,S3_P1,361,4,False,85
2024-12-28,S3,P1,S3_P1,362,5,False,134
2024-12-29,S3,P1,S3_P1,363,6,False,86
2024-12-30,S3,P1,S3_P1,364,0,False,71
2024-12-31,S3,P1,S3_P1,365,1,False,62
2025-01-01,S3,P1,S3_P1,366,2,False,76
2025-01-02,S3,P1,S3_P1,367,3,True,229
2025-01-03,S3,P1,S3_P1,368,4,False,131
2025-01-04,S3,P1,S3_P1,369,5,False,140
2025-01-05,S3,P1,S3_P1,370,6,False,85
2025-01-06,S3,P1,S3_P1,371,0,False,47
2025-01-07,S3,P1,S3_P1,372,1,False,108
2025-01-08,S3,P1,S3_P1,373,2,True,92
2025-01-09,S3,P1,S3_P1,374,3,False,68
2025-01-10,S3,P1,S3_P1,375,4,False,70
2025-01-11,S3,P1,S3_P1,376,5,False,154
2025-01-12,S3,P1,S3_P1,377,6,False,51
2025-01-13,S3,P1,S3_P1,378,0,False,67
2025-01-14,S3,P1,S3_P1,379,1,False,65
2025-01-15,S3,P1,S3_P1,380,2,False,83
2025-01-16,S3,P1,S3_P1,381,3,False,40
2025-01-17,S3,P1,S3_P1,382,4,False,90
2025-01-18,S3,P1,S3_P1,383,5,False,112
2025-01-19,S3,P1,S3_P1,384,6,False,66
2025-01-20,S3,P1,S3_P1,385,0,False,57
2025-01-21,S3,P1,S3_P1,386,1,False,43
2025-01-22,S3,P1,S3_P1,387,2,False,43
2025-01-23,S3,P1,S3_P1,388,3,False,104
2025-01-24,S3,P1,S3_P1,389,4,False,57
2025-01-25,S3,P1,S3_P1,390,5,False,179
2025-01-26,S3,P1,S3_P1,391,6,False,87
2025-01-27,S3,P1,S3_P1,392,0,True,136
2025-01-28,S3,P1,S3_P1,393,1,False,81
2025-01-29,S3,P1,S3_P1,394,2,False,107
2025-01-30,S3,P1,S3_P1,395,3,False,78
2025-01-31,S3,P1,S3_P1,396,4,False,123
2025-02-01,S3,P1,S3_P1,397,5,False,188
2025-02-02,S3,P1,S3_P1,398,6,False,84
2025-02-03,S3,P1,S3_P1,399,0,False,56
2025-02-04,S3,P1,S3_P1,400,1,False,149
2025-02-05,S3,P1,S3_P1,401,2,True,197
2025-02-06,S3,P1,S3_P1,402,3,False,66
2025-02-07,S3,P1,S3_P1,403,4,False,149
2025-02-08,S3,P1,S3_P1,404,5,False,45
2025-02-09,S3,P1,S3_P1,405,6,False,87
2025-02-10,S3,P1,S3_P1,406,0,False,124
2025-02-11,S3,P1,S3_P1,407,1,False,94
2025-02-12,S3,P1,S3_P1,408,2,False,32
2025-02-13,S3,P1,S3_P1,409,3,True,83
2025-02-14,S3,P1,S3_P1,410,4,False,116
2025-02-15,S3,P1,S3_P1,411,5,False,173
2025-02-16,S3,P1,S3_P1,412,6,False,81
2025-02-17,S3,P1,S3_P1,413,0,False,81
2025-02-18,S3,P1,S3_P1,414,1,False,33
2025-02-19,S3,P1,S3_P1,415,2,False,70
2025-02-20,S3,P1,S3_P1,416,3,False,98
2025-02-21,S3,P1,S3_P1,417,4,False,46
2025-02-22,S3,P1,S3_P1,418,5,False,124
2025-02-23,S3,P1,S3_P1,419,6,False,164
2025-02-24,S3,P1,S3_P1,420,0,True,81
2025-02-25,S3,P1,S3_P1,421,1,False,57
2025-02-26,S3,P1,S3_P1,422,2,False,90
2025-02-27,S3,P1,S3_P1,423,3,False,97
2025-02-28,S3,P1,S3_P1,424,4,False,75
2025-03-01,S3,P1,S3_P1,425,5,False,135
2025-03-02,S3,P1,S3_P1,426,6,False,70
2025-03-03,S3,P1,S3_P1,427,0,False,67
2025-03-04,S3,P1,S3_P1,428,1,False,55
2025-03-05,S3,P1,S3_P1,429,2,True,138
2025-03-06,S3,P1,S3_P1,430,3,False,34
2025-03-07,S3,P1,S3_P1,431,4,False,94
2025-03-08,S3,P1,S3_P1,432,5,False,44
2025-03-09,S3,P1,S3_P1,433,6,False,83
2025-03-10,S3,P1,S3_P1,434,0,False,63
2025-03-11,S3,P1,S3_P1,435,1,False,51
2025-03-12,S3,P1,S3_P1,436,2,True,197
2025-03-13,S3,P1,S3_P1,437,3,False,79
2025-03-14,S3,P1,S3_P1,438,4,False,116
2025-03-15,S3,P1,S3_P1,439,5,False,86
2025-03-16,S3,P1,S3_P1,440,6,False,99
2025-03-17,S3,P1,S3_P1,441,0,False,39
2025-03-18,S3,P1,S3_P1,442,1,False,72
2025-03-19,S3,P1,S3_P1,443,2,False,72
2025-03-20,S3,P1,S3_P1,444,3,False,83
2025-03-21,S3,P1,S3_P1,445,4,False,58
2025-03-22,S3,P1,S3_P1,446,5,False,119
2025-03-23,S3,P1,S3_P1,447,6,False,90
2025-03-24,S3,P1,S3_P1,448,0,False,130
2025-03-25,S3,P1,S3_P1,449,1,False,96
2025-03-26,S3,P1,S3_P1,450,2,False,78
2025-03-27,S3,P1,S3_P1,451,3,False,53
2025-03-28,S3,P1,S3_P1,452,4,False,54
2025-03-29,S3,P1,S3_P1,453,5,False,62
2025-03-30,S3,P1,S3_P1,454,6,False,190
2025-03-31,S3,P1,S3_P1,455,0,False,69
2025-04-01,S3,P1,S3_P1,456,1,False,61
2025-04-02,S3,P1,S3_P1,457,2,False,100
2025-04-03,S3,P1,S3_P1,458,3,False,127
2025-04-04,S3,P1,S3_P1,459,4,False,56
2025-04-05,S3,P1,S3_P1,460,5,False,74
2025-04-06,S3,P1,S3_P1,461,6,False,187
2025-04-07,S3,P1,S3_P1,462,0,False,106
2025-04-08,S3,P1,S3_P1,463,1,False,70
2025-04-09,S3,P1,S3_P1,464,2,False,60
2025-04-10,S3,P1,S3_P1,465,3,False,46
2025-04-11,S3,P1,S3_P1,466,4,False,65
2025-04-12,S3,P1,S3_P1,467,5,False,54
2025-04-13,S3,P1,S3_P1,468,6,False,62
2025-04-14,S3,P1,S3_P1,469,0,False,66
2025-04-15,S3,P1,S3_P1,470,1,False,72
2025-04-16,S3,P1,S3_P1,471,2,False,47
2025-04-17,S3,P1,S3_P1,472,3,False,94
2025-04-18,S3,P1,S3_P1,473,4,False,98
2025-04-19,S3,P1,S3_P1,474,5,False,78
2025-04-20,S3,P1,S3_P1,475,6,False,92
2025-04-21,S3,P1,S3_P1,476,0,False,126
2025-04-22,S3,P1,S3_P1,477,1,False,80
2025-04-23,S3,P1,S3_P1,478,2,False,74
2025-04-24,S3,P1,S3_P1,479,3,False,109
2025-04-25,S3,P1,S3_P1,480,4,False,62
2025-04-26,S3,P1,S3_P1,481,5,False,107
2025-04-27,S3,P1,S3_P1,482,6,False,190
2025-04-28,S3,P1,S3_P1,483,0,False,53
2025-04-29,S3,P1,S3_P1,484,1,False,69
2025-04-30,S3,P1,S3_P1,485,2,False,84
2025-05-01,S3,P1,S3_P1,486,3,True,120
2025-05-02,S3,P1,S3_P1,487,4,False,115
2025-05-03,S3,P1,S3_P1,488,5,False,185
2025-05-04,S3,P1,S3_P1,489,6,False,125
2025-05-05,S3,P1,S3_P1,490,0,False,81
2025-05-06,S3,P1,S3_P1,491,1,False,19
2025-05-07,S3,P1,S3_P1,492,2,False,106
2025-05-08,S3,P1,S3_P1,493,3,False,131
2025-05-09,S3,P1,S3_P1,494,4,False,163
2025-05-10,S3,P1,S3_P1,495,5,False,227
2025-05-11,S3,P1,S3_P1,496,6,False,204
2025-05-12,S3,P1,S3_P1,497,0,False,77
2025-05-13,S3,P1,S3_P1,498,1,False,55
2025-05-14,S3,P1,S3_P1,499,2,False,59
2025-05-15,S3,P1,S3_P1,500,3,False,84
2025-05-16,S3,P1,S3_P1,501,4,False,41
2025-05-17,S3,P1,S3_P1,502,5,False,67
2025-05-18,S3,P1,S3_P1,503,6,False,88
2025-05-19,S3,P1,S3_P1,504,0,False,72
2025-05-20,S3,P1,S3_P1,505,1,False,44
2025-05-21,S3,P1,S3_P1,506,2,False,69
2025-05-22,S3,P1,S3_P1,507,3,True,144
2025-05-23,S3,P1,S3_P1,508,4,True,158
2025-05-24,S3,P1,S3_P1,509,5,False,90
2025-05-25,S3,P1,S3_P1,510,6,True,108
2025-05-26,S3,P1,S3_P1,511,0,False,82
2025-05-27,S3,P1,S3_P1,512,1,True,230
2025-05-28,S3,P1,S3_P1,513,2,False,103
2025-05-29,S3,P1,S3_P1,514,3,False,93
2025-05-30,S3,P1,S3_P1,515,4,False,93
2025-05-31,S3,P1,S3_P1,516,5,False,99
2025-06-01,S3,P1,S3_P1,517,6,False,193
2025-06-02,S3,P1,S3_P1,518,0,False,108
2025-06-03,S3,P1,S3_P1,519,1,False,29
2025-06-04,S3,P1,S3_P1,520,2,False,39
2025-06-05,S3,P1,S3_P1,521,3,False,82
2025-06-06,S3,P1,S3_P1,522,4,False,160
2025-06-07,S3,P1,S3_P1,523,5,False,65
2025-06-08,S3,P1,S3_P1,524,6,False,147
2025-06-09,S3,P1,S3_P1,525,0,False,76
2025-06-10,S3,P1,S3_P1,526,1,False,36
2025-06-11,S3,P1,S3_P1,527,2,True,100
2025-06-12,S3,P1,S3_P1,528,3,False,79
2025-06-13,S3,P1,S3_P1,529,4,False,93
2025-06-14,S3,P1,S3_P1,530,5,False,142
2025-06-15,S3,P1,S3_P1,531,6,False,104
2025-06-16,S3,P1,S3_P1,532,0,False,68
2025-06-17,S3,P1,S3_P1,533,1,False,54
2025-06-18,S3,P1,S3_P1,534,2,False,64
2025-06-19,S3,P1,S3_P1,535,3,False,121
2025-06-20,S3,P1,S3_P1,536,4,False,52
2025-06-21,S3,P1,S3_P1,537,5,False,125
2025-06-22,S3,P1,S3_P1,538,6,False,63
2025-06-23,S3,P1,S3_P1,539,0,True,177
2025-06-24,S3,P1,S3_P1,540,1,True,135
2025-06-25,S3,P1,S3_P1,541,2,False,85
2025-06-26,S3,P1,S3_P1,542,3,False,141
2025-06-27,S3,P1,S3_P1,543,4,False,110
2025-06-28,S3,P1,S3_P1,544,5,False,104
2025-06-29,S3,P1,S3_P1,545,6,False,208
2025-06-30,S3,P1,S3_P1,546,0,False,65
2025-07-01,S3,P1,S3_P1,547,1,True,82
2025-07-02,S3,P1,S3_P1,548,2,True,52
2025-07-03,S3,P1,S3_P1,549,3,False,94
2025-07-04,S3,P1,S3_P1,550,4,False,78
2025-07-05,S3,P1,S3_P1,551,5,False,131
2025-07-06,S3,P1,S3_P1,552,6,False,146
2025-07-07,S3,P1,S3_P1,553,0,False,130
2025-07-08,S3,P1,S3_P1,554,1,False,100
2025-07-09,S3,P1,S3_P1,555,2,False,113
2025-07-10,S3,P1,S3_P1,556,3,False,68
2025-07-11,S3,P1,S3_P1,557,4,False,81
2025-07-12,S3,P1,S3_P1,558,5,False,84
2025-07-13,S3,P1,S3_P1,559,6,False,85
2025-07-14,S3,P1,S3_P1,560,0,False,73
2025-07-15,S3,P1,S3_P1,561,1,False,103
2025-07-16,S3,P1,S3_P1,562,2,False,39
2025-07-17,S3,P1,S3_P1,563,3,False,76
2025-07-18,S3,P1,S3_P1,564,4,False,92
2025-07-19,S3,P1,S3_P1,565,5,False,64
2025-07-20,S3,P1,S3_P1,566,6,False,144
2025-07-21,S3,P1,S3_P1,567,0,True,115
2025-07-22,S3,P1,S3_P1,568,1,False,39
2025-07-23,S3,P1,S3_P1,569,2,False,64
2025-07-24,S3,P1,S3_P1,570,3,False,41
2025-07-25,S3,P1,S3_P1,571,4,False,120
2025-07-26,S3,P1,S3_P1,572,5,True,319
2025-07-27,S3,P1,S3_P1,573,6,False,117
2025-07-28,S3,P1,S3_P1,574,0,False,83
2025-07-29,S3,P1,S3_P1,575,1,True,106
2025-07-30,S3,P1,S3_P1,576,2,False,91
2025-07-31,S3,P1,S3_P1,577,3,False,55
2025-08-01,S3,P1,S3_P1,578,4,False,70
2025-08-02,S3,P1,S3_P1,579,5,False,121
2025-08-03,S3,P1,S3_P1,580,6,False,71
2025-08-04,S3,P1,S3_P1,581,0,False,122
2025-08-05,S3,P1,S3_P1,582,1,False,73
2025-08-06,S3,P1,S3_P1,583,2,False,112
2025-08-07,S3,P1,S3_P1,584,3,False,129
2025-08-08,S3,P1,S3_P1,585,4,False,102
2025-08-09,S3,P1,S3_P1,586,5,False,88
2025-08-10,S3,P1,S3_P1,587,6,False,110
2025-08-11,S3,P1,S3_P1,588,0,False,116
2025-08-12,S3,P1,S3_P1,589,1,False,72
2025-08-13,S3,P1,S3_P1,590,2,False,43
2025-08-14,S3,P1,S3_P1,591,3,False,56
2025-08-15,S3,P1,S3_P1,592,4,False,121
2025-08-16,S3,P1,S3_P1,593,5,False,55
2025-08-17,S3,P1,S3_P1,594,6,False,83
2025-08-18,S3,P1,S3_P1,595,0,False,99
2025-08-19,S3,P1,S3_P1,596,1,False,123
2025-08-20,S3,P1,S3_P1,597,2,False,147
2025-08-21,S3,P1,S3_P1,598,3,False,78
2025-08-22,S3,P1,S3_P1,599,4,False,69
2025-08-23,S3,P1,S3_P1,600,5,False,111
2025-08-24,S3,P1,S3_P1,601,6,False,104
2025-08-25,S3,P1,S3_P1,602,0,False,90
2025-08-26,S3,P1,S3_P1,603,1,False,118
2025-08-27,S3,P1,S3_P1,604,2,False,107
2025-08-28,S3,P1,S3_P1,605,3,False,73
2025-08-29,S3,P1,S3_P1,606,4,False,109
2025-08-30,S3,P1,S3_P1,607,5,False,181
2025-08-31,S3,P1,S3_P1,608,6,False,101
2025-09-01,S3,P1,S3_P1,609,0,False,100
2025-09-02,S3,P1,S3_P1,610,1,False,95
2025-09-03,S3,P1,S3_P1,611,2,False,45
2025-09-04,S3,P1,S3_P1,612,3,False,126
2025-09-05,S3,P1,S3_P1,613,4,False,105
2025-09-06,S3,P1,S3_P1,614,5,False,135
2025-09-07,S3,P1,S3_P1,615,6,False,141
2025-09-08,S3,P1,S3_P1,616,0,True,137
2025-09-09,S3,P1,S3_P1,617,1,False,59
2025-09-10,S3,P1,S3_P1,618,2,False,118
2025-09-11,S3,P1,S3_P1,619,3,False,94
2025-09-12,S3,P1,S3_P1,620,4,False,80
2025-09-13,S3,P1,S3_P1,621,5,False,113
2025-09-14,S3,P1,S3_P1,622,6,False,115
2025-09-15,S3,P1,S3_P1,623,0,False,81
2025-09-16,S3,P1,S3_P1,624,1,False,100
2025-09-17,S3,P1,S3_P1,625,2,False,88
2025-09-18,S3,P1,S3_P1,626,3,False,128
2025-09-19,S3,P1,S3_P1,627,4,False,93
2025-09-20,S3,P1,S3_P1,628,5,False,124
2025-09-21,S3,P1,S3_P1,629,6,False,99
2025-09-22,S3,P1,S3_P1,630,0,False,88
2025-09-23,S3,P1,S3_P1,631,1,False,79
2025-09-24,S3,P1,S3_P1,632,2,False,33
2025-09-25,S3,P1,S3_P1,633,3,False,136
2025-09-26,S3,P1,S3_P1,634,4,False,116
2025-09-27,S3,P1,S3_P1,635,5,False,62
2025-09-28,S3,P1,S3_P1,636,6,False,136
2025-09-29,S3,P1,S3_P1,637,0,False,124
2025-09-30,S3,P1,S3_P1,638,1,False,79
2025-10-01,S3,P1,S3_P1,639,2,False,113
2025-10-02,S3,P1,S3_P1,640,3,False,62
2025-10-03,S3,P1,S3_P1,641,4,False,112
2025-10-04,S3,P1,S3_P1,642,5,False,202
2025-10-05,S3,P1,S3_P1,643,6,False,154
2025-10-06,S3,P1,S3_P1,644,0,False,89
2025-10-07,S3,P1,S3_P1,645,1,False,60
2025-10-08,S3,P1,S3_P1,646,2,False,110
2025-10-09,S3,P1,S3_P1,647,3,False,81
2025-10-10,S3,P1,S3_P1,648,4,False,97
2025-10-11,S3,P1,S3_P1,649,5,False,90
2025-10-12,S3,P1,S3_P1,650,6,False,87
2025-10-13,S3,P1,S3_P1,651,0,False,90
2025-10-14,S3,P1,S3_P1,652,1,False,91
2025-10-15,S3,P1,S3_P1,653,2,False,74
2025-10-16,S3,P1,S3_P1,654,3,False,86
2025-10-17,S3,P1,S3_P1,655,4,False,115
2025-10-18,S3,P1,S3_P1,656,5,False,57
2025-10-19,S3,P1,S3_P1,657,6,False,138
2025-10-20,S3,P1,S3_P1,658,0,False,55
2025-10-21,S3,P1,S3_P1,659,1,False,181
2025-10-22,S3,P1,S3_P1,660,2,False,94
2025-10-23,S3,P1,S3_P1,661,3,False,70
2025-10-24,S3,P1,S3_P1,662,4,False,124
2025-10-25,S3,P1,S3_P1,663,5,False,69
2025-10-26,S3,P1,S3_P1,664,6,False,107
2025-10-27,S3,P1,S3_P1,665,0,False,124
2025-10-28,S3,P1,S3_P1,666,1,False,73
2025-10-29,S3,P1,S3_P1,667,2,False,63
2025-10-30,S3,P1,S3_P1,668,3,False,85
2025-10-31,S3,P1,S3_P1,669,4,True,271
2025-11-01,S3,P1,S3_P1,670,5,False,119
2025-11-02,S3,P1,S3_P1,671,6,False,126
2025-11-03,S3,P1,S3_P1,672,0,False,112
2025-11-04,S3,P1,S3_P1,673,1,False,68
2025-11-05,S3,P1,S3_P1,674,2,False,81
2025-11-06,S3,P1,S3_P1,675,3,False,71
2025-11-07,S3,P1,S3_P1,676,4,False,90
2025-11-08,S3,P1,S3_P1,677,5,False,142
2025-11-09,S3,P1,S3_P1,678,6,False,88
2025-11-10,S3,P1,S3_P1,679,0,False,74
2025-11-11,S3,P1,S3_P1,680,1,False,81
2025-11-12,S3,P1,S3_P1,681,2,False,161
2025-11-13,S3,P1,S3_P1,682,3,False,60
2025-11-14,S3,P1,S3_P1,683,4,False,90
2025-11-15,S3,P1,S3_P1,684,5,False,148
2025-11-16,S3,P1,S3_P1,685,6,True,64
2025-11-17,S3,P1,S3_P1,686,0,False,26
2025-11-18,S3,P1,S3_P1,687,1,False,103
2025-11-19,S3,P1,S3_P1,688,2,False,46
2025-11-20,S3,P1,S3_P1,689,3,False,133
2025-11-21,S3,P1,S3_P1,690,4,False,45
2025-11-22,S3,P1,S3_P1,691,5,False,118
2025-11-23,S3,P1,S3_P1,692,6,False,135
2025-11-24,S3,P1,S3_P1,693,0,False,124
2025-11-25,S3,P1,S3_P1,694,1,False,44
2025-11-26,S3,P1,S3_P1,695,2,False,54
2025-11-27,S3,P1,S3_P1,696,3,False,79
2025-11-28,S3,P1,S3_P1,697,4,False,62
2025-11-29,S3,P1,S3_P1,698,5,False,141
2025-11-30,S3,P1,S3_P1,699,6,False,63
2024-01-01,S3,P2,S3_P2,0,0,True,66
2024-01-02,S3,P2,S3_P2,1,1,True,60
2024-01-03,S3,P2,S3_P2,2,2,False,41
2024-01-04,S3,P2,S3_P2,3,3,True,117
2024-01-05,S3,P2,S3_P2,4,4,False,58
2024-01-06,S3,P2,S3_P2,5,5,True,84
2024-01-07,S3,P2,S3_P2,6,6,False,39
2024-01-08,S3,P2,S3_P2,7,0,False,54
2024-01-09,S3,P2,S3_P2,8,1,False,62
2024-01-10,S3,P2,S3_P2,9,2,False,29
2024-01-11,S3,P2,S3_P2,10,3,False,56
2024-01-12,S3,P2,S3_P2,11,4,False,32
2024-01-13,S3,P2,S3_P2,12,5,False,24
2024-01-14,S3,P2,S3_P2,13,6,False,64
2024-01-15,S3,P2,S3_P2,14,0,False,62
2024-01-16,S3,P2,S3_P2,15,1,False,37
2024-01-17,S3,P2,S3_P2,16,2,False,43
2024-01-18,S3,P2,S3_P2,17,3,False,33
2024-01-19,S3,P2,S3_P2,18,4,True,96
2024-01-20,S3,P2,S3_P2,19,5,False,85
2024-01-21,S3,P2,S3_P2,20,6,False,63
2024-01-22,S3,P2,S3_P2,21,0,False,37
2024-01-23,S3,P2,S3_P2,22,1,False,60
2024-01-24,S3,P2,S3_P2,23,2,False,74
2024-01-25,S3,P2,S3_P2,24,3,False,34
2024-01-26,S3,P2,S3_P2,25,4,False,27
2024-01-27,S3,P2,S3_P2,26,5,False,24
2024-01-28,S3,P2,S3_P2,27,6,False,137
2024-01-29,S3,P2,S3_P2,28,0,False,69
2024-01-30,S3,P2,S3_P2,29,1,False,39
2024-01-31,S3,P2,S3_P2,30,2,False,40
2024-02-01,S3,P2,S3_P2,31,3,False,53
2024-02-02,S3,P2,S3_P2,32,4,False,73
2024-02-03,S3,P2,S3_P2,33,5,False,114
2024-02-04,S3,P2,S3_P2,34,6,False,50
2024-02-05,S3,P2,S3_P2,35,0,False,48
2024-02-06,S3,P2,S3_P2,36,1,False,50
2024-02-07,S3,P2,S3_P2,37,2,False,57
2024-02-08,S3,P2,S3_P2,38,3,False,34
2024-02-09,S3,P2,S3_P2,39,4,False,68
2024-02-10,S3,P2,S3_P2,40,5,False,67
2024-02-11,S3,P2,S3_P2,41,6,False,46
2024-02-12,S3,P2,S3_P2,42,0,False,19
2024-02-13,S3,P2,S3_P2,43,1,False,43
2024-02-14,S3,P2,S3_P2,44,2,False,27
2024-02-15,S3,P2,S3_P2,45,3,False,70
2024-02-16,S3,P2,S3_P2,46,4,False,35
2024-02-17,S3,P2,S3_P2,47,5,False,80
2024-02-18,S3,P2,S3_P2,48,6,True,71
2024-02-19,S3,P2,S3_P2,49,0,False,76
2024-02-20,S3,P2,S3_P2,50,1,True,29
2024-02-21,S3,P2,S3_P2,51,2,False,35
2024-02-22,S3,P2,S3_P2,52,3,False,16
2024-02-23,S3,P2,S3_P2,53,4,False,52
2024-02-24,S3,P2,S3_P2,54,5,False,48
2024-02-25,S3,P2,S3_P2,55,6,False,41
2024-02-26,S3,P2,S3_P2,56,0,True,73
2024-02-27,S3,P2,S3_P2,57,1,False,40
2024-02-28,S3,P2,S3_P2,58,2,False,80
2024-02-29,S3,P2,S3_P2,59,3,True,45
2024-03-01,S3,P2,S3_P2,60,4,False,67
2024-03-02,S3,P2,S3_P2,61,5,False,70
2024-03-03,S3,P2,S3_P2,62,6,False,77
2024-03-04,S3,P2,S3_P2,63,0,False,48
2024-03-05,S3,P2,S3_P2,64,1,False,60
2024-03-06,S3,P2,S3_P2,65,2,False,23
2024-03-07,S3,P2,S3_P2,66,3,False,36
2024-03-08,S3,P2,S3_P2,67,4,False,31
2024-03-09,S3,P2,S3_P2,68,5,False,30
2024-03-10,S3,P2,S3_P2,69,6,False,49
2024-03-11,S3,P2,S3_P2,70,0,False,62
2024-03-12,S3,P2,S3_P2,71,1,False,43
2024-03-13,S3,P2,S3_P2,72,2,False,52
2024-03-14,S3,P2,S3_P2,73,3,False,40
2024-03-15,S3,P2,S3_P2,74,4,False,47
2024-03-16,S3,P2,S3_P2,75,5,False,70
2024-03-17,S3,P2,S3_P2,76,6,False,27
2024-03-18,S3,P2,S3_P2,77,0,False,61
2024-03-19,S3,P2,S3_P2,78,1,False,54
2024-03-20,S3,P2,S3_P2,79,2,False,28
2024-03-21,S3,P2,S3_P2,80,3,False,39
2024-03-22,S3,P2,S3_P2,81,4,False,100
2024-03-23,S3,P2,S3_P2,82,5,False,68
2024-03-24,S3,P2,S3_P2,83,6,False,75
2024-03-25,S3,P2,S3_P2,84,0,False,50
2024-03-26,S3,P2,S3_P2,85,1,False,70
2024-03-27,S3,P2,S3_P2,86,2,True,58
2024-03-28,S3,P2,S3_P2,87,3,False,59
2024-03-29,S3,P2,S3_P2,88,4,False,105
2024-03-30,S3,P2,S3_P2,89,5,False,59
2024-03-31,S3,P2,S3_P2,90,6,False,75
2024-04-01,S3,P2,S3_P2,91,0,False,53
2024-04-02,S3,P2,S3_P2,92,1,False,28
2024-04-03,S3,P2,S3_P2,93,2,True,70
2024-04-04,S3,P2,S3_P2,94,3,False,35
2024-04-05,S3,P2,S3_P2,95,4,False,68
2024-04-06,S3,P2,S3_P2,96,5,False,49
2024-04-07,S3,P2,S3_P2,97,6,False,25
2024-04-08,S3,P2,S3_P2,98,0,False,44
2024-04-09,S3,P2,S3_P2,99,1,False,26
2024-04-10,S3,P2,S3_P2,100,2,False,40
2024-04-11,S3,P2,S3_P2,101,3,False,61
2024-04-12,S3,P2,S3_P2,102,4,True,143
2024-04-13,S3,P2,S3_P2,103,5,False,68
2024-04-14,S3,P2,S3_P2,104,6,False,57
2024-04-15,S3,P2,S3_P2,105,0,False,60
2024-04-16,S3,P2,S3_P2,106,1,False,32
2024-04-17,S3,P2,S3_P2,107,2,False,63
2024-04-18,S3,P2,S3_P2,108,3,False,69
2024-04-19,S3,P2,S3_P2,109,4,False,34
2024-04-20,S3,P2,S3_P2,110,5,False,41
2024-04-21,S3,P2,S3_P2,111,6,False,83
2024-04-22,S3,P2,S3_P2,112,0,True,120
2024-04-23,S3,P2,S3_P2,113,1,False,50
2024-04-24,S3,P2,S3_P2,114,2,False,61
2024-04-25,S3,P2,S3_P2,115,3,True,77
2024-04-26,S3,P2,S3_P2,116,4,False,59
2024-04-27,S3,P2,S3_P2,117,5,False,81
2024-04-28,S3,P2,S3_P2,118,6,False,79
2024-04-29,S3,P2,S3_P2,119,0,False,33
2024-04-30,S3,P2,S3_P2,120,1,False,53
2024-05-01,S3,P2,S3_P2,121,2,False,61
2024-05-02,S3,P2,S3_P2,122,3,True,53
2024-05-03,S3,P2,S3_P2,123,4,False,67
2024-05-04,S3,P2,S3_P2,124,5,False,107
2024-05-05,S3,P2,S3_P2,125,6,False,55
2024-05-06,S3,P2,S3_P2,126,0,False,37
2024-05-07,S3,P2,S3_P2,127,1,False,41
2024-05-08,S3,P2,S3_P2,128,2,False,34
2024-05-09,S3,P2,S3_P2,129,3,False,27
2024-05-10,S3,P2,S3_P2,130,4,False,45
2024-05-11,S3,P2,S3_P2,131,5,False,68
2024-05-12,S3,P2,S3_P2,132,6,True,106
2024-05-13,S3,P2,S3_P2,133,0,False,29
2024-05-14,S3,P2,S3_P2,134,1,False,39
2024-05-15,S3,P2,S3_P2,135,2,False,35
2024-05-16,S3,P2,S3_P2,136,3,False,48
2024-05-17,S3,P2,S3_P2,137,4,False,44
2024-05-18,S3,P2,S3_P2,138,5,False,121
2024-05-19,S3,P2,S3_P2,139,6,True,73
2024-05-20,S3,P2,S3_P2,140,0,False,59
2024-05-21,S3,P2,S3_P2,141,1,False,36
2024-05-22,S3,P2,S3_P2,142,2,False,43
2024-05-23,S3,P2,S3_P2,143,3,False,69
2024-05-24,S3,P2,S3_P2,144,4,False,48
2024-05-25,S3,P2,S3_P2,145,5,False,62
2024-05-26,S3,P2,S3_P2,146,6,False,63
2024-05-27,S3,P2,S3_P2,147,0,False,62
2024-05-28,S3,P2,S3_P2,148,1,False,43
2024-05-29,S3,P2,S3_P2,149,2,False,25
2024-05-30,S3,P2,S3_P2,150,3,False,30
2024-05-31,S3,P2,S3_P2,151,4,False,53
2024-06-01,S3,P2,S3_P2,152,5,False,68
2024-06-02,S3,P2,S3_P2,153,6,False,86
2024-06-03,S3,P2,S3_P2,154,0,True,63
2024-06-04,S3,P2,S3_P2,155,1,False,25
2024-06-05,S3,P2,S3_P2,156,2,False,26
2024-06-06,S3,P2,S3_P2,157,3,False,47
2024-06-07,S3,P2,S3_P2,158,4,False,56
2024-06-08,S3,P2,S3_P2,159,5,False,30
2024-06-09,S3,P2,S3_P2,160,6,False,58
2024-06-10,S3,P2,S3_P2,161,0,False,43
2024-06-11,S3,P2,S3_P2,162,1,False,48
2024-06-12,S3,P2,S3_P2,163,2,False,21
2024-06-13,S3,P2,S3_P2,164,3,False,62
2024-06-14,S3,P2,S3_P2,165,4,False,57
2024-06-15,S3,P2,S3_P2,166,5,False,96
2024-06-16,S3,P2,S3_P2,167,6,False,28
2024-06-17,S3,P2,S3_P2,168,0,False,52
2024-06-18,S3,P2,S3_P2,169,1,False,55
2024-06-19,S3,P2,S3_P2,170,2,False,35
2024-06-20,S3,P2,S3_P2,171,3,False,22
2024-06-21,S3,P2,S3_P2,172,4,False,35
2024-06-22,S3,P2,S3_P2,173,5,False,39
2024-06-23,S3,P2,S3_P2,174,6,False,102
2024-06-24,S3,P2,S3_P2,175,0,False,57
2024-06-25,S3,P2,S3_P2,176,1,False,34
2024-06-26,S3,P2,S3_P2,177,2,False,43
2024-06-27,S3,P2,S3_P2,178,3,False,54
2024-06-28,S3,P2,S3_P2,179,4,False,69
2024-06-29,S3,P2,S3_P2,180,5,False,43
2024-06-30,S3,P2,S3_P2,181,6,False,30
2024-07-01,S3,P2,S3_P2,182,0,False,59
2024-07-02,S3,P2,S3_P2,183,1,False,46
2024-07-03,S3,P2,S3_P2,184,2,False,60
2024-07-04,S3,P2,S3_P2,185,3,False,70
2024-07-05,S3,P2,S3_P2,186,4,False,32
2024-07-06,S3,P2,S3_P2,187,5,False,78
2024-07-07,S3,P2,S3_P2,188,6,False,75
2024-07-08,S3,P2,S3_P2,189,0,False,64
2024-07-09,S3,P2,S3_P2,190,1,False,72
2024-07-10,S3,P2,S3_P2,191,2,True,78
2024-07-11,S3,P2,S3_P2,192,3,False,39
2024-07-12,S3,P2,S3_P2,193,4,False,52
2024-07-13,S3,P2,S3_P2,194,5,False,30
2024-07-14,S3,P2,S3_P2,195,6,True,74
2024-07-15,S3,P2,S3_P2,196,0,False,40
2024-07-16,S3,P2,S3_P2,197,1,False,46
2024-07-17,S3,P2,S3_P2,198,2,False,50
2024-07-18,S3,P2,S3_P2,199,3,False,74
2024-07-19,S3,P2,S3_P2,200,4,False,69
2024-07-20,S3,P2,S3_P2,201,5,False,89
2024-07-21,S3,P2,S3_P2,202,6,False,53
2024-07-22,S3,P2,S3_P2,203,0,False,21
2024-07-23,S3,P2,S3_P2,204,1,False,37
2024-07-24,S3,P2,S3_P2,205,2,False,43
2024-07-25,S3,P2,S3_P2,206,3,False,33
2024-07-26,S3,P2,S3_P2,207,4,False,20
2024-07-27,S3,P2,S3_P2,208,5,False,72
2024-07-28,S3,P2,S3_P2,209,6,True,127
2024-07-29,S3,P2,S3_P2,210,0,False,49
2024-07-30,S3,P2,S3_P2,211,1,False,50
2024-07-31,S3,P2,S3_P2,212,2,True,83
2024-08-01,S3,P2,S3_P2,213,3,False,59
2024-08-02,S3,P2,S3_P2,214,4,True,123
2024-08-03,S3,P2,S3_P2,215,5,False,67
2024-08-04,S3,P2,S3_P2,216,6,False,51
2024-08-05,S3,P2,S3_P2,217,0,True,63
2024-08-06,S3,P2,S3_P2,218,1,False,39
2024-08-07,S3,P2,S3_P2,219,2,False,117
2024-08-08,S3,P2,S3_P2,220,3,False,29
2024-08-09,S3,P2,S3_P2,221,4,False,54
2024-08-10,S3,P2,S3_P2,222,5,False,91
2024-08-11,S3,P2,S3_P2,223,6,False,37
2024-08-12,S3,P2,S3_P2,224,0,False,67
2024-08-13,S3,P2,S3_P2,225,1,False,40
2024-08-14,S3,P2,S3_P2,226,2,True,50
2024-08-15,S3,P2,S3_P2,227,3,False,70
2024-08-16,S3,P2,S3_P2,228,4,False,43
2024-08-17,S3,P2,S3_P2,229,5,False,64
2024-08-18,S3,P2,S3_P2,230,6,True,101
2024-08-19,S3,P2,S3_P2,231,0,False,42
2024-08-20,S3,P2,S3_P2,232,1,False,85
2024-08-21,S3,P2,S3_P2,233,2,False,35
2024-08-22,S3,P2,S3_P2,234,3,False,52
2024-08-23,S3,P2,S3_P2,235,4,True,46
2024-08-24,S3,P2,S3_P2,236,5,False,59
2024-08-25,S3,P2,S3_P2,237,6,False,86
2024-08-26,S3,P2,S3_P2,238,0,False,63
2024-08-27,S3,P2,S3_P2,239,1,False,68
2024-08-28,S3,P2,S3_P2,240,2,False,39
2024-08-29,S3,P2,S3_P2,241,3,False,73
2024-08-30,S3,P2,S3_P2,242,4,False,26
2024-08-31,S3,P2,S3_P2,243,5,False,69
2024-09-01,S3,P2,S3_P2,244,6,False,53
2024-09-02,S3,P2,S3_P2,245,0,False,48
2024-09-03,S3,P2,S3_P2,246,1,False,77
2024-09-04,S3,P2,S3_P2,247,2,False,102
2024-09-05,S3,P2,S3_P2,248,3,False,41
2024-09-06,S3,P2,S3_P2,249,4,False,64
2024-09-07,S3,P2,S3_P2,250,5,False,39
2024-09-08,S3,P2,S3_P2,251,6,False,62
2024-09-09,S3,P2,S3_P2,252,0,False,69
2024-09-10,S3,P2,S3_P2,253,1,False,70
2024-09-11,S3,P2,S3_P2,254,2,False,29
2024-09-12,S3,P2,S3_P2,255,3,False,61
2024-09-13,S3,P2,S3_P2,256,4,False,96
2024-09-14,S3,P2,S3_P2,257,5,False,71
2024-09-15,S3,P2,S3_P2,258,6,False,61
2024-09-16,S3,P2,S3_P2,259,0,False,52
2024-09-17,S3,P2,S3_P2,260,1,False,58
2024-09-18,S3,P2,S3_P2,261,2,False,61
2024-09-19,S3,P2,S3_P2,262,3,False,31
2024-09-20,S3,P2,S3_P2,263,4,False,39
2024-09-21,S3,P2,S3_P2,264,5,False,80
2024-09-22,S3,P2,S3_P2,265,6,False,66
2024-09-23,S3,P2,S3_P2,266,0,False,78
2024-09-24,S3,P2,S3_P2,267,1,False,37
2024-09-25,S3,P2,S3_P2,268,2,False,32
2024-09-26,S3,P2,S3_P2,269,3,False,50
2024-09-27,S3,P2,S3_P2,270,4,False,79
2024-09-28,S3,P2,S3_P2,271,5,False,39
2024-09-29,S3,P2,S3_P2,272,6,False,54
2024-09-30,S3,P2,S3_P2,273,0,False,62
2024-10-01,S3,P2,S3_P2,274,1,False,33
2024-10-02,S3,P2,S3_P2,275,2,False,28
2024-10-03,S3,P2,S3_P2,276,3,False,73
2024-10-04,S3,P2,S3_P2,277,4,False,36
2024-10-05,S3,P2,S3_P2,278,5,False,96
2024-10-06,S3,P2,S3_P2,279,6,False,35
2024-10-07,S3,P2,S3_P2,280,0,False,34
2024-10-08,S3,P2,S3_P2,281,1,False,43
2024-10-09,S3,P2,S3_P2,282,2,False,35
2024-10-10,S3,P2,S3_P2,283,3,False,38
2024-10-11,S3,P2,S3_P2,284,4,False,59
2024-10-12,S3,P2,S3_P2,285,5,False,34
2024-10-13,S3,P2,S3_P2,286,6,False,46
2024-10-14,S3,P2,S3_P2,287,0,False,68
2024-10-15,S3,P2,S3_P2,288,1,True,105
2024-10-16,S3,P2,S3_P2,289,2,False,26
2024-10-17,S3,P2,S3_P2,290,3,False,43
2024-10-18,S3,P2,S3_P2,291,4,False,60
2024-10-19,S3,P2,S3_P2,292,5,True,103
2024-10-20,S3,P2,S3_P2,293,6,False,42
2024-10-21,S3,P2,S3_P2,294,0,False,65
2024-10-22,S3,P2,S3_P2,295,1,False,80
2024-10-23,S3,P2,S3_P2,296,2,False,59
2024-10-24,S3,P2,S3_P2,297,3,False,51
2024-10-25,S3,P2,S3_P2,298,4,False,58
2024-10-26,S3,P2,S3_P2,299,5,False,66
2024-10-27,S3,P2,S3_P2,300,6,False,28
2024-10-28,S3,P2,S3_P2,301,0,False,44
2024-10-29,S3,P2,S3_P2,302,1,False,35
2024-10-30,S3,P2,S3_P2,303,2,False,46
2024-10-31,S3,P2,S3_P2,304,3,False,51
2024-11-01,S3,P2,S3_P2,305,4,False,27
2024-11-02,S3,P2,S3_P2,306,5,False,74
2024-11-03,S3,P2,S3_P2,307,6,False,58
2024-11-04,S3,P2,S3_P2,308,0,False,47
2024-11-05,S3,P2,S3_P2,309,1,False,65
2024-11-06,S3,P2,S3_P2,310,2,False,36
2024-11-07,S3,P2,S3_P2,311,3,False,84
2024-11-08,S3,P2,S3_P2,312,4,False,46
2024-11-09,S3,P2,S3_P2,313,5,False,111
2024-11-10,S3,P2,S3_P2,314,6,False,30
2024-11-11,S3,P2,S3_P2,315,0,False,89
2024-11-12,S3,P2,S3_P2,316,1,False,30
2024-11-13,S3,P2,S3_P2,317,2,False,33
2024-11-14,S3,P2,S3_P2,318,3,False,69
2024-11-15,S3,P2,S3_P2,319,4,False,59
2024-11-16,S3,P2,S3_P2,320,5,True,83
2024-11-17,S3,P2,S3_P2,321,6,False,42
2024-11-18,S3,P2,S3_P2,322,0,False,70
2024-11-19,S3,P2,S3_P2,323,1,False,37
2024-11-20,S3,P2,S3_P2,324,2,False,44
2024-11-21,S3,P2,S3_P2,325,3,False,44
2024-11-22,S3,P2,S3_P2,326,4,False,65
2024-11-23,S3,P2,S3_P2,327,5,False,58
2024-11-24,S3,P2,S3_P2,328,6,False,80
2024-11-25,S3,P2,S3_P2,329,0,True,78
2024-11-26,S3,P2,S3_P2,330,1,False,40
2024-11-27,S3,P2,S3_P2,331,2,False,25
2024-11-28,S3,P2,S3_P2,332,3,False,72
2024-11-29,S3,P2,S3_P2,333,4,False,49
2024-11-30,S3,P2,S3_P2,334,5,False,87
2024-12-01,S3,P2,S3_P2,335,6,True,99
2024-12-02,S3,P2,S3_P2,336,0,False,82
2024-12-03,S3,P2,S3_P2,337,1,False,47
2024-12-04,S3,P2,S3_P2,338,2,False,27
2024-12-05,S3,P2,S3_P2,339,3,False,54
2024-12-06,S3,P2,S3_P2,340,4,False,23
2024-12-07,S3,P2,S3_P2,341,5,False,43
2024-12-08,S3,P2,S3_P2,342,6,False,101
2024-12-09,S3,P2,S3_P2,343,0,False,46
2024-12-10,S3,P2,S3_P2,344,1,False,61
2024-12-11,S3,P2,S3_P2,345,2,False,16
2024-12-12,S3,P2,S3_P2,346,3,False,44
2024-12-13,S3,P2,S3_P2,347,4,False,23
2024-12-14,S3,P2,S3_P2,348,5,False,71
2024-12-15,S3,P2,S3_P2,349,6,False,42
2024-12-16,S3,P2,S3_P2,350,0,False,54
2024-12-17,S3,P2,S3_P2,351,1,False,37
2024-12-18,S3,P2,S3_P2,352,2,False,46
2024-12-19,S3,P2,S3_P2,353,3,False,20
2024-12-20,S3,P2,S3_P2,354,4,False,49
2024-12-21,S3,P2,S3_P2,355,5,False,53
2024-12-22,S3,P2,S3_P2,356,6,False,72
2024-12-23,S3,P2,S3_P2,357,0,False,18
2024-12-24,S3,P2,S3_P2,358,1,False,55
2024-12-25,S3,P2,S3_P2,359,2,False,42
2024-12-26,S3,P2,S3_P2,360,3,False,46
2024-12-27,S3,P2,S3_P2,361,4,False,43
2024-12-28,S3,P2,S3_P2,362,5,False,39
2024-12-29,S3,P2,S3_P2,363,6,False,116
2024-12-30,S3,P2,S3_P2,364,0,False,41
2024-12-31,S3,P2,S3_P2,365,1,False,32
2025-01-01,S3,P2,S3_P2,366,2,False,43
2025-01-02,S3,P2,S3_P2,367,3,False,47
2025-01-03,S3,P2,S3_P2,368,4,False,51
2025-01-04,S3,P2,S3_P2,369,5,False,14
2025-01-05,S3,P2,S3_P2,370,6,False,54
2025-01-06,S3,P2,S3_P2,371,0,False,63
2025-01-07,S3,P2,S3_P2,372,1,False,53
2025-01-08,S3,P2,S3_P2,373,2,False,49
2025-01-09,S3,P2,S3_P2,374,3,False,22
2025-01-10,S3,P2,S3_P2,375,4,True,145
2025-01-11,S3,P2,S3_P2,376,5,False,90
2025-01-12,S3,P2,S3_P2,377,6,False,68
2025-01-13,S3,P2,S3_P2,378,0,False,39
2025-01-14,S3,P2,S3_P2,379,1,False,85
2025-01-15,S3,P2,S3_P2,380,2,False,83
2025-01-16,S3,P2,S3_P2,381,3,False,99
2025-01-17,S3,P2,S3_P2,382,4,False,91
2025-01-18,S3,P2,S3_P2,383,5,False,81
2025-01-19,S3,P2,S3_P2,384,6,False,50
2025-01-20,S3,P2,S3_P2,385,0,False,46
2025-01-21,S3,P2,S3_P2,386,1,False,55
2025-01-22,S3,P2,S3_P2,387,2,False,41
2025-01-23,S3,P2,S3_P2,388,3,True,40
2025-01-24,S3,P2,S3_P2,389,4,False,29
2025-01-25,S3,P2,S3_P2,390,5,False,69
2025-01-26,S3,P2,S3_P2,391,6,False,81
2025-01-27,S3,P2,S3_P2,392,0,True,36
2025-01-28,S3,P2,S3_P2,393,1,False,38
2025-01-29,S3,P2,S3_P2,394,2,False,57
2025-01-30,S3,P2,S3_P2,395,3,False,44
2025-01-31,S3,P2,S3_P2,396,4,False,84
2025-02-01,S3,P2,S3_P2,397,5,False,91
2025-02-02,S3,P2,S3_P2,398,6,False,97
2025-02-03,S3,P2,S3_P2,399,0,False,51
2025-02-04,S3,P2,S3_P2,400,1,False,74
2025-02-05,S3,P2,S3_P2,401,2,False,63
2025-02-06,S3,P2,S3_P2,402,3,False,54
2025-02-07,S3,P2,S3_P2,403,4,False,53
2025-02-08,S3,P2,S3_P2,404,5,False,40
2025-02-09,S3,P2,S3_P2,405,6,False,88
2025-02-10,S3,P2,S3_P2,406,0,False,44
2025-02-11,S3,P2,S3_P2,407,1,False,84
2025-02-12,S3,P2,S3_P2,408,2,False,32
2025-02-13,S3,P2,S3_P2,409,3,False,57
2025-02-14,S3,P2,S3_P2,410,4,False,42
2025-02-15,S3,P2,S3_P2,411,5,False,47
2025-02-16,S3,P2,S3_P2,412,6,False,75
2025-02-17,S3,P2,S3_P2,413,0,False,37
2025-02-18,S3,P2,S3_P2,414,1,False,63
2025-02-19,S3,P2,S3_P2,415,2,False,97
2025-02-20,S3,P2,S3_P2,416,3,False,91
2025-02-21,S3,P2,S3_P2,417,4,False,27
2025-02-22,S3,P2,S3_P2,418,5,False,74
2025-02-23,S3,P2,S3_P2,419,6,False,75
2025-02-24,S3,P2,S3_P2,420,0,False,31
2025-02-25,S3,P2,S3_P2,421,1,False,26
2025-02-26,S3,P2,S3_P2,422,2,False,50
2025-02-27,S3,P2,S3_P2,423,3,False,48
2025-02-28,S3,P2,S3_P2,424,4,False,59
2025-03-01,S3,P2,S3_P2,425,5,False,99
2025-03-02,S3,P2,S3_P2,426,6,False,79
2025-03-03,S3,P2,S3_P2,427,0,False,49
2025-03-04,S3,P2,S3_P2,428,1,False,59
2025-03-05,S3,P2,S3_P2,429,2,False,29
2025-03-06,S3,P2,S3_P2,430,3,False,81
2025-03-07,S3,P2,S3_P2,431,4,False,58
2025-03-08,S3,P2,S3_P2,432,5,False,59
2025-03-09,S3,P2,S3_P2,433,6,False,64
2025-03-10,S3,P2,S3_P2,434,0,False,74
2025-03-11,S3,P2,S3_P2,435,1,False,45
2025-03-12,S3,P2,S3_P2,436,2,False,31
2025-03-13,S3,P2,S3_P2,437,3,False,61
2025-03-14,S3,P2,S3_P2,438,4,False,41
2025-03-15,S3,P2,S3_P2,439,5,False,69
2025-03-16,S3,P2,S3_P2,440,6,False,60
2025-03-17,S3,P2,S3_P2,441,0,False,89
2025-03-18,S3,P2,S3_P2,442,1,False,55
2025-03-19,S3,P2,S3_P2,443,2,False,51
2025-03-20,S3,P2,S3_P2,444,3,False,49
2025-03-21,S3,P2,S3_P2,445,4,False,52
2025-03-22,S3,P2,S3_P2,446,5,False,83
2025-03-23,S3,P2,S3_P2,447,6,False,54
2025-03-24,S3,P2,S3_P2,448,0,True,114
2025-03-25,S3,P2,S3_P2,449,1,False,94
2025-03-26,S3,P2,S3_P2,450,2,False,27
2025-03-27,S3,P2,S3_P2,451,3,False,69
2025-03-28,S3,P2,S3_P2,452,4,False,73
2025-03-29,S3,P2,S3_P2,453,5,False,55
2025-03-30,S3,P2,S3_P2,454,6,False,68
2025-03-31,S3,P2,S3_P2,455,0,False,70
2025-04-01,S3,P2,S3_P2,456,1,False,71
2025-04-02,S3,P2,S3_P2,457,2,True,76
2025-04-03,S3,P2,S3_P2,458,3,False,26
2025-04-04,S3,P2,S3_P2,459,4,False,58
2025-04-05,S3,P2,S3_P2,460,5,False,53
2025-04-06,S3,P2,S3_P2,461,6,False,96
2025-04-07,S3,P2,S3_P2,462,0,False,58
2025-04-08,S3,P2,S3_P2,463,1,True,110
2025-04-09,S3,P2,S3_P2,464,2,False,33
2025-04-10,S3,P2,S3_P2,465,3,False,45
2025-04-11,S3,P2,S3_P2,466,4,False,15
2025-04-12,S3,P2,S3_P2,467,5,False,35
2025-04-13,S3,P2,S3_P2,468,6,False,73
2025-04-14,S3,P2,S3_P2,469,0,False,31
2025-04-15,S3,P2,S3_P2,470,1,False,19
2025-04-16,S3,P2,S3_P2,471,2,False,58
2025-04-17,S3,P2,S3_P2,472,3,False,53
2025-04-18,S3,P2,S3_P2,473,4,False,76
2025-04-19,S3,P2,S3_P2,474,5,False,91
2025-04-20,S3,P2,S3_P2,475,6,False,45
2025-04-21,S3,P2,S3_P2,476,0,False,47
2025-04-22,S3,P2,S3_P2,477,1,False,44
2025-04-23,S3,P2,S3_P2,478,2,False,49
2025-04-24,S3,P2,S3_P2,479,3,False,51
2025-04-25,S3,P2,S3_P2,480,4,False,56
2025-04-26,S3,P2,S3_P2,481,5,False,98
2025-04-27,S3,P2,S3_P2,482,6,False,102
2025-04-28,S3,P2,S3_P2,483,0,False,31
2025-04-29,S3,P2,S3_P2,484,1,False,57
2025-04-30,S3,P2,S3_P2,485,2,False,116
2025-05-01,S3,P2,S3_P2,486,3,False,22
2025-05-02,S3,P2,S3_P2,487,4,False,33
2025-05-03,S3,P2,S3_P2,488,5,False,53
2025-05-04,S3,P2,S3_P2,489,6,False,92
2025-05-05,S3,P2,S3_P2,490,0,False,50
2025-05-06,S3,P2,S3_P2,491,1,False,47
2025-05-07,S3,P2,S3_P2,492,2,False,45
2025-05-08,S3,P2,S3_P2,493,3,False,31
2025-05-09,S3,P2,S3_P2,494,4,False,42
2025-05-10,S3,P2,S3_P2,495,5,False,50
2025-05-11,S3,P2,S3_P2,496,6,False,76
2025-05-12,S3,P2,S3_P2,497,0,False,77
2025-05-13,S3,P2,S3_P2,498,1,False,50
2025-05-14,S3,P2,S3_P2,499,2,False,83
2025-05-15,S3,P2,S3_P2,500,3,False,62
2025-05-16,S3,P2,S3_P2,501,4,False,84
2025-05-17,S3,P2,S3_P2,502,5,False,54
2025-05-18,S3,P2,S3_P2,503,6,False,78
2025-05-19,S3,P2,S3_P2,504,0,False,70
2025-05-20,S3,P2,S3_P2,505,1,False,43
2025-05-21,S3,P2,S3_P2,506,2,False,52
2025-05-22,S3,P2,S3_P2,507,3,True,58
2025-05-23,S3,P2,S3_P2,508,4,False,38
2025-05-24,S3,P2,S3_P2,509,5,False,43
2025-05-25,S3,P2,S3_P2,510,6,False,41
2025-05-26,S3,P2,S3_P2,511,0,True,90
2025-05-27,S3,P2,S3_P2,512,1,False,38
2025-05-28,S3,P2,S3_P2,513,2,False,30
2025-05-29,S3,P2,S3_P2,514,3,False,33
2025-05-30,S3,P2,S3_P2,515,4,False,27
2025-05-31,S3,P2,S3_P2,516,5,False,94
2025-06-01,S3,P2,S3_P2,517,6,False,73
2025-06-02,S3,P2,S3_P2,518,0,False,31
2025-06-03,S3,P2,S3_P2,519,1,False,48
2025-06-04,S3,P2,S3_P2,520,2,False,68
2025-06-05,S3,P2,S3_P2,521,3,False,47
2025-06-06,S3,P2,S3_P2,522,4,False,60
2025-06-07,S3,P2,S3_P2,523,5,False,68
2025-06-08,S3,P2,S3_P2,524,6,False,81
2025-06-09,S3,P2,S3_P2,525,0,False,34
2025-06-10,S3,P2,S3_P2,526,1,False,36
2025-06-11,S3,P2,S3_P2,527,2,False,83
2025-06-12,S3,P2,S3_P2,528,3,False,61
2025-06-13,S3,P2,S3_P2,529,4,False,49
2025-06-14,S3,P2,S3_P2,530,5,False,60
2025-06-15,S3,P2,S3_P2,531,6,False,68
2025-06-16,S3,P2,S3_P2,532,0,False,63
2025-06-17,S3,P2,S3_P2,533,1,False,41
2025-06-18,S3,P2,S3_P2,534,2,False,79
2025-06-19,S3,P2,S3_P2,535,3,False,28
2025-06-20,S3,P2,S3_P2,536,4,False,94
2025-06-21,S3,P2,S3_P2,537,5,False,69
2025-06-22,S3,P2,S3_P2,538,6,False,56
2025-06-23,S3,P2,S3_P2,539,0,False,72
2025-06-24,S3,P2,S3_P2,540,1,False,12
2025-06-25,S3,P2,S3_P2,541,2,False,62
2025-06-26,S3,P2,S3_P2,542,3,False,27
2025-06-27,S3,P2,S3_P2,543,4,False,82
2025-06-28,S3,P2,S3_P2,544,5,False,107
2025-06-29,S3,P2,S3_P2,545,6,False,43
2025-06-30,S3,P2,S3_P2,546,0,False,39
2025-07-01,S3,P2,S3_P2,547,1,False,80
2025-07-02,S3,P2,S3_P2,548,2,False,43
2025-07-03,S3,P2,S3_P2,549,3,False,75
2025-07-04,S3,P2,S3_P2,550,4,False,76
2025-07-05,S3,P2,S3_P2,551,5,False,134
2025-07-06,S3,P2,S3_P2,552,6,False,61
2025-07-07,S3,P2,S3_P2,553,0,False,57
2025-07-08,S3,P2,S3_P2,554,1,False,69
2025-07-09,S3,P2,S3_P2,555,2,False,44
2025-07-10,S3,P2,S3_P2,556,3,False,118
2025-07-11,S3,P2,S3_P2,557,4,False,66
2025-07-12,S3,P2,S3_P2,558,5,False,43
2025-07-13,S3,P2,S3_P2,559,6,False,87
2025-07-14,S3,P2,S3_P2,560,0,False,64
2025-07-15,S3,P2,S3_P2,561,1,False,67
2025-07-16,S3,P2,S3_P2,562,2,False,73
2025-07-17,S3,P2,S3_P2,563,3,False,27
2025-07-18,S3,P2,S3_P2,564,4,True,73
2025-07-19,S3,P2,S3_P2,565,5,False,37
2025-07-20,S3,P2,S3_P2,566,6,False,55
2025-07-21,S3,P2,S3_P2,567,0,False,54
2025-07-22,S3,P2,S3_P2,568,1,False,43
2025-07-23,S3,P2,S3_P2,569,2,False,94
2025-07-24,S3,P2,S3_P2,570,3,False,33
2025-07-25,S3,P2,S3_P2,571,4,False,70
2025-07-26,S3,P2,S3_P2,572,5,False,59
2025-07-27,S3,P2,S3_P2,573,6,False,67
2025-07-28,S3,P2,S3_P2,574,0,False,46
2025-07-29,S3,P2,S3_P2,575,1,True,100
2025-07-30,S3,P2,S3_P2,576,2,False,59
2025-07-31,S3,P2,S3_P2,577,3,False,55
2025-08-01,S3,P2,S3_P2,578,4,False,59
2025-08-02,S3,P2,S3_P2,579,5,False,41
2025-08-03,S3,P2,S3_P2,580,6,False,94
2025-08-04,S3,P2,S3_P2,581,0,False,38
2025-08-05,S3,P2,S3_P2,582,1,False,7
2025-08-06,S3,P2,S3_P2,583,2,False,71
2025-08-07,S3,P2,S3_P2,584,3,False,24
2025-08-08,S3,P2,S3_P2,585,4,False,56
2025-08-09,S3,P2,S3_P2,586,5,False,64
2025-08-10,S3,P2,S3_P2,587,6,False,93
2025-08-11,S3,P2,S3_P2,588,0,True,93
2025-08-12,S3,P2,S3_P2,589,1,False,48
2025-08-13,S3,P2,S3_P2,590,2,False,55
2025-08-14,S3,P2,S3_P2,591,3,False,57
2025-08-15,S3,P2,S3_P2,592,4,False,43
2025-08-16,S3,P2,S3_P2,593,5,False,65
2025-08-17,S3,P2,S3_P2,594,6,False,23
2025-08-18,S3,P2,S3_P2,595,0,False,62
2025-08-19,S3,P2,S3_P2,596,1,False,27
2025-08-20,S3,P2,S3_P2,597,2,True,147
2025-08-21,S3,P2,S3_P2,598,3,False,48
2025-08-22,S3,P2,S3_P2,599,4,False,91
2025-08-23,S3,P2,S3_P2,600,5,False,49
2025-08-24,S3,P2,S3_P2,601,6,False,96
2025-08-25,S3,P2,S3_P2,602,0,False,56
2025-08-26,S3,P2,S3_P2,603,1,False,28
2025-08-27,S3,P2,S3_P2,604,2,False,44
2025-08-28,S3,P2,S3_P2,605,3,False,67
2025-08-29,S3,P2,S3_P2,606,4,False,71
2025-08-30,S3,P2,S3_P2,607,5,False,49
2025-08-31,S3,P2,S3_P2,608,6,True,87
2025-09-01,S3,P2,S3_P2,609,0,False,46
2025-09-02,S3,P2,S3_P2,610,1,False,33
2025-09-03,S3,P2,S3_P2,611,2,False,71
2025-09-04,S3,P2,S3_P2,612,3,False,25
2025-09-05,S3,P2,S3_P2,613,4,False,66
2025-09-06,S3,P2,S3_P2,614,5,False,62
2025-09-07,S3,P2,S3_P2,615,6,False,43
2025-09-08,S3,P2,S3_P2,616,0,False,80
2025-09-09,S3,P2,S3_P2,617,1,False,41
2025-09-10,S3,P2,S3_P2,618,2,False,66
2025-09-11,S3,P2,S3_P2,619,3,False,63
2025-09-12,S3,P2,S3_P2,620,4,False,71
2025-09-13,S3,P2,S3_P2,621,5,False,108
2025-09-14,S3,P2,S3_P2,622,6,False,39
2025-09-15,S3,P2,S3_P2,623,0,False,113
2025-09-16,S3,P2,S3_P2,624,1,True,119
2025-09-17,S3,P2,S3_P2,625,2,False,61
2025-09-18,S3,P2,S3_P2,626,3,False,64
2025-09-19,S3,P2,S3_P2,627,4,False,43
2025-09-20,S3,P2,S3_P2,628,5,False,62
2025-09-21,S3,P2,S3_P2,629,6,False,62
2025-09-22,S3,P2,S3_P2,630,0,False,61
2025-09-23,S3,P2,S3_P2,631,1,False,51
2025-09-24,S3,P2,S3_P2,632,2,False,65
2025-09-25,S3,P2,S3_P2,633,3,False,57
2025-09-26,S3,P2,S3_P2,634,4,False,34
2025-09-27,S3,P2,S3_P2,635,5,True,137
2025-09-28,S3,P2,S3_P2,636,6,False,78
2025-09-29,S3,P2,S3_P2,637,0,False,47
2025-09-30,S3,P2,S3_P2,638,1,False,64
2025-10-01,S3,P2,S3_P2,639,2,False,32
2025-10-02,S3,P2,S3_P2,640,3,False,67
2025-10-03,S3,P2,S3_P2,641,4,False,40
2025-10-04,S3,P2,S3_P2,642,5,False,51
2025-10-05,S3,P2,S3_P2,643,6,False,45
2025-10-06,S3,P2,S3_P2,644,0,False,56
2025-10-07,S3,P2,S3_P2,645,1,False,46
2025-10-08,S3,P2,S3_P2,646,2,False,47
2025-10-09,S3,P2,S3_P2,647,3,False,80
2025-10-10,S3,P2,S3_P2,648,4,False,36
2025-10-11,S3,P2,S3_P2,649,5,False,82
2025-10-12,S3,P2,S3_P2,650,6,True,143
2025-10-13,S3,P2,S3_P2,651,0,False,62
2025-10-14,S3,P2,S3_P2,652,1,False,64
2025-10-15,S3,P2,S3_P2,653,2,False,54
2025-10-16,S3,P2,S3_P2,654,3,False,30
2025-10-17,S3,P2,S3_P2,655,4,False,83
2025-10-18,S3,P2,S3_P2,656,5,False,65
2025-10-19,S3,P2,S3_P2,657,6,False,38
2025-10-20,S3,P2,S3_P2,658,0,False,74
2025-10-21,S3,P2,S3_P2,659,1,False,84
2025-10-22,S3,P2,S3_P2,660,2,False,44
2025-10-23,S3,P2,S3_P2,661,3,False,61
2025-10-24,S3,P2,S3_P2,662,4,False,62
2025-10-25,S3,P2,S3_P2,663,5,False,69
2025-10-26,S3,P2,S3_P2,664,6,False,82
2025-10-27,S3,P2,S3_P2,665,0,False,69
2025-10-28,S3,P2,S3_P2,666,1,False,38
2025-10-29,S3,P2,S3_P2,667,2,False,62
2025-10-30,S3,P2,S3_P2,668,3,False,79
2025-10-31,S3,P2,S3_P2,669,4,False,43
2025-11-01,S3,P2,S3_P2,670,5,False,62
2025-11-02,S3,P2,S3_P2,671,6,False,48
2025-11-03,S3,P2,S3_P2,672,0,False,53
2025-11-04,S3,P2,S3_P2,673,1,False,90
2025-11-05,S3,P2,S3_P2,674,2,False,37
2025-11-06,S3,P2,S3_P2,675,3,False,58
2025-11-07,S3,P2,S3_P2,676,4,False,41
2025-11-08,S3,P2,S3_P2,677,5,False,53
2025-11-09,S3,P2,S3_P2,678,6,False,63
2025-11-10,S3,P2,S3_P2,679,0,False,45
2025-11-11,S3,P2,S3_P2,680,1,False,44
2025-11-12,S3,P2,S3_P2,681,2,False,62
2025-11-13,S3,P2,S3_P2,682,3,False,55
2025-11-14,S3,P2,S3_P2,683,4,False,88
2025-11-15,S3,P2,S3_P2,684,5,False,115
2025-11-16,S3,P2,S3_P2,685,6,False,122
2025-11-17,S3,P2,S3_P2,686,0,False,51
2025-11-18,S3,P2,S3_P2,687,1,False,57
2025-11-19,S3,P2,S3_P2,688,2,False,46
2025-11-20,S3,P2,S3_P2,689,3,False,67
2025-11-21,S3,P2,S3_P2,690,4,False,40
2025-11-22,S3,P2,S3_P2,691,5,False,42
2025-11-23,S3,P2,S3_P2,692,6,False,78
2025-11-24,S3,P2,S3_P2,693,0,False,61
2025-11-25,S3,P2,S3_P2,694,1,False,60
2025-11-26,S3,P2,S3_P2,695,2,False,64
2025-11-27,S3,P2,S3_P2,696,3,False,19
2025-11-28,S3,P2,S3_P2,697,4,False,113
2025-11-29,S3,P2,S3_P2,698,5,False,99
2025-11-30,S3,P2,S3_P2,699,6,False,66
2024-01-01,S4,P1,S4_P1,0,0,False,307
2024-01-02,S4,P1,S4_P1,1,1,False,322
2024-01-03,S4,P1,S4_P1,2,2,False,262
2024-01-04,S4,P1,S4_P1,3,3,False,95
2024-01-05,S4,P1,S4_P1,4,4,False,211
2024-01-06,S4,P1,S4_P1,5,5,False,201
2024-01-07,S4,P1,S4_P1,6,6,False,96
2024-01-08,S4,P1,S4_P1,7,0,False,317
2024-01-09,S4,P1,S4_P1,8,1,False,105
2024-01-10,S4,P1,S4_P1,9,2,False,280
2024-01-11,S4,P1,S4_P1,10,3,False,81
2024-01-12,S4,P1,S4_P1,11,4,False,140
2024-01-13,S4,P1,S4_P1,12,5,False,249
2024-01-14,S4,P1,S4_P1,13,6,False,298
2024-01-15,S4,P1,S4_P1,14,0,False,107
2024-01-16,S4,P1,S4_P1,15,1,False,296
2024-01-17,S4,P1,S4_P1,16,2,False,150
2024-01-18,S4,P1,S4_P1,17,3,True,228
2024-01-19,S4,P1,S4_P1,18,4,False,257
2024-01-20,S4,P1,S4_P1,19,5,True,466
2024-01-21,S4,P1,S4_P1,20,6,False,179
2024-01-22,S4,P1,S4_P1,21,0,False,312
2024-01-23,S4,P1,S4_P1,22,1,False,143
2024-01-24,S4,P1,S4_P1,23,2,False,396
2024-01-25,S4,P1,S4_P1,24,3,False,75
2024-01-26,S4,P1,S4_P1,25,4,True,270
2024-01-27,S4,P1,S4_P1,26,5,False,300
2024-01-28,S4,P1,S4_P1,27,6,False,433
2024-01-29,S4,P1,S4_P1,28,0,False,204
2024-01-30,S4,P1,S4_P1,29,1,False,130
2024-01-31,S4,P1,S4_P1,30,2,False,242
2024-02-01,S4,P1,S4_P1,31,3,False,259
2024-02-02,S4,P1,S4_P1,32,4,False,335
2024-02-03,S4,P1,S4_P1,33,5,False,287
2024-02-04,S4,P1,S4_P1,34,6,False,322
2024-02-05,S4,P1,S4_P1,35,0,False,116
2024-02-06,S4,P1,S4_P1,36,1,False,280
2024-02-07,S4,P1,S4_P1,37,2,True,450
2024-02-08,S4,P1,S4_P1,38,3,False,209
2024-02-09,S4,P1,S4_P1,39,4,False,245
2024-02-10,S4,P1,S4_P1,40,5,False,589
2024-02-11,S4,P1,S4_P1,41,6,False,351
2024-02-12,S4,P1,S4_P1,42,0,False,167
2024-02-13,S4,P1,S4_P1,43,1,False,281
2024-02-14,S4,P1,S4_P1,44,2,False,170
2024-02-15,S4,P1,S4_P1,45,3,False,149
2024-02-16,S4,P1,S4_P1,46,4,False,230
2024-02-17,S4,P1,S4_P1,47,5,False,187
2024-02-18,S4,P1,S4_P1,48,6,False,237
2024-02-19,S4,P1,S4_P1,49,0,True,244
2024-02-20,S4,P1,S4_P1,50,1,False,203
2024-02-21,S4,P1,S4_P1,51,2,False,159
2024-02-22,S4,P1,S4_P1,52,3,False,181
2024-02-23,S4,P1,S4_P1,53,4,False,169
2024-02-24,S4,P1,S4_P1,54,5,False,122
2024-02-25,S4,P1,S4_P1,55,6,False,344
2024-02-26,S4,P1,S4_P1,56,0,False,187
2024-02-27,S4,P1,S4_P1,57,1,False,165
2024-02-28,S4,P1,S4_P1,58,2,False,202
2024-02-29,S4,P1,S4_P1,59,3,False,306
2024-03-01,S4,P1,S4_P1,60,4,False,161
2024-03-02,S4,P1,S4_P1,61,5,False,299
2024-03-03,S4,P1,S4_P1,62,6,False,205
2024-03-04,S4,P1,S4_P1,63,0,False,154
2024-03-05,S4,P1,S4_P1,64,1,False,301
2024-03-06,S4,P1,S4_P1,65,2,True,171
2024-03-07,S4,P1,S4_P1,66,3,False,189
2024-03-08,S4,P1,S4_P1,67,4,False,311
2024-03-09,S4,P1,S4_P1,68,5,False,240
2024-03-10,S4,P1,S4_P1,69,6,False,277
2024-03-11,S4,P1,S4_P1,70,0,False,192
2024-03-12,S4,P1,S4_P1,71,1,False,77
2024-03-13,S4,P1,S4_P1,72,2,False,278
2024-03-14,S4,P1,S4_P1,73,3,True,336
2024-03-15,S4,P1,S4_P1,74,4,False,164
2024-03-16,S4,P1,S4_P1,75,5,False,170
2024-03-17,S4,P1,S4_P1,76,6,False,287
2024-03-18,S4,P1,S4_P1,77,0,False,98
2024-03-19,S4,P1,S4_P1,78,1,False,126
2024-03-20,S4,P1,S4_P1,79,2,False,102
2024-03-21,S4,P1,S4_P1,80,3,False,282
2024-03-22,S4,P1,S4_P1,81,4,False,376
2024-03-23,S4,P1,S4_P1,82,5,True,429
2024-03-24,S4,P1,S4_P1,83,6,False,317
2024-03-25,S4,P1,S4_P1,84,0,False,235
2024-03-26,S4,P1,S4_P1,85,1,False,217
2024-03-27,S4,P1,S4_P1,86,2,False,260
2024-03-28,S4,P1,S4_P1,87,3,False,295
2024-03-29,S4,P1,S4_P1,88,4,False,161
2024-03-30,S4,P1,S4_P1,89,5,False,253
2024-03-31,S4,P1,S4_P1,90,6,False,435
2024-04-01,S4,P1,S4_P1,91,0,False,258
2024-04-02,S4,P1,S4_P1,92,1,False,121
2024-04-03,S4,P1,S4_P1,93,2,False,240
2024-04-04,S4,P1,S4_P1,94,3,False,207
2024-04-05,S4,P1,S4_P1,95,4,True,319
2024-04-06,S4,P1,S4_P1,96,5,False,303
2024-04-07,S4,P1,S4_P1,97,6,False,216
2024-04-08,S4,P1,S4_P1,98,0,False,179
2024-04-09,S4,P1,S4_P1,99,1,False,172
2024-04-10,S4,P1,S4_P1,100,2,False,143
2024-04-11,S4,P1,S4_P1,101,3,False,232
2024-04-12,S4,P1,S4_P1,102,4,False,113
2024-04-13,S4,P1,S4_P1,103,5,False,299
2024-04-14,S4,P1,S4_P1,104,6,True,204
2024-04-15,S4,P1,S4_P1,105,0,False,128
2024-04-16,S4,P1,S4_P1,106,1,False,375
2024-04-17,S4,P1,S4_P1,107,2,True,187
2024-04-18,S4,P1,S4_P1,108,3,False,142
2024-04-19,S4,P1,S4_P1,109,4,False,233
2024-04-20,S4,P1,S4_P1,110,5,False,250
2024-04-21,S4,P1,S4_P1,111,6,False,288
2024-04-22,S4,P1,S4_P1,112,0,False,279
2024-04-23,S4,P1,S4_P1,113,1,False,243
2024-04-24,S4,P1,S4_P1,114,2,False,190
2024-04-25,S4,P1,S4_P1,115,3,False,120
2024-04-26,S4,P1,S4_P1,116,4,False,237
2024-04-27,S4,P1,S4_P1,117,5,False,431
2024-04-28,S4,P1,S4_P1,118,6,False,267
2024-04-29,S4,P1,S4_P1,119,0,False,145
2024-04-30,S4,P1,S4_P1,120,1,False,170
2024-05-01,S4,P1,S4_P1,121,2,False,255
2024-05-02,S4,P1,S4_P1,122,3,True,237
2024-05-03,S4,P1,S4_P1,123,4,False,234
2024-05-04,S4,P1,S4_P1,124,5,False,220
2024-05-05,S4,P1,S4_P1,125,6,False,353
2024-05-06,S4,P1,S4_P1,126,0,False,190
2024-05-07,S4,P1,S4_P1,127,1,False,126
2024-05-08,S4,P1,S4_P1,128,2,False,235
2024-05-09,S4,P1,S4_P1,129,3,False,137
2024-05-10,S4,P1,S4_P1,130,4,False,161
2024-05-11,S4,P1,S4_P1,131,5,False,392
2024-05-12,S4,P1,S4_P1,132,6,False,195
2024-05-13,S4,P1,S4_P1,133,0,False,63
2024-05-14,S4,P1,S4_P1,134,1,False,226
2024-05-15,S4,P1,S4_P1,135,2,False,108
2024-05-16,S4,P1,S4_P1,136,3,False,264
2024-05-17,S4,P1,S4_P1,137,4,False,140
2024-05-18,S4,P1,S4_P1,138,5,False,112
2024-05-19,S4,P1,S4_P1,139,6,False,261
2024-05-20,S4,P1,S4_P1,140,0,False,204
2024-05-21,S4,P1,S4_P1,141,1,False,79
2024-05-22,S4,P1,S4_P1,142,2,True,272
2024-05-23,S4,P1,S4_P1,143,3,False,236
2024-05-24,S4,P1,S4_P1,144,4,False,175
2024-05-25,S4,P1,S4_P1,145,5,False,459
2024-05-26,S4,P1,S4_P1,146,6,False,257
2024-05-27,S4,P1,S4_P1,147,0,False,276
2024-05-28,S4,P1,S4_P1,148,1,False,217
2024-05-29,S4,P1,S4_P1,149,2,False,176
2024-05-30,S4,P1,S4_P1,150,3,False,130
2024-05-31,S4,P1,S4_P1,151,4,False,274
2024-06-01,S4,P1,S4_P1,152,5,True,471
2024-06-02,S4,P1,S4_P1,153,6,False,346
2024-06-03,S4,P1,S4_P1,154,0,False,108
2024-06-04,S4,P1,S4_P1,155,1,False,160
2024-06-05,S4,P1,S4_P1,156,2,False,192
2024-06-06,S4,P1,S4_P1,157,3,False,187
2024-06-07,S4,P1,S4_P1,158,4,False,163
2024-06-08,S4,P1,S4_P1,159,5,False,324
2024-06-09,S4,P1,S4_P1,160,6,False,289
2024-06-10,S4,P1,S4_P1,161,0,False,131
2024-06-11,S4,P1,S4_P1,162,1,False,269
2024-06-12,S4,P1,S4_P1,163,2,False,162
2024-06-13,S4,P1,S4_P1,164,3,False,246
2024-06-14,S4,P1,S4_P1,165,4,False,272
2024-06-15,S4,P1,S4_P1,166,5,False,251
2024-06-16,S4,P1,S4_P1,167,6,True,472
2024-06-17,S4,P1,S4_P1,168,0,False,270
2024-06-18,S4,P1,S4_P1,169,1,False,314
2024-06-19,S4,P1,S4_P1,170,2,False,134
2024-06-20,S4,P1,S4_P1,171,3,False,180
2024-06-21,S4,P1,S4_P1,172,4,False,189
2024-06-22,S4,P1,S4_P1,173,5,False,179
2024-06-23,S4,P1,S4_P1,174,6,False,224
2024-06-24,S4,P1,S4_P1,175,0,True,166
2024-06-25,S4,P1,S4_P1,176,1,False,141
2024-06-26,S4,P1,S4_P1,177,2,False,100
2024-06-27,S4,P1,S4_P1,178,3,False,206
2024-06-28,S4,P1,S4_P1,179,4,False,384
2024-06-29,S4,P1,S4_P1,180,5,False,219
2024-06-30,S4,P1,S4_P1,181,6,False,196
2024-07-01,S4,P1,S4_P1,182,0,False,346
2024-07-02,S4,P1,S4_P1,183,1,False,196
2024-07-03,S4,P1,S4_P1,184,2,False,106
2024-07-04,S4,P1,S4_P1,185,3,False,159
2024-07-05,S4,P1,S4_P1,186,4,False,110
2024-07-06,S4,P1,S4_P1,187,5,False,363
2024-07-07,S4,P1,S4_P1,188,6,False,229
2024-07-08,S4,P1,S4_P1,189,0,False,166
2024-07-09,S4,P1,S4_P1,190,1,False,213
2024-07-10,S4,P1,S4_P1,191,2,False,203
2024-07-11,S4,P1,S4_P1,192,3,False,150
2024-07-12,S4,P1,S4_P1,193,4,False,228
2024-07-13,S4,P1,S4_P1,194,5,False,266
2024-07-14,S4,P1,S4_P1,195,6,False,192
2024-07-15,S4,P1,S4_P1,196,0,False,171
2024-07-16,S4,P1,S4_P1,197,1,False,209
2024-07-17,S4,P1,S4_P1,198,2,True,337
2024-07-18,S4,P1,S4_P1,199,3,False,229
2024-07-19,S4,P1,S4_P1,200,4,False,194
2024-07-20,S4,P1,S4_P1,201,5,False,266
2024-07-21,S4,P1,S4_P1,202,6,False,108
2024-07-22,S4,P1,S4_P1,203,0,False,102
2024-07-23,S4,P1,S4_P1,204,1,False,212
2024-07-24,S4,P1,S4_P1,205,2,False,167
2024-07-25,S4,P1,S4_P1,206,3,False,279
2024-07-26,S4,P1,S4_P1,207,4,False,279
2024-07-27,S4,P1,S4_P1,208,5,False,379
2024-07-28,S4,P1,S4_P1,209,6,False,305
2024-07-29,S4,P1,S4_P1,210,0,False,151
2024-07-30,S4,P1,S4_P1,211,1,False,155
2024-07-31,S4,P1,S4_P1,212,2,False,134
2024-08-01,S4,P1,S4_P1,213,3,False,157
2024-08-02,S4,P1,S4_P1,214,4,False,186
2024-08-03,S4,P1,S4_P1,215,5,False,556
2024-08-04,S4,P1,S4_P1,216,6,False,163
2024-08-05,S4,P1,S4_P1,217,0,False,190
2024-08-06,S4,P1,S4_P1,218,1,False,234
2024-08-07,S4,P1,S4_P1,219,2,True,230
2024-08-08,S4,P1,S4_P1,220,3,False,326
2024-08-09,S4,P1,S4_P1,221,4,False,201
2024-08-10,S4,P1,S4_P1,222,5,False,284
2024-08-11,S4,P1,S4_P1,223,6,False,281
2024-08-12,S4,P1,S4_P1,224,0,False,205
2024-08-13,S4,P1,S4_P1,225,1,False,183
2024-08-14,S4,P1,S4_P1,226,2,True,396
2024-08-15,S4,P1,S4_P1,227,3,False,217
2024-08-16,S4,P1,S4_P1,228,4,False,161
2024-08-17,S4,P1,S4_P1,229,5,True,314
2024-08-18,S4,P1,S4_P1,230,6,False,320
2024-08-19,S4,P1,S4_P1,231,0,False,270
2024-08-20,S4,P1,S4_P1,232,1,False,185
2024-08-21,S4,P1,S4_P1,233,2,False,167
2024-08-22,S4,P1,S4_P1,234,3,True,336
2024-08-23,S4,P1,S4_P1,235,4,False,195
2024-08-24,S4,P1,S4_P1,236,5,False,203
2024-08-25,S4,P1,S4_P1,237,6,False,266
2024-08-26,S4,P1,S4_P1,238,0,False,151
2024-08-27,S4,P1,S4_P1,239,1,False,258
2024-08-28,S4,P1,S4_P1,240,2,False,115
2024-08-29,S4,P1,S4_P1,241,3,False,230
2024-08-30,S4,P1,S4_P1,242,4,False,137
2024-08-31,S4,P1,S4_P1,243,5,True,764
2024-09-01,S4,P1,S4_P1,244,6,False,315
2024-09-02,S4,P1,S4_P1,245,0,False,188
2024-09-03,S4,P1,S4_P1,246,1,False,96
2024-09-04,S4,P1,S4_P1,247,2,False,265
2024-09-05,S4,P1,S4_P1,248,3,False,220
2024-09-06,S4,P1,S4_P1,249,4,False,356
2024-09-07,S4,P1,S4_P1,250,5,False,369
2024-09-08,S4,P1,S4_P1,251,6,False,169
2024-09-09,S4,P1,S4_P1,252,0,False,232
2024-09-10,S4,P1,S4_P1,253,1,False,210
2024-09-11,S4,P1,S4_P1,254,2,False,154
2024-09-12,S4,P1,S4_P1,255,3,False,118
2024-09-13,S4,P1,S4_P1,256,4,True,294
2024-09-14,S4,P1,S4_P1,257,5,False,353
2024-09-15,S4,P1,S4_P1,258,6,False,150
2024-09-16,S4,P1,S4_P1,259,0,False,126
2024-09-17,S4,P1,S4_P1,260,1,False,270
2024-09-18,S4,P1,S4_P1,261,2,False,206
2024-09-19,S4,P1,S4_P1,262,3,False,152
2024-09-20,S4,P1,S4_P1,263,4,False,229
2024-09-21,S4,P1,S4_P1,264,5,False,304
2024-09-22,S4,P1,S4_P1,265,6,False,188
2024-09-23,S4,P1,S4_P1,266,0,False,151
2024-09-24,S4,P1,S4_P1,267,1,False,248
2024-09-25,S4,P1,S4_P1,268,2,False,486
2024-09-26,S4,P1,S4_P1,269,3,False,198
2024-09-27,S4,P1,S4_P1,270,4,False,148
2024-09-28,S4,P1,S4_P1,271,5,False,178
2024-09-29,S4,P1,S4_P1,272,6,False,166
2024-09-30,S4,P1,S4_P1,273,0,False,183
2024-10-01,S4,P1,S4_P1,274,1,False,157
2024-10-02,S4,P1,S4_P1,275,2,False,106
2024-10-03,S4,P1,S4_P1,276,3,False,108
2024-10-04,S4,P1,S4_P1,277,4,False,309
2024-10-05,S4,P1,S4_P1,278,5,False,253
2024-10-06,S4,P1,S4_P1,279,6,True,210
2024-10-07,S4,P1,S4_P1,280,0,False,64
2024-10-08,S4,P1,S4_P1,281,1,False,219
2024-10-09,S4,P1,S4_P1,282,2,False,277
2024-10-10,S4,P1,S4_P1,283,3,False,278
2024-10-11,S4,P1,S4_P1,284,4,False,251
2024-10-12,S4,P1,S4_P1,285,5,False,393
2024-10-13,S4,P1,S4_P1,286,6,False,410
2024-10-14,S4,P1,S4_P1,287,0,False,187
2024-10-15,S4,P1,S4_P1,288,1,False,147
2024-10-16,S4,P1,S4_P1,289,2,False,166
2024-10-17,S4,P1,S4_P1,290,3,False,266
2024-10-18,S4,P1,S4_P1,291,4,False,379
2024-10-19,S4,P1,S4_P1,292,5,False,171
2024-10-20,S4,P1,S4_P1,293,6,False,410
2024-10-21,S4,P1,S4_P1,294,0,False,155
2024-10-22,S4,P1,S4_P1,295,1,False,211
2024-10-23,S4,P1,S4_P1,296,2,True,289
2024-10-24,S4,P1,S4_P1,297,3,False,193
2024-10-25,S4,P1,S4_P1,298,4,True,602
2024-10-26,S4,P1,S4_P1,299,5,False,167
2024-10-27,S4,P1,S4_P1,300,6,False,252
2024-10-28,S4,P1,S4_P1,301,0,False,225
2024-10-29,S4,P1,S4_P1,302,1,False,201
2024-10-30,S4,P1,S4_P1,303,2,False,144
2024-10-31,S4,P1,S4_P1,304,3,False,346
2024-11-01,S4,P1,S4_P1,305,4,False,389
2024-11-02,S4,P1,S4_P1,306,5,False,397
2024-11-03,S4,P1,S4_P1,307,6,False,135
2024-11-04,S4,P1,S4_P1,308,0,False,110
2024-11-05,S4,P1,S4_P1,309,1,False,186
2024-11-06,S4,P1,S4_P1,310,2,False,291
2024-11-07,S4,P1,S4_P1,311,3,False,134
2024-11-08,S4,P1,S4_P1,312,4,False,106
2024-11-09,S4,P1,S4_P1,313,5,False,258
2024-11-10,S4,P1,S4_P1,314,6,False,305
2024-11-11,S4,P1,S4_P1,315,0,False,180
2024-11-12,S4,P1,S4_P1,316,1,False,165
2024-11-13,S4,P1,S4_P1,317,2,False,222
2024-11-14,S4,P1,S4_P1,318,3,False,237
2024-11-15,S4,P1,S4_P1,319,4,False,233
2024-11-16,S4,P1,S4_P1,320,5,False,340
2024-11-17,S4,P1,S4_P1,321,6,False,328
2024-11-18,S4,P1,S4_P1,322,0,True,315
2024-11-19,S4,P1,S4_P1,323,1,False,159
2024-11-20,S4,P1,S4_P1,324,2,False,294
2024-11-21,S4,P1,S4_P1,325,3,False,226
2024-11-22,S4,P1,S4_P1,326,4,False,139
2024-11-23,S4,P1,S4_P1,327,5,False,226
2024-11-24,S4,P1,S4_P1,328,6,False,384
2024-11-25,S4,P1,S4_P1,329,0,False,166
2024-11-26,S4,P1,S4_P1,330,1,False,171
2024-11-27,S4,P1,S4_P1,331,2,False,308
2024-11-28,S4,P1,S4_P1,332,3,False,134
2024-11-29,S4,P1,S4_P1,333,4,False,190
2024-11-30,S4,P1,S4_P1,334,5,False,258
2024-12-01,S4,P1,S4_P1,335,6,False,452
2024-12-02,S4,P1,S4_P1,336,0,True,379
2024-12-03,S4,P1,S4_P1,337,1,False,205
2024-12-04,S4,P1,S4_P1,338,2,False,451
2024-12-05,S4,P1,S4_P1,339,3,True,516
2024-12-06,S4,P1,S4_P1,340,4,False,437
2024-12-07,S4,P1,S4_P1,341,5,False,459
2024-12-08,S4,P1,S4_P1,342,6,False,229
2024-12-09,S4,P1,S4_P1,343,0,False,226
2024-12-10,S4,P1,S4_P1,344,1,False,152
2024-12-11,S4,P1,S4_P1,345,2,False,160
2024-12-12,S4,P1,S4_P1,346,3,False,231
2024-12-13,S4,P1,S4_P1,347,4,False,263
2024-12-14,S4,P1,S4_P1,348,5,False,271
2024-12-15,S4,P1,S4_P1,349,6,False,284
2024-12-16,S4,P1,S4_P1,350,0,False,117
2024-12-17,S4,P1,S4_P1,351,1,False,146
2024-12-18,S4,P1,S4_P1,352,2,False,184
2024-12-19,S4,P1,S4_P1,353,3,False,220
2024-12-20,S4,P1,S4_P1,354,4,False,346
2024-12-21,S4,P1,S4_P1,355,5,True,603
2024-12-22,S4,P1,S4_P1,356,6,False,247
2024-12-23,S4,P1,S4_P1,357,0,False,223
2024-12-24,S4,P1,S4_P1,358,1,False,254
2024-12-25,S4,P1,S4_P1,359,2,False,185
2024-12-26,S4,P1,S4_P1,360,3,False,114
2024-12-27,S4,P1,S4_P1,361,4,False,187
2024-12-28,S4,P1,S4_P1,362,5,False,290
2024-12-29,S4,P1,S4_P1,363,6,True,640
2024-12-30,S4,P1,S4_P1,364,0,False,136
2024-12-31,S4,P1,S4_P1,365,1,True,284
2025-01-01,S4,P1,S4_P1,366,2,False,116
2025-01-02,S4,P1,S4_P1,367,3,False,174
2025-01-03,S4,P1,S4_P1,368,4,False,221
2025-01-04,S4,P1,S4_P1,369,5,False,262
2025-01-05,S4,P1,S4_P1,370,6,False,362
2025-01-06,S4,P1,S4_P1,371,0,False,233
2025-01-07,S4,P1,S4_P1,372,1,False,127
2025-01-08,S4,P1,S4_P1,373,2,False,290
2025-01-09,S4,P1,S4_P1,374,3,False,257
2025-01-10,S4,P1,S4_P1,375,4,False,168
2025-01-11,S4,P1,S4_P1,376,5,False,295
2025-01-12,S4,P1,S4_P1,377,6,False,135
2025-01-13,S4,P1,S4_P1,378,0,False,270
2025-01-14,S4,P1,S4_P1,379,1,True,247
2025-01-15,S4,P1,S4_P1,380,2,True,250
2025-01-16,S4,P1,S4_P1,381,3,False,194
2025-01-17,S4,P1,S4_P1,382,4,False,265
2025-01-18,S4,P1,S4_P1,383,5,False,253
2025-01-19,S4,P1,S4_P1,384,6,False,362
2025-01-20,S4,P1,S4_P1,385,0,False,282
2025-01-21,S4,P1,S4_P1,386,1,False,288
2025-01-22,S4,P1,S4_P1,387,2,False,168
2025-01-23,S4,P1,S4_P1,388,3,False,309
2025-01-24,S4,P1,S4_P1,389,4,False,380
2025-01-25,S4,P1,S4_P1,390,5,False,238
2025-01-26,S4,P1,S4_P1,391,6,False,230
2025-01-27,S4,P1,S4_P1,392,0,False,177
2025-01-28,S4,P1,S4_P1,393,1,False,110
2025-01-29,S4,P1,S4_P1,394,2,True,422
2025-01-30,S4,P1,S4_P1,395,3,False,379
2025-01-31,S4,P1,S4_P1,396,4,False,277
2025-02-01,S4,P1,S4_P1,397,5,False,220
2025-02-02,S4,P1,S4_P1,398,6,False,431
2025-02-03,S4,P1,S4_P1,399,0,False,113
2025-02-04,S4,P1,S4_P1,400,1,False,112
2025-02-05,S4,P1,S4_P1,401,2,False,93
2025-02-06,S4,P1,S4_P1,402,3,False,262
2025-02-07,S4,P1,S4_P1,403,4,False,190
2025-02-08,S4,P1,S4_P1,404,5,False,514
2025-02-09,S4,P1,S4_P1,405,6,False,340
2025-02-10,S4,P1,S4_P1,406,0,False,222
2025-02-11,S4,P1,S4_P1,407,1,False,61
2025-02-12,S4,P1,S4_P1,408,2,False,80
2025-02-13,S4,P1,S4_P1,409,3,False,159
2025-02-14,S4,P1,S4_P1,410,4,False,211
2025-02-15,S4,P1,S4_P1,411,5,False,339
2025-02-16,S4,P1,S4_P1,412,6,False,199
2025-02-17,S4,P1,S4_P1,413,0,False,248
2025-02-18,S4,P1,S4_P1,414,1,False,145
2025-02-19,S4,P1,S4_P1,415,2,False,284
2025-02-20,S4,P1,S4_P1,416,3,False,207
2025-02-21,S4,P1,S4_P1,417,4,False,185
2025-02-22,S4,P1,S4_P1,418,5,False,441
2025-02-23,S4,P1,S4_P1,419,6,False,260
2025-02-24,S4,P1,S4_P1,420,0,False,292
2025-02-25,S4,P1,S4_P1,421,1,False,167
2025-02-26,S4,P1,S4_P1,422,2,False,176
2025-02-27,S4,P1,S4_P1,423,3,False,158
2025-02-28,S4,P1,S4_P1,424,4,False,206
2025-03-01,S4,P1,S4_P1,425,5,False,329
2025-03-02,S4,P1,S4_P1,426,6,False,297
2025-03-03,S4,P1,S4_P1,427,0,True,265
2025-03-04,S4,P1,S4_P1,428,1,False,187
2025-03-05,S4,P1,S4_P1,429,2,False,405
2025-03-06,S4,P1,S4_P1,430,3,False,187
2025-03-07,S4,P1,S4_P1,431,4,True,599
2025-03-08,S4,P1,S4_P1,432,5,False,247
2025-03-09,S4,P1,S4_P1,433,6,False,306
2025-03-10,S4,P1,S4_P1,434,0,True,425
2025-03-11,S4,P1,S4_P1,435,1,False,279
2025-03-12,S4,P1,S4_P1,436,2,False,206
2025-03-13,S4,P1,S4_P1,437,3,False,239
2025-03-14,S4,P1,S4_P1,438,4,True,279
2025-03-15,S4,P1,S4_P1,439,5,False,215
2025-03-16,S4,P1,S4_P1,440,6,False,270
2025-03-17,S4,P1,S4_P1,441,0,False,111
2025-03-18,S4,P1,S4_P1,442,1,False,208
2025-03-19,S4,P1,S4_P1,443,2,False,243
2025-03-20,S4,P1,S4_P1,444,3,False,173
2025-03-21,S4,P1,S4_P1,445,4,False,551
2025-03-22,S4,P1,S4_P1,446,5,False,326
2025-03-23,S4,P1,S4_P1,447,6,False,177
2025-03-24,S4,P1,S4_P1,448,0,True,273
2025-03-25,S4,P1,S4_P1,449,1,False,219
2025-03-26,S4,P1,S4_P1,450,2,False,76
2025-03-27,S4,P1,S4_P1,451,3,False,125
2025-03-28,S4,P1,S4_P1,452,4,True,557
2025-03-29,S4,P1,S4_P1,453,5,False,208
2025-03-30,S4,P1,S4_P1,454,6,False,242
2025-03-31,S4,P1,S4_P1,455,0,False,249
2025-04-01,S4,P1,S4_P1,456,1,False,296
2025-04-02,S4,P1,S4_P1,457,2,False,116
2025-04-03,S4,P1,S4_P1,458,3,False,135
2025-04-04,S4,P1,S4_P1,459,4,False,262
2025-04-05,S4,P1,S4_P1,460,5,False,270
2025-04-06,S4,P1,S4_P1,461,6,False,127
2025-04-07,S4,P1,S4_P1,462,0,False,203
2025-04-08,S4,P1,S4_P1,463,1,False,79
2025-04-09,S4,P1,S4_P1,464,2,False,103
2025-04-10,S4,P1,S4_P1,465,3,False,332
2025-04-11,S4,P1,S4_P1,466,4,False,298
2025-04-12,S4,P1,S4_P1,467,5,False,233
2025-04-13,S4,P1,S4_P1,468,6,False,158
2025-04-14,S4,P1,S4_P1,469,0,False,147
2025-04-15,S4,P1,S4_P1,470,1,False,213
2025-04-16,S4,P1,S4_P1,471,2,False,312
2025-04-17,S4,P1,S4_P1,472,3,False,226
2025-04-18,S4,P1,S4_P1,473,4,True,428
2025-04-19,S4,P1,S4_P1,474,5,False,171
2025-04-20,S4,P1,S4_P1,475,6,False,256
2025-04-21,S4,P1,S4_P1,476,0,False,145
2025-04-22,S4,P1,S4_P1,477,1,False,255
2025-04-23,S4,P1,S4_P1,478,2,False,155
2025-04-24,S4,P1,S4_P1,479,3,False,236
2025-04-25,S4,P1,S4_P1,480,4,True,640
2025-04-26,S4,P1,S4_P1,481,5,False,366
2025-04-27,S4,P1,S4_P1,482,6,False,198
2025-04-28,S4,P1,S4_P1,483,0,False,61
2025-04-29,S4,P1,S4_P1,484,1,False,218
2025-04-30,S4,P1,S4_P1,485,2,False,194
2025-05-01,S4,P1,S4_P1,486,3,False,130
2025-05-02,S4,P1,S4_P1,487,4,False,148
2025-05-03,S4,P1,S4_P1,488,5,False,398
2025-05-04,S4,P1,S4_P1,489,6,False,328
2025-05-05,S4,P1,S4_P1,490,0,False,73
2025-05-06,S4,P1,S4_P1,491,1,False,108
2025-05-07,S4,P1,S4_P1,492,2,False,222
2025-05-08,S4,P1,S4_P1,493,3,False,314
2025-05-09,S4,P1,S4_P1,494,4,False,224
2025-05-10,S4,P1,S4_P1,495,5,True,152
2025-05-11,S4,P1,S4_P1,496,6,False,245
2025-05-12,S4,P1,S4_P1,497,0,True,373
2025-05-13,S4,P1,S4_P1,498,1,False,281
2025-05-14,S4,P1,S4_P1,499,2,False,279
2025-05-15,S4,P1,S4_P1,500,3,False,227
2025-05-16,S4,P1,S4_P1,501,4,True,437
2025-05-17,S4,P1,S4_P1,502,5,False,209
2025-05-18,S4,P1,S4_P1,503,6,False,347
2025-05-19,S4,P1,S4_P1,504,0,False,238
2025-05-20,S4,P1,S4_P1,505,1,False,72
2025-05-21,S4,P1,S4_P1,506,2,False,149
2025-05-22,S4,P1,S4_P1,507,3,False,99
2025-05-23,S4,P1,S4_P1,508,4,False,227
2025-05-24,S4,P1,S4_P1,509,5,False,215
2025-05-25,S4,P1,S4_P1,510,6,False,158
2025-05-26,S4,P1,S4_P1,511,0,False,75
2025-05-27,S4,P1,S4_P1,512,1,False,242
2025-05-28,S4,P1,S4_P1,513,2,False,196
2025-05-29,S4,P1,S4_P1,514,3,False,267
2025-05-30,S4,P1,S4_P1,515,4,False,315
2025-05-31,S4,P1,S4_P1,516,5,False,210
2025-06-01,S4,P1,S4_P1,517,6,False,308
2025-06-02,S4,P1,S4_P1,518,0,False,275
2025-06-03,S4,P1,S4_P1,519,1,False,94
2025-06-04,S4,P1,S4_P1,520,2,False,233
2025-06-05,S4,P1,S4_P1,521,3,False,403
2025-06-06,S4,P1,S4_P1,522,4,False,94
2025-06-07,S4,P1,S4_P1,523,5,False,419
2025-06-08,S4,P1,S4_P1,524,6,False,300
2025-06-09,S4,P1,S4_P1,525,0,False,225
2025-06-10,S4,P1,S4_P1,526,1,False,71
2025-06-11,S4,P1,S4_P1,527,2,False,337
2025-06-12,S4,P1,S4_P1,528,3,False,322
2025-06-13,S4,P1,S4_P1,529,4,False,350
2025-06-14,S4,P1,S4_P1,530,5,False,594
2025-06-15,S4,P1,S4_P1,531,6,False,320
2025-06-16,S4,P1,S4_P1,532,0,False,253
2025-06-17,S4,P1,S4_P1,533,1,False,160
2025-06-18,S4,P1,S4_P1,534,2,False,93
2025-06-19,S4,P1,S4_P1,535,3,False,156
2025-06-20,S4,P1,S4_P1,536,4,False,219
2025-06-21,S4,P1,S4_P1,537,5,True,755
2025-06-22,S4,P1,S4_P1,538,6,False,146
2025-06-23,S4,P1,S4_P1,539,0,False,327
2025-06-24,S4,P1,S4_P1,540,1,False,257
2025-06-25,S4,P1,S4_P1,541,2,False,325
2025-06-26,S4,P1,S4_P1,542,3,False,148
2025-06-27,S4,P1,S4_P1,543,4,False,146
2025-06-28,S4,P1,S4_P1,544,5,False,317
2025-06-29,S4,P1,S4_P1,545,6,False,304
2025-06-30,S4,P1,S4_P1,546,0,False,197
2025-07-01,S4,P1,S4_P1,547,1,False,165
2025-07-02,S4,P1,S4_P1,548,2,False,248
2025-07-03,S4,P1,S4_P1,549,3,False,108
2025-07-04,S4,P1,S4_P1,550,4,False,281
2025-07-05,S4,P1,S4_P1,551,5,False,189
2025-07-06,S4,P1,S4_P1,552,6,False,214
2025-07-07,S4,P1,S4_P1,553,0,False,222
2025-07-08,S4,P1,S4_P1,554,1,False,101
2025-07-09,S4,P1,S4_P1,555,2,False,235
2025-07-10,S4,P1,S4_P1,556,3,False,316
2025-07-11,S4,P1,S4_P1,557,4,False,143
2025-07-12,S4,P1,S4_P1,558,5,True,410
2025-07-13,S4,P1,S4_P1,559,6,False,238
2025-07-14,S4,P1,S4_P1,560,0,False,92
2025-07-15,S4,P1,S4_P1,561,1,False,217
2025-07-16,S4,P1,S4_P1,562,2,False,210
2025-07-17,S4,P1,S4_P1,563,3,False,220
2025-07-18,S4,P1,S4_P1,564,4,False,245
2025-07-19,S4,P1,S4_P1,565,5,False,388
2025-07-20,S4,P1,S4_P1,566,6,False,302
2025-07-21,S4,P1,S4_P1,567,0,False,182
2025-07-22,S4,P1,S4_P1,568,1,False,227
2025-07-23,S4,P1,S4_P1,569,2,False,243
2025-07-24,S4,P1,S4_P1,570,3,False,360
2025-07-25,S4,P1,S4_P1,571,4,False,371
2025-07-26,S4,P1,S4_P1,572,5,False,221
2025-07-27,S4,P1,S4_P1,573,6,False,169
2025-07-28,S4,P1,S4_P1,574,0,False,83
2025-07-29,S4,P1,S4_P1,575,1,False,253
2025-07-30,S4,P1,S4_P1,576,2,False,199
2025-07-31,S4,P1,S4_P1,577,3,False,182
2025-08-01,S4,P1,S4_P1,578,4,False,212
2025-08-02,S4,P1,S4_P1,579,5,False,358
2025-08-03,S4,P1,S4_P1,580,6,False,320
2025-08-04,S4,P1,S4_P1,581,0,False,220
2025-08-05,S4,P1,S4_P1,582,1,False,167
2025-08-06,S4,P1,S4_P1,583,2,False,174
2025-08-07,S4,P1,S4_P1,584,3,False,160
2025-08-08,S4,P1,S4_P1,585,4,False,211
2025-08-09,S4,P1,S4_P1,586,5,False,346
2025-08-10,S4,P1,S4_P1,587,6,False,389
2025-08-11,S4,P1,S4_P1,588,0,True,444
2025-08-12,S4,P1,S4_P1,589,1,True,459
2025-08-13,S4,P1,S4_P1,590,2,False,328
2025-08-14,S4,P1,S4_P1,591,3,False,134
2025-08-15,S4,P1,S4_P1,592,4,False,260
2025-08-16,S4,P1,S4_P1,593,5,False,363
2025-08-17,S4,P1,S4_P1,594,6,False,246
2025-08-18,S4,P1,S4_P1,595,0,False,265
2025-08-19,S4,P1,S4_P1,596,1,False,266
2025-08-20,S4,P1,S4_P1,597,2,True,233
2025-08-21,S4,P1,S4_P1,598,3,False,202
2025-08-22,S4,P1,S4_P1,599,4,False,463
2025-08-23,S4,P1,S4_P1,600,5,False,260
2025-08-24,S4,P1,S4_P1,601,6,False,150
2025-08-25,S4,P1,S4_P1,602,0,False,234
2025-08-26,S4,P1,S4_P1,603,1,False,298
2025-08-27,S4,P1,S4_P1,604,2,False,70
2025-08-28,S4,P1,S4_P1,605,3,False,162
2025-08-29,S4,P1,S4_P1,606,4,False,143
2025-08-30,S4,P1,S4_P1,607,5,False,485
2025-08-31,S4,P1,S4_P1,608,6,False,163
2025-09-01,S4,P1,S4_P1,609,0,False,112
2025-09-02,S4,P1,S4_P1,610,1,False,294
2025-09-03,S4,P1,S4_P1,611,2,False,176
2025-09-04,S4,P1,S4_P1,612,3,False,236
2025-09-05,S4,P1,S4_P1,613,4,True,285
2025-09-06,S4,P1,S4_P1,614,5,False,534
2025-09-07,S4,P1,S4_P1,615,6,False,293
2025-09-08,S4,P1,S4_P1,616,0,False,274
2025-09-09,S4,P1,S4_P1,617,1,False,226
2025-09-10,S4,P1,S4_P1,618,2,False,201
2025-09-11,S4,P1,S4_P1,619,3,False,166
2025-09-12,S4,P1,S4_P1,620,4,False,315
2025-09-13,S4,P1,S4_P1,621,5,False,383
2025-09-14,S4,P1,S4_P1,622,6,False,244
2025-09-15,S4,P1,S4_P1,623,0,False,162
2025-09-16,S4,P1,S4_P1,624,1,False,243
2025-09-17,S4,P1,S4_P1,625,2,False,176
2025-09-18,S4,P1,S4_P1,626,3,False,329
2025-09-19,S4,P1,S4_P1,627,4,False,597
2025-09-20,S4,P1,S4_P1,628,5,True,425
2025-09-21,S4,P1,S4_P1,629,6,False,210
2025-09-22,S4,P1,S4_P1,630,0,False,150
2025-09-23,S4,P1,S4_P1,631,1,False,138
2025-09-24,S4,P1,S4_P1,632,2,False,262
2025-09-25,S4,P1,S4_P1,633,3,False,274
2025-09-26,S4,P1,S4_P1,634,4,False,310
2025-09-27,S4,P1,S4_P1,635,5,False,438
2025-09-28,S4,P1,S4_P1,636,6,False,335
2025-09-29,S4,P1,S4_P1,637,0,False,189
2025-09-30,S4,P1,S4_P1,638,1,False,297
2025-10-01,S4,P1,S4_P1,639,2,False,289
2025-10-02,S4,P1,S4_P1,640,3,False,364
2025-10-03,S4,P1,S4_P1,641,4,False,203
2025-10-04,S4,P1,S4_P1,642,5,False,130
2025-10-05,S4,P1,S4_P1,643,6,False,334
2025-10-06,S4,P1,S4_P1,644,0,False,139
2025-10-07,S4,P1,S4_P1,645,1,False,143
2025-10-08,S4,P1,S4_P1,646,2,False,249
2025-10-09,S4,P1,S4_P1,647,3,False,221
2025-10-10,S4,P1,S4_P1,648,4,False,234
2025-10-11,S4,P1,S4_P1,649,5,False,408
2025-10-12,S4,P1,S4_P1,650,6,False,268
2025-10-13,S4,P1,S4_P1,651,0,False,180
2025-10-14,S4,P1,S4_P1,652,1,True,426
2025-10-15,S4,P1,S4_P1,653,2,False,140
2025-10-16,S4,P1,S4_P1,654,3,False,223
2025-10-17,S4,P1,S4_P1,655,4,False,380
2025-10-18,S4,P1,S4_P1,656,5,False,185
2025-10-19,S4,P1,S4_P1,657,6,False,407
2025-10-20,S4,P1,S4_P1,658,0,True,275
2025-10-21,S4,P1,S4_P1,659,1,False,165
2025-10-22,S4,P1,S4_P1,660,2,False,219
2025-10-23,S4,P1,S4_P1,661,3,False,257
2025-10-24,S4,P1,S4_P1,662,4,False,173
2025-10-25,S4,P1,S4_P1,663,5,False,377
2025-10-26,S4,P1,S4_P1,664,6,True,374
2025-10-27,S4,P1,S4_P1,665,0,False,295
2025-10-28,S4,P1,S4_P1,666,1,False,336
2025-10-29,S4,P1,S4_P1,667,2,False,256
2025-10-30,S4,P1,S4_P1,668,3,False,242
2025-10-31,S4,P1,S4_P1,669,4,False,446
2025-11-01,S4,P1,S4_P1,670,5,False,522
2025-11-02,S4,P1,S4_P1,671,6,False,138
2025-11-03,S4,P1,S4_P1,672,0,False,209
2025-11-04,S4,P1,S4_P1,673,1,False,191
2025-11-05,S4,P1,S4_P1,674,2,False,133
2025-11-06,S4,P1,S4_P1,675,3,True,243
2025-11-07,S4,P1,S4_P1,676,4,False,228
2025-11-08,S4,P1,S4_P1,677,5,False,257
2025-11-09,S4,P1,S4_P1,678,6,False,252
2025-11-10,S4,P1,S4_P1,679,0,False,138
2025-11-11,S4,P1,S4_P1,680,1,False,228
2025-11-12,S4,P1,S4_P1,681,2,False,111
2025-11-13,S4,P1,S4_P1,682,3,False,247
2025-11-14,S4,P1,S4_P1,683,4,False,126
2025-11-15,S4,P1,S4_P1,684,5,False,207
2025-11-16,S4,P1,S4_P1,685,6,False,553
2025-11-17,S4,P1,S4_P1,686,0,False,173
2025-11-18,S4,P1,S4_P1,687,1,False,173
2025-11-19,S4,P1,S4_P1,688,2,False,238
2025-11-20,S4,P1,S4_P1,689,3,False,190
2025-11-21,S4,P1,S4_P1,690,4,False,160
2025-11-22,S4,P1,S4_P1,691,5,False,385
2025-11-23,S4,P1,S4_P1,692,6,False,241
2025-11-24,S4,P1,S4_P1,693,0,False,215
2025-11-25,S4,P1,S4_P1,694,1,False,125
2025-11-26,S4,P1,S4_P1,695,2,False,320
2025-11-27,S4,P1,S4_P1,696,3,False,336
2025-11-28,S4,P1,S4_P1,697,4,False,225
2025-11-29,S4,P1,S4_P1,698,5,False,423
2025-11-30,S4,P1,S4_P1,699,6,False,275
2024-01-01,S4,P2,S4_P2,0,0,False,96
2024-01-02,S4,P2,S4_P2,1,1,False,122
2024-01-03,S4,P2,S4_P2,2,2,False,67
2024-01-04,S4,P2,S4_P2,3,3,False,69
2024-01-05,S4,P2,S4_P2,4,4,False,140
2024-01-06,S4,P2,S4_P2,5,5,False,168
2024-01-07,S4,P2,S4_P2,6,6,False,230
2024-01-08,S4,P2,S4_P2,7,0,False,126
2024-01-09,S4,P2,S4_P2,8,1,False,91
2024-01-10,S4,P2,S4_P2,9,2,False,148
2024-01-11,S4,P2,S4_P2,10,3,False,188
2024-01-12,S4,P2,S4_P2,11,4,False,162
2024-01-13,S4,P2,S4_P2,12,5,False,103
2024-01-14,S4,P2,S4_P2,13,6,False,182
2024-01-15,S4,P2,S4_P2,14,0,False,158
2024-01-16,S4,P2,S4_P2,15,1,False,122
2024-01-17,S4,P2,S4_P2,16,2,False,88
2024-01-18,S4,P2,S4_P2,17,3,False,108
2024-01-19,S4,P2,S4_P2,18,4,False,188
2024-01-20,S4,P2,S4_P2,19,5,False,152
2024-01-21,S4,P2,S4_P2,20,6,True,252
2024-01-22,S4,P2,S4_P2,21,0,False,168
2024-01-23,S4,P2,S4_P2,22,1,False,88
2024-01-24,S4,P2,S4_P2,23,2,False,126
2024-01-25,S4,P2,S4_P2,24,3,False,83
2024-01-26,S4,P2,S4_P2,25,4,False,79
2024-01-27,S4,P2,S4_P2,26,5,False,304
2024-01-28,S4,P2,S4_P2,27,6,True,201
2024-01-29,S4,P2,S4_P2,28,0,False,58
2024-01-30,S4,P2,S4_P2,29,1,False,94
2024-01-31,S4,P2,S4_P2,30,2,False,139
2024-02-01,S4,P2,S4_P2,31,3,False,158
2024-02-02,S4,P2,S4_P2,32,4,False,305
2024-02-03,S4,P2,S4_P2,33,5,False,199
2024-02-04,S4,P2,S4_P2,34,6,False,183
2024-02-05,S4,P2,S4_P2,35,0,False,66
2024-02-06,S4,P2,S4_P2,36,1,False,118
2024-02-07,S4,P2,S4_P2,37,2,False,107
2024-02-08,S4,P2,S4_P2,38,3,False,81
2024-02-09,S4,P2,S4_P2,39,4,False,88
2024-02-10,S4,P2,S4_P2,40,5,False,232
2024-02-11,S4,P2,S4_P2,41,6,False,300
2024-02-12,S4,P2,S4_P2,42,0,True,271
2024-02-13,S4,P2,S4_P2,43,1,False,103
2024-02-14,S4,P2,S4_P2,44,2,False,60
2024-02-15,S4,P2,S4_P2,45,3,False,91
2024-02-16,S4,P2,S4_P2,46,4,True,196
2024-02-17,S4,P2,S4_P2,47,5,False,151
2024-02-18,S4,P2,S4_P2,48,6,False,176
2024-02-19,S4,P2,S4_P2,49,0,False,121
2024-02-20,S4,P2,S4_P2,50,1,False,124
2024-02-21,S4,P2,S4_P2,51,2,False,154
2024-02-22,S4,P2,S4_P2,52,3,False,46
2024-02-23,S4,P2,S4_P2,53,4,False,184
2024-02-24,S4,P2,S4_P2,54,5,False,205
2024-02-25,S4,P2,S4_P2,55,6,False,98
2024-02-26,S4,P2,S4_P2,56,0,False,108
2024-02-27,S4,P2,S4_P2,57,1,False,90
2024-02-28,S4,P2,S4_P2,58,2,False,141
2024-02-29,S4,P2,S4_P2,59,3,True,148
2024-03-01,S4,P2,S4_P2,60,4,False,127
2024-03-02,S4,P2,S4_P2,61,5,False,147
2024-03-03,S4,P2,S4_P2,62,6,False,120
2024-03-04,S4,P2,S4_P2,63,0,False,188
2024-03-05,S4,P2,S4_P2,64,1,False,77
2024-03-06,S4,P2,S4_P2,65,2,False,147
2024-03-07,S4,P2,S4_P2,66,3,False,110
2024-03-08,S4,P2,S4_P2,67,4,False,81
2024-03-09,S4,P2,S4_P2,68,5,False,179
2024-03-10,S4,P2,S4_P2,69,6,False,73
2024-03-11,S4,P2,S4_P2,70,0,False,143
2024-03-12,S4,P2,S4_P2,71,1,False,146
2024-03-13,S4,P2,S4_P2,72,2,False,113
2024-03-14,S4,P2,S4_P2,73,3,False,94
2024-03-15,S4,P2,S4_P2,74,4,False,79
2024-03-16,S4,P2,S4_P2,75,5,False,114
2024-03-17,S4,P2,S4_P2,76,6,False,204
2024-03-18,S4,P2,S4_P2,77,0,False,84
2024-03-19,S4,P2,S4_P2,78,1,False,115
2024-03-20,S4,P2,S4_P2,79,2,False,62
2024-03-21,S4,P2,S4_P2,80,3,False,124
2024-03-22,S4,P2,S4_P2,81,4,False,108
2024-03-23,S4,P2,S4_P2,82,5,False,187
2024-03-24,S4,P2,S4_P2,83,6,False,246
2024-03-25,S4,P2,S4_P2,84,0,False,177
2024-03-26,S4,P2,S4_P2,85,1,False,191
2024-03-27,S4,P2,S4_P2,86,2,False,64
2024-03-28,S4,P2,S4_P2,87,3,False,244
2024-03-29,S4,P2,S4_P2,88,4,False,148
2024-03-30,S4,P2,S4_P2,89,5,False,89
2024-03-31,S4,P2,S4_P2,90,6,False,94
2024-04-01,S4,P2,S4_P2,91,0,True,188
2024-04-02,S4,P2,S4_P2,92,1,False,75
2024-04-03,S4,P2,S4_P2,93,2,False,80
2024-04-04,S4,P2,S4_P2,94,3,False,188
2024-04-05,S4,P2,S4_P2,95,4,False,113
2024-04-06,S4,P2,S4_P2,96,5,False,275
2024-04-07,S4,P2,S4_P2,97,6,True,303
2024-04-08,S4,P2,S4_P2,98,0,False,92
2024-04-09,S4,P2,S4_P2,99,1,False,106
2024-04-10,S4,P2,S4_P2,100,2,False,122
2024-04-11,S4,P2,S4_P2,101,3,False,174
2024-04-12,S4,P2,S4_P2,102,4,False,86
2024-04-13,S4,P2,S4_P2,103,5,False,241
2024-04-14,S4,P2,S4_P2,104,6,False,104
2024-04-15,S4,P2,S4_P2,105,0,False,69
2024-04-16,S4,P2,S4_P2,106,1,False,117
2024-04-17,S4,P2,S4_P2,107,2,False,128
2024-04-18,S4,P2,S4_P2,108,3,False,111
2024-04-19,S4,P2,S4_P2,109,4,False,100
2024-04-20,S4,P2,S4_P2,110,5,False,139
2024-04-21,S4,P2,S4_P2,111,6,False,124
2024-04-22,S4,P2,S4_P2,112,0,False,65
2024-04-23,S4,P2,S4_P2,113,1,False,69
2024-04-24,S4,P2,S4_P2,114,2,False,128
2024-04-25,S4,P2,S4_P2,115,3,False,85
2024-04-26,S4,P2,S4_P2,116,4,False,103
2024-04-27,S4,P2,S4_P2,117,5,False,108
2024-04-28,S4,P2,S4_P2,118,6,False,111
2024-04-29,S4,P2,S4_P2,119,0,False,132
2024-04-30,S4,P2,S4_P2,120,1,False,174
2024-05-01,S4,P2,S4_P2,121,2,False,66
2024-05-02,S4,P2,S4_P2,122,3,False,57
2024-05-03,S4,P2,S4_P2,123,4,False,190
2024-05-04,S4,P2,S4_P2,124,5,False,205
2024-05-05,S4,P2,S4_P2,125,6,False,130
2024-05-06,S4,P2,S4_P2,126,0,False,232
2024-05-07,S4,P2,S4_P2,127,1,False,100
2024-05-08,S4,P2,S4_P2,128,2,False,75
2024-05-09,S4,P2,S4_P2,129,3,False,136
2024-05-10,S4,P2,S4_P2,130,4,False,232
2024-05-11,S4,P2,S4_P2,131,5,False,309
2024-05-12,S4,P2,S4_P2,132,6,False,92
2024-05-13,S4,P2,S4_P2,133,0,False,145
2024-05-14,S4,P2,S4_P2,134,1,False,95
2024-05-15,S4,P2,S4_P2,135,2,False,95
2024-05-16,S4,P2,S4_P2,136,3,False,95
2024-05-17,S4,P2,S4_P2,137,4,False,71
2024-05-18,S4,P2,S4_P2,138,5,False,84
2024-05-19,S4,P2,S4_P2,139,6,False,151
2024-05-20,S4,P2,S4_P2,140,0,False,164
2024-05-21,S4,P2,S4_P2,141,1,False,58
2024-05-22,S4,P2,S4_P2,142,2,False,63
2024-05-23,S4,P2,S4_P2,143,3,False,143
2024-05-24,S4,P2,S4_P2,144,4,False,103
2024-05-25,S4,P2,S4_P2,145,5,False,270
2024-05-26,S4,P2,S4_P2,146,6,True,204
2024-05-27,S4,P2,S4_P2,147,0,False,113
2024-05-28,S4,P2,S4_P2,148,1,False,178
2024-05-29,S4,P2,S4_P2,149,2,False,138
2024-05-30,S4,P2,S4_P2,150,3,False,150
2024-05-31,S4,P2,S4_P2,151,4,False,88
2024-06-01,S4,P2,S4_P2,152,5,False,131
2024-06-02,S4,P2,S4_P2,153,6,False,192
2024-06-03,S4,P2,S4_P2,154,0,False,194
2024-06-04,S4,P2,S4_P2,155,1,False,178
2024-06-05,S4,P2,S4_P2,156,2,False,80
2024-06-06,S4,P2,S4_P2,157,3,False,102
2024-06-07,S4,P2,S4_P2,158,4,False,89
2024-06-08,S4,P2,S4_P2,159,5,False,201
2024-06-09,S4,P2,S4_P2,160,6,False,149
2024-06-10,S4,P2,S4_P2,161,0,False,167
2024-06-11,S4,P2,S4_P2,162,1,False,167
2024-06-12,S4,P2,S4_P2,163,2,False,138
2024-06-13,S4,P2,S4_P2,164,3,False,226
2024-06-14,S4,P2,S4_P2,165,4,False,124
2024-06-15,S4,P2,S4_P2,166,5,False,95
2024-06-16,S4,P2,S4_P2,167,6,False,164
2024-06-17,S4,P2,S4_P2,168,0,False,97
2024-06-18,S4,P2,S4_P2,169,1,False,115
2024-06-19,S4,P2,S4_P2,170,2,False,135
2024-06-20,S4,P2,S4_P2,171,3,False,113
2024-06-21,S4,P2,S4_P2,172,4,False,274
2024-06-22,S4,P2,S4_P2,173,5,False,191
2024-06-23,S4,P2,S4_P2,174,6,True,69
2024-06-24,S4,P2,S4_P2,175,0,False,269
2024-06-25,S4,P2,S4_P2,176,1,False,137
2024-06-26,S4,P2,S4_P2,177,2,False,193
2024-06-27,S4,P2,S4_P2,178,3,True,269
2024-06-28,S4,P2,S4_P2,179,4,False,91
2024-06-29,S4,P2,S4_P2,180,5,False,348
2024-06-30,S4,P2,S4_P2,181,6,False,139
2024-07-01,S4,P2,S4_P2,182,0,False,155
2024-07-02,S4,P2,S4_P2,183,1,True,267
2024-07-03,S4,P2,S4_P2,184,2,True,201
2024-07-04,S4,P2,S4_P2,185,3,False,89
2024-07-05,S4,P2,S4_P2,186,4,False,55
2024-07-06,S4,P2,S4_P2,187,5,False,137
2024-07-07,S4,P2,S4_P2,188,6,True,191
2024-07-08,S4,P2,S4_P2,189,0,False,190
2024-07-09,S4,P2,S4_P2,190,1,False,125
2024-07-10,S4,P2,S4_P2,191,2,False,106
2024-07-11,S4,P2,S4_P2,192,3,False,128
2024-07-12,S4,P2,S4_P2,193,4,False,180
2024-07-13,S4,P2,S4_P2,194,5,False,119
2024-07-14,S4,P2,S4_P2,195,6,False,189
2024-07-15,S4,P2,S4_P2,196,0,False,143
2024-07-16,S4,P2,S4_P2,197,1,False,113
2024-07-17,S4,P2,S4_P2,198,2,False,92
2024-07-18,S4,P2,S4_P2,199,3,False,83
2024-07-19,S4,P2,S4_P2,200,4,False,103
2024-07-20,S4,P2,S4_P2,201,5,False,146
2024-07-21,S4,P2,S4_P2,202,6,False,186
2024-07-22,S4,P2,S4_P2,203,0,False,165
2024-07-23,S4,P2,S4_P2,204,1,False,74
2024-07-24,S4,P2,S4_P2,205,2,False,141
2024-07-25,S4,P2,S4_P2,206,3,False,129
2024-07-26,S4,P2,S4_P2,207,4,False,122
2024-07-27,S4,P2,S4_P2,208,5,False,280
2024-07-28,S4,P2,S4_P2,209,6,False,129
2024-07-29,S4,P2,S4_P2,210,0,False,153
2024-07-30,S4,P2,S4_P2,211,1,False,96
2024-07-31,S4,P2,S4_P2,212,2,True,129
2024-08-01,S4,P2,S4_P2,213,3,False,147
2024-08-02,S4,P2,S4_P2,214,4,False,55
2024-08-03,S4,P2,S4_P2,215,5,False,144
2024-08-04,S4,P2,S4_P2,216,6,True,200
2024-08-05,S4,P2,S4_P2,217,0,False,104
2024-08-06,S4,P2,S4_P2,218,1,False,122
2024-08-07,S4,P2,S4_P2,219,2,False,49
2024-08-08,S4,P2,S4_P2,220,3,False,87
2024-08-09,S4,P2,S4_P2,221,4,False,69
2024-08-10,S4,P2,S4_P2,222,5,False,181
2024-08-11,S4,P2,S4_P2,223,6,False,161
2024-08-12,S4,P2,S4_P2,224,0,False,125
2024-08-13,S4,P2,S4_P2,225,1,False,127
2024-08-14,S4,P2,S4_P2,226,2,False,102
2024-08-15,S4,P2,S4_P2,227,3,False,100
2024-08-16,S4,P2,S4_P2,228,4,False,137
2024-08-17,S4,P2,S4_P2,229,5,False,116
2024-08-18,S4,P2,S4_P2,230,6,False,97
2024-08-19,S4,P2,S4_P2,231,0,False,137
2024-08-20,S4,P2,S4_P2,232,1,False,117
2024-08-21,S4,P2,S4_P2,233,2,False,102
2024-08-22,S4,P2,S4_P2,234,3,False,121
2024-08-23,S4,P2,S4_P2,235,4,False,88
2024-08-24,S4,P2,S4_P2,236,5,False,171
2024-08-25,S4,P2,S4_P2,237,6,False,300
2024-08-26,S4,P2,S4_P2,238,0,False,126
2024-08-27,S4,P2,S4_P2,239,1,False,177
2024-08-28,S4,P2,S4_P2,240,2,False,133
2024-08-29,S4,P2,S4_P2,241,3,False,208
2024-08-30,S4,P2,S4_P2,242,4,False,105
2024-08-31,S4,P2,S4_P2,243,5,False,128
2024-09-01,S4,P2,S4_P2,244,6,False,125
2024-09-02,S4,P2,S4_P2,245,0,False,100
2024-09-03,S4,P2,S4_P2,246,1,False,109
2024-09-04,S4,P2,S4_P2,247,2,False,55
2024-09-05,S4,P2,S4_P2,248,3,False,126
2024-09-06,S4,P2,S4_P2,249,4,False,62
2024-09-07,S4,P2,S4_P2,250,5,False,295
2024-09-08,S4,P2,S4_P2,251,6,False,193
2024-09-09,S4,P2,S4_P2,252,0,False,107
2024-09-10,S4,P2,S4_P2,253,1,False,141
2024-09-11,S4,P2,S4_P2,254,2,False,163
2024-09-12,S4,P2,S4_P2,255,3,False,147
2024-09-13,S4,P2,S4_P2,256,4,False,153
2024-09-14,S4,P2,S4_P2,257,5,True,175
2024-09-15,S4,P2,S4_P2,258,6,False,119
2024-09-16,S4,P2,S4_P2,259,0,False,136
2024-09-17,S4,P2,S4_P2,260,1,False,133
2024-09-18,S4,P2,S4_P2,261,2,False,97
2024-09-19,S4,P2,S4_P2,262,3,False,60
2024-09-20,S4,P2,S4_P2,263,4,False,112
2024-09-21,S4,P2,S4_P2,264,5,False,265
2024-09-22,S4,P2,S4_P2,265,6,False,105
2024-09-23,S4,P2,S4_P2,266,0,False,124
2024-09-24,S4,P2,S4_P2,267,1,False,134
2024-09-25,S4,P2,S4_P2,268,2,False,100
2024-09-26,S4,P2,S4_P2,269,3,False,93
2024-09-27,S4,P2,S4_P2,270,4,False,194
2024-09-28,S4,P2,S4_P2,271,5,False,333
2024-09-29,S4,P2,S4_P2,272,6,False,228
2024-09-30,S4,P2,S4_P2,273,0,True,249
2024-10-01,S4,P2,S4_P2,274,1,False,119
2024-10-02,S4,P2,S4_P2,275,2,False,76
2024-10-03,S4,P2,S4_P2,276,3,False,182
2024-10-04,S4,P2,S4_P2,277,4,False,93
2024-10-05,S4,P2,S4_P2,278,5,False,183
2024-10-06,S4,P2,S4_P2,279,6,False,184
2024-10-07,S4,P2,S4_P2,280,0,False,211
2024-10-08,S4,P2,S4_P2,281,1,False,129
2024-10-09,S4,P2,S4_P2,282,2,False,119
2024-10-10,S4,P2,S4_P2,283,3,False,130
2024-10-11,S4,P2,S4_P2,284,4,True,282
2024-10-12,S4,P2,S4_P2,285,5,False,164
2024-10-13,S4,P2,S4_P2,286,6,False,211
2024-10-14,S4,P2,S4_P2,287,0,False,88
2024-10-15,S4,P2,S4_P2,288,1,False,128
2024-10-16,S4,P2,S4_P2,289,2,False,59
2024-10-17,S4,P2,S4_P2,290,3,True,186
2024-10-18,S4,P2,S4_P2,291,4,False,159
2024-10-19,S4,P2,S4_P2,292,5,False,190
2024-10-20,S4,P2,S4_P2,293,6,True,161
2024-10-21,S4,P2,S4_P2,294,0,False,93
2024-10-22,S4,P2,S4_P2,295,1,False,113
2024-10-23,S4,P2,S4_P2,296,2,False,253
2024-10-24,S4,P2,S4_P2,297,3,False,100
2024-10-25,S4,P2,S4_P2,298,4,False,194
2024-10-26,S4,P2,S4_P2,299,5,False,239
2024-10-27,S4,P2,S4_P2,300,6,False,112
2024-10-28,S4,P2,S4_P2,301,0,False,158
2024-10-29,S4,P2,S4_P2,302,1,False,129
2024-10-30,S4,P2,S4_P2,303,2,False,120
2024-10-31,S4,P2,S4_P2,304,3,True,293
2024-11-01,S4,P2,S4_P2,305,4,False,179
2024-11-02,S4,P2,S4_P2,306,5,False,112
2024-11-03,S4,P2,S4_P2,307,6,False,82
2024-11-04,S4,P2,S4_P2,308,0,False,221
2024-11-05,S4,P2,S4_P2,309,1,False,182
2024-11-06,S4,P2,S4_P2,310,2,False,117
2024-11-07,S4,P2,S4_P2,311,3,False,145
2024-11-08,S4,P2,S4_P2,312,4,False,117
2024-11-09,S4,P2,S4_P2,313,5,False,119
2024-11-10,S4,P2,S4_P2,314,6,False,103
2024-11-11,S4,P2,S4_P2,315,0,False,106
2024-11-12,S4,P2,S4_P2,316,1,False,95
2024-11-13,S4,P2,S4_P2,317,2,False,149
2024-11-14,S4,P2,S4_P2,318,3,False,74
2024-11-15,S4,P2,S4_P2,319,4,False,157
2024-11-16,S4,P2,S4_P2,320,5,False,288
2024-11-17,S4,P2,S4_P2,321,6,False,288
2024-11-18,S4,P2,S4_P2,322,0,False,127
2024-11-19,S4,P2,S4_P2,323,1,False,149
2024-11-20,S4,P2,S4_P2,324,2,False,164
2024-11-21,S4,P2,S4_P2,325,3,False,39
2024-11-22,S4,P2,S4_P2,326,4,False,126
2024-11-23,S4,P2,S4_P2,327,5,False,271
2024-11-24,S4,P2,S4_P2,328,6,False,142
2024-11-25,S4,P2,S4_P2,329,0,False,134
2024-11-26,S4,P2,S4_P2,330,1,False,59
2024-11-27,S4,P2,S4_P2,331,2,False,148
2024-11-28,S4,P2,S4_P2,332,3,False,121
2024-11-29,S4,P2,S4_P2,333,4,False,93
2024-11-30,S4,P2,S4_P2,334,5,False,89
2024-12-01,S4,P2,S4_P2,335,6,False,210
2024-12-02,S4,P2,S4_P2,336,0,True,103
2024-12-03,S4,P2,S4_P2,337,1,False,123
2024-12-04,S4,P2,S4_P2,338,2,True,275
2024-12-05,S4,P2,S4_P2,339,3,False,38
2024-12-06,S4,P2,S4_P2,340,4,False,267
2024-12-07,S4,P2,S4_P2,341,5,False,182
2024-12-08,S4,P2,S4_P2,342,6,False,135
2024-12-09,S4,P2,S4_P2,343,0,False,133
2024-12-10,S4,P2,S4_P2,344,1,False,140
2024-12-11,S4,P2,S4_P2,345,2,True,248
2024-12-12,S4,P2,S4_P2,346,3,False,176
2024-12-13,S4,P2,S4_P2,347,4,False,160
2024-12-14,S4,P2,S4_P2,348,5,False,111
2024-12-15,S4,P2,S4_P2,349,6,False,147
2024-12-16,S4,P2,S4_P2,350,0,False,216
2024-12-17,S4,P2,S4_P2,351,1,True,354
2024-12-18,S4,P2,S4_P2,352,2,True,275
2024-12-19,S4,P2,S4_P2,353,3,False,190
2024-12-20,S4,P2,S4_P2,354,4,False,162
2024-12-21,S4,P2,S4_P2,355,5,False,107
2024-12-22,S4,P2,S4_P2,356,6,False,141
2024-12-23,S4,P2,S4_P2,357,0,False,176
2024-12-24,S4,P2,S4_P2,358,1,False,135
2024-12-25,S4,P2,S4_P2,359,2,False,115
2024-12-26,S4,P2,S4_P2,360,3,False,65
2024-12-27,S4,P2,S4_P2,361,4,False,183
2024-12-28,S4,P2,S4_P2,362,5,False,128
2024-12-29,S4,P2,S4_P2,363,6,False,138
2024-12-30,S4,P2,S4_P2,364,0,False,157
2024-12-31,S4,P2,S4_P2,365,1,False,106
2025-01-01,S4,P2,S4_P2,366,2,False,111
2025-01-02,S4,P2,S4_P2,367,3,False,161
2025-01-03,S4,P2,S4_P2,368,4,False,164
2025-01-04,S4,P2,S4_P2,369,5,False,196
2025-01-05,S4,P2,S4_P2,370,6,False,128
2025-01-06,S4,P2,S4_P2,371,0,False,134
2025-01-07,S4,P2,S4_P2,372,1,False,156
2025-01-08,S4,P2,S4_P2,373,2,False,123
2025-01-09,S4,P2,S4_P2,374,3,False,150
2025-01-10,S4,P2,S4_P2,375,4,False,164
2025-01-11,S4,P2,S4_P2,376,5,False,97
2025-01-12,S4,P2,S4_P2,377,6,False,131
2025-01-13,S4,P2,S4_P2,378,0,False,86
2025-01-14,S4,P2,S4_P2,379,1,False,134
2025-01-15,S4,P2,S4_P2,380,2,False,146
2025-01-16,S4,P2,S4_P2,381,3,False,92
2025-01-17,S4,P2,S4_P2,382,4,True,265
2025-01-18,S4,P2,S4_P2,383,5,False,122
2025-01-19,S4,P2,S4_P2,384,6,False,150
2025-01-20,S4,P2,S4_P2,385,0,True,370
2025-01-21,S4,P2,S4_P2,386,1,False,205
2025-01-22,S4,P2,S4_P2,387,2,False,108
2025-01-23,S4,P2,S4_P2,388,3,True,212
2025-01-24,S4,P2,S4_P2,389,4,False,118
2025-01-25,S4,P2,S4_P2,390,5,True,295
2025-01-26,S4,P2,S4_P2,391,6,False,118
2025-01-27,S4,P2,S4_P2,392,0,False,182
2025-01-28,S4,P2,S4_P2,393,1,False,331
2025-01-29,S4,P2,S4_P2,394,2,False,82
2025-01-30,S4,P2,S4_P2,395,3,False,204
2025-01-31,S4,P2,S4_P2,396,4,False,159
2025-02-01,S4,P2,S4_P2,397,5,False,109
2025-02-02,S4,P2,S4_P2,398,6,False,145
2025-02-03,S4,P2,S4_P2,399,0,False,132
2025-02-04,S4,P2,S4_P2,400,1,False,168
2025-02-05,S4,P2,S4_P2,401,2,False,64
2025-02-06,S4,P2,S4_P2,402,3,False,84
2025-02-07,S4,P2,S4_P2,403,4,False,191
2025-02-08,S4,P2,S4_P2,404,5,False,185
2025-02-09,S4,P2,S4_P2,405,6,False,134
2025-02-10,S4,P2,S4_P2,406,0,False,145
2025-02-11,S4,P2,S4_P2,407,1,False,123
2025-02-12,S4,P2,S4_P2,408,2,False,69
2025-02-13,S4,P2,S4_P2,409,3,False,79
2025-02-14,S4,P2,S4_P2,410,4,False,154
2025-02-15,S4,P2,S4_P2,411,5,False,224
2025-02-16,S4,P2,S4_P2,412,6,False,182
2025-02-17,S4,P2,S4_P2,413,0,False,97
2025-02-18,S4,P2,S4_P2,414,1,False,141
2025-02-19,S4,P2,S4_P2,415,2,False,122
2025-02-20,S4,P2,S4_P2,416,3,False,242
2025-02-21,S4,P2,S4_P2,417,4,False,145
2025-02-22,S4,P2,S4_P2,418,5,False,24
2025-02-23,S4,P2,S4_P2,419,6,False,153
2025-02-24,S4,P2,S4_P2,420,0,False,102
2025-02-25,S4,P2,S4_P2,421,1,False,83
2025-02-26,S4,P2,S4_P2,422,2,False,94
2025-02-27,S4,P2,S4_P2,423,3,False,152
2025-02-28,S4,P2,S4_P2,424,4,False,123
2025-03-01,S4,P2,S4_P2,425,5,False,148
2025-03-02,S4,P2,S4_P2,426,6,False,71
2025-03-03,S4,P2,S4_P2,427,0,False,120
2025-03-04,S4,P2,S4_P2,428,1,False,128
2025-03-05,S4,P2,S4_P2,429,2,True,199
2025-03-06,S4,P2,S4_P2,430,3,False,224
2025-03-07,S4,P2,S4_P2,431,4,False,47
2025-03-08,S4,P2,S4_P2,432,5,False,178
2025-03-09,S4,P2,S4_P2,433,6,True,369
2025-03-10,S4,P2,S4_P2,434,0,False,117
2025-03-11,S4,P2,S4_P2,435,1,False,152
2025-03-12,S4,P2,S4_P2,436,2,False,141
2025-03-13,S4,P2,S4_P2,437,3,False,79
2025-03-14,S4,P2,S4_P2,438,4,False,134
2025-03-15,S4,P2,S4_P2,439,5,False,195
2025-03-16,S4,P2,S4_P2,440,6,False,139
2025-03-17,S4,P2,S4_P2,441,0,False,73
2025-03-18,S4,P2,S4_P2,442,1,False,95
2025-03-19,S4,P2,S4_P2,443,2,False,189
2025-03-20,S4,P2,S4_P2,444,3,False,127
2025-03-21,S4,P2,S4_P2,445,4,False,182
2025-03-22,S4,P2,S4_P2,446,5,True,300
2025-03-23,S4,P2,S4_P2,447,6,False,55
2025-03-24,S4,P2,S4_P2,448,0,False,205
2025-03-25,S4,P2,S4_P2,449,1,False,192
2025-03-26,S4,P2,S4_P2,450,2,False,72
2025-03-27,S4,P2,S4_P2,451,3,False,171
2025-03-28,S4,P2,S4_P2,452,4,False,145
2025-03-29,S4,P2,S4_P2,453,5,False,173
2025-03-30,S4,P2,S4_P2,454,6,True,143
2025-03-31,S4,P2,S4_P2,455,0,False,150
2025-04-01,S4,P2,S4_P2,456,1,False,228
2025-04-02,S4,P2,S4_P2,457,2,False,91
2025-04-03,S4,P2,S4_P2,458,3,False,108
2025-04-04,S4,P2,S4_P2,459,4,False,336
2025-04-05,S4,P2,S4_P2,460,5,False,187
2025-04-06,S4,P2,S4_P2,461,6,True,287
2025-04-07,S4,P2,S4_P2,462,0,False,99
2025-04-08,S4,P2,S4_P2,463,1,False,144
2025-04-09,S4,P2,S4_P2,464,2,False,75
2025-04-10,S4,P2,S4_P2,465,3,False,100
2025-04-11,S4,P2,S4_P2,466,4,False,59
2025-04-12,S4,P2,S4_P2,467,5,True,384
2025-04-13,S4,P2,S4_P2,468,6,False,292
2025-04-14,S4,P2,S4_P2,469,0,False,280
2025-04-15,S4,P2,S4_P2,470,1,False,94
2025-04-16,S4,P2,S4_P2,471,2,False,89
2025-04-17,S4,P2,S4_P2,472,3,False,80
2025-04-18,S4,P2,S4_P2,473,4,False,227
2025-04-19,S4,P2,S4_P2,474,5,False,187
2025-04-20,S4,P2,S4_P2,475,6,False,193
2025-04-21,S4,P2,S4_P2,476,0,False,215
2025-04-22,S4,P2,S4_P2,477,1,False,59
2025-04-23,S4,P2,S4_P2,478,2,False,109
2025-04-24,S4,P2,S4_P2,479,3,False,165
2025-04-25,S4,P2,S4_P2,480,4,False,164
2025-04-26,S4,P2,S4_P2,481,5,False,202
2025-04-27,S4,P2,S4_P2,482,6,False,135
2025-04-28,S4,P2,S4_P2,483,0,False,226
2025-04-29,S4,P2,S4_P2,484,1,False,129
2025-04-30,S4,P2,S4_P2,485,2,False,149
2025-05-01,S4,P2,S4_P2,486,3,False,132
2025-05-02,S4,P2,S4_P2,487,4,False,225
2025-05-03,S4,P2,S4_P2,488,5,True,302
2025-05-04,S4,P2,S4_P2,489,6,False,295
2025-05-05,S4,P2,S4_P2,490,0,False,138
2025-05-06,S4,P2,S4_P2,491,1,False,140
2025-05-07,S4,P2,S4_P2,492,2,False,146
2025-05-08,S4,P2,S4_P2,493,3,False,105
2025-05-09,S4,P2,S4_P2,494,4,False,110
2025-05-10,S4,P2,S4_P2,495,5,False,141
2025-05-11,S4,P2,S4_P2,496,6,False,169
2025-05-12,S4,P2,S4_P2,497,0,True,260
2025-05-13,S4,P2,S4_P2,498,1,True,153
2025-05-14,S4,P2,S4_P2,499,2,True,113
2025-05-15,S4,P2,S4_P2,500,3,False,145
2025-05-16,S4,P2,S4_P2,501,4,False,83
2025-05-17,S4,P2,S4_P2,502,5,False,134
2025-05-18,S4,P2,S4_P2,503,6,False,132
2025-05-19,S4,P2,S4_P2,504,0,False,233
2025-05-20,S4,P2,S4_P2,505,1,False,174
2025-05-21,S4,P2,S4_P2,506,2,True,216
2025-05-22,S4,P2,S4_P2,507,3,False,152
2025-05-23,S4,P2,S4_P2,508,4,False,114
2025-05-24,S4,P2,S4_P2,509,5,False,135
2025-05-25,S4,P2,S4_P2,510,6,False,122
2025-05-26,S4,P2,S4_P2,511,0,False,171
2025-05-27,S4,P2,S4_P2,512,1,False,111
2025-05-28,S4,P2,S4_P2,513,2,False,119
2025-05-29,S4,P2,S4_P2,514,3,False,161
2025-05-30,S4,P2,S4_P2,515,4,False,65
2025-05-31,S4,P2,S4_P2,516,5,False,158
2025-06-01,S4,P2,S4_P2,517,6,False,147
2025-06-02,S4,P2,S4_P2,518,0,False,113
2025-06-03,S4,P2,S4_P2,519,1,False,84
2025-06-04,S4,P2,S4_P2,520,2,False,109
2025-06-05,S4,P2,S4_P2,521,3,False,119
2025-06-06,S4,P2,S4_P2,522,4,False,100
2025-06-07,S4,P2,S4_P2,523,5,False,270
2025-06-08,S4,P2,S4_P2,524,6,True,296
2025-06-09,S4,P2,S4_P2,525,0,False,312
2025-06-10,S4,P2,S4_P2,526,1,False,136
2025-06-11,S4,P2,S4_P2,527,2,False,73
2025-06-12,S4,P2,S4_P2,528,3,False,196
2025-06-13,S4,P2,S4_P2,529,4,False,96
2025-06-14,S4,P2,S4_P2,530,5,False,184
2025-06-15,S4,P2,S4_P2,531,6,False,128
2025-06-16,S4,P2,S4_P2,532,0,False,130
2025-06-17,S4,P2,S4_P2,533,1,False,191
2025-06-18,S4,P2,S4_P2,534,2,False,81
2025-06-19,S4,P2,S4_P2,535,3,False,84
2025-06-20,S4,P2,S4_P2,536,4,False,182
2025-06-21,S4,P2,S4_P2,537,5,False,246
2025-06-22,S4,P2,S4_P2,538,6,False,178
2025-06-23,S4,P2,S4_P2,539,0,False,93
2025-06-24,S4,P2,S4_P2,540,1,False,189
2025-06-25,S4,P2,S4_P2,541,2,False,97
2025-06-26,S4,P2,S4_P2,542,3,False,199
2025-06-27,S4,P2,S4_P2,543,4,False,134
2025-06-28,S4,P2,S4_P2,544,5,False,305
2025-06-29,S4,P2,S4_P2,545,6,True,504
2025-06-30,S4,P2,S4_P2,546,0,False,214
2025-07-01,S4,P2,S4_P2,547,1,False,137
2025-07-02,S4,P2,S4_P2,548,2,False,136
2025-07-03,S4,P2,S4_P2,549,3,False,156
2025-07-04,S4,P2,S4_P2,550,4,False,170
2025-07-05,S4,P2,S4_P2,551,5,False,145
2025-07-06,S4,P2,S4_P2,552,6,False,114
2025-07-07,S4,P2,S4_P2,553,0,False,109
2025-07-08,S4,P2,S4_P2,554,1,False,127
2025-07-09,S4,P2,S4_P2,555,2,False,163
2025-07-10,S4,P2,S4_P2,556,3,False,125
2025-07-11,S4,P2,S4_P2,557,4,False,430
2025-07-12,S4,P2,S4_P2,558,5,False,281
2025-07-13,S4,P2,S4_P2,559,6,False,282
2025-07-14,S4,P2,S4_P2,560,0,False,194
2025-07-15,S4,P2,S4_P2,561,1,False,166
2025-07-16,S4,P2,S4_P2,562,2,False,127
2025-07-17,S4,P2,S4_P2,563,3,False,133
2025-07-18,S4,P2,S4_P2,564,4,False,97
2025-07-19,S4,P2,S4_P2,565,5,False,230
2025-07-20,S4,P2,S4_P2,566,6,True,434
2025-07-21,S4,P2,S4_P2,567,0,False,121
2025-07-22,S4,P2,S4_P2,568,1,False,45
2025-07-23,S4,P2,S4_P2,569,2,False,147
2025-07-24,S4,P2,S4_P2,570,3,False,103
2025-07-25,S4,P2,S4_P2,571,4,False,192
2025-07-26,S4,P2,S4_P2,572,5,False,225
2025-07-27,S4,P2,S4_P2,573,6,False,187
2025-07-28,S4,P2,S4_P2,574,0,False,137
2025-07-29,S4,P2,S4_P2,575,1,False,110
2025-07-30,S4,P2,S4_P2,576,2,False,70
2025-07-31,S4,P2,S4_P2,577,3,False,128
2025-08-01,S4,P2,S4_P2,578,4,False,150
2025-08-02,S4,P2,S4_P2,579,5,False,231
2025-08-03,S4,P2,S4_P2,580,6,False,68
2025-08-04,S4,P2,S4_P2,581,0,False,123
2025-08-05,S4,P2,S4_P2,582,1,False,175
2025-08-06,S4,P2,S4_P2,583,2,False,151
2025-08-07,S4,P2,S4_P2,584,3,False,154
2025-08-08,S4,P2,S4_P2,585,4,False,174
2025-08-09,S4,P2,S4_P2,586,5,False,252
2025-08-10,S4,P2,S4_P2,587,6,False,124
2025-08-11,S4,P2,S4_P2,588,0,False,137
2025-08-12,S4,P2,S4_P2,589,1,False,103
2025-08-13,S4,P2,S4_P2,590,2,False,165
2025-08-14,S4,P2,S4_P2,591,3,False,71
2025-08-15,S4,P2,S4_P2,592,4,False,135
2025-08-16,S4,P2,S4_P2,593,5,False,144
2025-08-17,S4,P2,S4_P2,594,6,False,284
2025-08-18,S4,P2,S4_P2,595,0,False,201
2025-08-19,S4,P2,S4_P2,596,1,False,171
2025-08-20,S4,P2,S4_P2,597,2,False,189
2025-08-21,S4,P2,S4_P2,598,3,False,142
2025-08-22,S4,P2,S4_P2,599,4,False,92
2025-08-23,S4,P2,S4_P2,600,5,False,64
2025-08-24,S4,P2,S4_P2,601,6,False,91
2025-08-25,S4,P2,S4_P2,602,0,False,143
2025-08-26,S4,P2,S4_P2,603,1,False,150
2025-08-27,S4,P2,S4_P2,604,2,False,96
2025-08-28,S4,P2,S4_P2,605,3,False,198
2025-08-29,S4,P2,S4_P2,606,4,False,227
2025-08-30,S4,P2,S4_P2,607,5,False,122
2025-08-31,S4,P2,S4_P2,608,6,False,189
2025-09-01,S4,P2,S4_P2,609,0,False,114
2025-09-02,S4,P2,S4_P2,610,1,True,257
2025-09-03,S4,P2,S4_P2,611,2,False,65
2025-09-04,S4,P2,S4_P2,612,3,False,116
2025-09-05,S4,P2,S4_P2,613,4,False,134
2025-09-06,S4,P2,S4_P2,614,5,False,325
2025-09-07,S4,P2,S4_P2,615,6,False,179
2025-09-08,S4,P2,S4_P2,616,0,False,180
2025-09-09,S4,P2,S4_P2,617,1,False,158
2025-09-10,S4,P2,S4_P2,618,2,False,216
2025-09-11,S4,P2,S4_P2,619,3,False,168
2025-09-12,S4,P2,S4_P2,620,4,True,252
2025-09-13,S4,P2,S4_P2,621,5,False,318
2025-09-14,S4,P2,S4_P2,622,6,False,170
2025-09-15,S4,P2,S4_P2,623,0,False,191
2025-09-16,S4,P2,S4_P2,624,1,False,62
2025-09-17,S4,P2,S4_P2,625,2,False,213
2025-09-18,S4,P2,S4_P2,626,3,False,182
2025-09-19,S4,P2,S4_P2,627,4,False,263
2025-09-20,S4,P2,S4_P2,628,5,False,159
2025-09-21,S4,P2,S4_P2,629,6,False,150
2025-09-22,S4,P2,S4_P2,630,0,False,111
2025-09-23,S4,P2,S4_P2,631,1,False,151
2025-09-24,S4,P2,S4_P2,632,2,False,86
2025-09-25,S4,P2,S4_P2,633,3,False,239
2025-09-26,S4,P2,S4_P2,634,4,True,161
2025-09-27,S4,P2,S4_P2,635,5,True,282
2025-09-28,S4,P2,S4_P2,636,6,False,195
2025-09-29,S4,P2,S4_P2,637,0,False,123
2025-09-30,S4,P2,S4_P2,638,1,False,205
2025-10-01,S4,P2,S4_P2,639,2,False,160
2025-10-02,S4,P2,S4_P2,640,3,True,234
2025-10-03,S4,P2,S4_P2,641,4,False,153
2025-10-04,S4,P2,S4_P2,642,5,False,200
2025-10-05,S4,P2,S4_P2,643,6,False,187
2025-10-06,S4,P2,S4_P2,644,0,False,221
2025-10-07,S4,P2,S4_P2,645,1,False,94
2025-10-08,S4,P2,S4_P2,646,2,False,204
2025-10-09,S4,P2,S4_P2,647,3,False,99
2025-10-10,S4,P2,S4_P2,648,4,False,144
2025-10-11,S4,P2,S4_P2,649,5,False,195
2025-10-12,S4,P2,S4_P2,650,6,False,192
2025-10-13,S4,P2,S4_P2,651,0,False,120
2025-10-14,S4,P2,S4_P2,652,1,False,95
2025-10-15,S4,P2,S4_P2,653,2,False,134
2025-10-16,S4,P2,S4_P2,654,3,False,224
2025-10-17,S4,P2,S4_P2,655,4,False,126
2025-10-18,S4,P2,S4_P2,656,5,False,179
2025-10-19,S4,P2,S4_P2,657,6,False,189
2025-10-20,S4,P2,S4_P2,658,0,False,42
2025-10-21,S4,P2,S4_P2,659,1,False,111
2025-10-22,S4,P2,S4_P2,660,2,False,145
2025-10-23,S4,P2,S4_P2,661,3,True,108
2025-10-24,S4,P2,S4_P2,662,4,False,203
2025-10-25,S4,P2,S4_P2,663,5,False,422
2025-10-26,S4,P2,S4_P2,664,6,False,127
2025-10-27,S4,P2,S4_P2,665,0,False,115
2025-10-28,S4,P2,S4_P2,666,1,False,175
2025-10-29,S4,P2,S4_P2,667,2,False,129
2025-10-30,S4,P2,S4_P2,668,3,False,186
2025-10-31,S4,P2,S4_P2,669,4,False,180
2025-11-01,S4,P2,S4_P2,670,5,False,95
2025-11-02,S4,P2,S4_P2,671,6,False,91
2025-11-03,S4,P2,S4_P2,672,0,False,185
2025-11-04,S4,P2,S4_P2,673,1,False,184
2025-11-05,S4,P2,S4_P2,674,2,False,47
2025-11-06,S4,P2,S4_P2,675,3,False,120
2025-11-07,S4,P2,S4_P2,676,4,True,211
2025-11-08,S4,P2,S4_P2,677,5,False,171
2025-11-09,S4,P2,S4_P2,678,6,False,140
2025-11-10,S4,P2,S4_P2,679,0,False,125
2025-11-11,S4,P2,S4_P2,680,1,False,149
2025-11-12,S4,P2,S4_P2,681,2,False,202
2025-11-13,S4,P2,S4_P2,682,3,False,87
2025-11-14,S4,P2,S4_P2,683,4,False,230
2025-11-15,S4,P2,S4_P2,684,5,False,113
2025-11-16,S4,P2,S4_P2,685,6,False,266
2025-11-17,S4,P2,S4_P2,686,0,False,101
2025-11-18,S4,P2,S4_P2,687,1,False,72
2025-11-19,S4,P2,S4_P2,688,2,False,161
2025-11-20,S4,P2,S4_P2,689,3,False,221
2025-11-21,S4,P2,S4_P2,690,4,True,271
2025-11-22,S4,P2,S4_P2,691,5,False,113
2025-11-23,S4,P2,S4_P2,692,6,False,147
2025-11-24,S4,P2,S4_P2,693,0,False,105
2025-11-25,S4,P2,S4_P2,694,1,False,202
2025-11-26,S4,P2,S4_P2,695,2,False,152
2025-11-27,S4,P2,S4_P2,696,3,False,126
2025-11-28,S4,P2,S4_P2,697,4,False,280
2025-11-29,S4,P2,S4_P2,698,5,False,138
2025-11-30,S4,P2,S4_P2,699,6,False,258
2025-10-17,S5,P1,S5_P1,655,4,False,84
2025-10-18,S5,P1,S5_P1,656,5,False,159
2025-10-19,S5,P1,S5_P1,657,6,False,186
2025-10-20,S5,P1,S5_P1,658,0,False,136
2025-10-21,S5,P1,S5_P1,659,1,False,185
2025-10-22,S5,P1,S5_P1,660,2,False,157
2025-10-23,S5,P1,S5_P1,661,3,False,138
2025-10-24,S5,P1,S5_P1,662,4,False,155
2025-10-25,S5,P1,S5_P1,663,5,False,355
2025-10-26,S5,P1,S5_P1,664,6,False,228
2025-10-27,S5,P1,S5_P1,665,0,False,97
2025-10-28,S5,P1,S5_P1,666,1,False,100
2025-10-29,S5,P1,S5_P1,667,2,False,85
2025-10-30,S5,P1,S5_P1,668,3,False,88
2025-10-31,S5,P1,S5_P1,669,4,False,169
2025-11-01,S5,P1,S5_P1,670,5,False,202
2025-11-02,S5,P1,S5_P1,671,6,False,150
2025-11-03,S5,P1,S5_P1,672,0,False,99
2025-11-04,S5,P1,S5_P1,673,1,False,103
2025-11-05,S5,P1,S5_P1,674,2,False,168
2025-11-06,S5,P1,S5_P1,675,3,False,156
2025-11-07,S5,P1,S5_P1,676,4,False,109
2025-11-08,S5,P1,S5_P1,677,5,False,110
2025-11-09,S5,P1,S5_P1,678,6,False,141
2025-11-10,S5,P1,S5_P1,679,0,False,85
2025-11-11,S5,P1,S5_P1,680,1,False,68
2025-11-12,S5,P1,S5_P1,681,2,False,110
2025-11-13,S5,P1,S5_P1,682,3,False,62
2025-11-14,S5,P1,S5_P1,683,4,False,76
2025-11-15,S5,P1,S5_P1,684,5,False,198
2025-11-16,S5,P1,S5_P1,685,6,False,189
2025-11-17,S5,P1,S5_P1,686,0,False,164
2025-11-18,S5,P1,S5_P1,687,1,False,69
2025-11-19,S5,P1,S5_P1,688,2,False,146
2025-11-20,S5,P1,S5_P1,689,3,False,175
2025-11-21,S5,P1,S5_P1,690,4,False,96
2025-11-22,S5,P1,S5_P1,691,5,False,99
2025-11-23,S5,P1,S5_P1,692,6,False,202
2025-11-24,S5,P1,S5_P1,693,0,False,113
2025-11-25,S5,P1,S5_P1,694,1,False,179
2025-11-26,S5,P1,S5_P1,695,2,False,80
2025-11-27,S5,P1,S5_P1,696,3,False,81
2025-11-28,S5,P1,S5_P1,697,4,False,90
2025-11-29,S5,P1,S5_P1,698,5,False,204
2025-11-30,S5,P1,S5_P1,699,6,False,113
2025-10-17,S5,P2,S5_P2,655,4,False,65
2025-10-18,S5,P2,S5_P2,656,5,False,141
2025-10-19,S5,P2,S5_P2,657,6,False,75
2025-10-20,S5,P2,S5_P2,658,0,False,82
2025-10-21,S5,P2,S5_P2,659,1,False,56
2025-10-22,S5,P2,S5_P2,660,2,False,57
2025-10-23,S5,P2,S5_P2,661,3,False,72
2025-10-24,S5,P2,S5_P2,662,4,False,151
2025-10-25,S5,P2,S5_P2,663,5,False,79
2025-10-26,S5,P2,S5_P2,664,6,False,154
2025-10-27,S5,P2,S5_P2,665,0,False,49
2025-10-28,S5,P2,S5_P2,666,1,False,122
2025-10-29,S5,P2,S5_P2,667,2,False,114
2025-10-30,S5,P2,S5_P2,668,3,False,35
2025-10-31,S5,P2,S5_P2,669,4,False,78
2025-11-01,S5,P2,S5_P2,670,5,False,206
2025-11-02,S5,P2,S5_P2,671,6,False,112
2025-11-03,S5,P2,S5_P2,672,0,False,102
2025-11-04,S5,P2,S5_P2,673,1,False,70
2025-11-05,S5,P2,S5_P2,674,2,False,107
2025-11-06,S5,P2,S5_P2,675,3,False,70
2025-11-07,S5,P2,S5_P2,676,4,False,153
2025-11-08,S5,P2,S5_P2,677,5,False,130
2025-11-09,S5,P2,S5_P2,678,6,False,139
2025-11-10,S5,P2,S5_P2,679,0,False,68
2025-11-11,S5,P2,S5_P2,680,1,False,125
2025-11-12,S5,P2,S5_P2,681,2,False,107
2025-11-13,S5,P2,S5_P2,682,3,False,94
2025-11-14,S5,P2,S5_P2,683,4,False,78
2025-11-15,S5,P2,S5_P2,684,5,False,102
2025-11-16,S5,P2,S5_P2,685,6,False,121
2025-11-17,S5,P2,S5_P2,686,0,False,43
2025-11-18,S5,P2,S5_P2,687,1,False,95
2025-11-19,S5,P2,S5_P2,688,2,False,62
2025-11-20,S5,P2,S5_P2,689,3,False,56
2025-11-21,S5,P2,S5_P2,690,4,False,118
2025-11-22,S5,P2,S5_P2,691,5,False,106
2025-11-23,S5,P2,S5_P2,692,6,False,97
2025-11-24,S5,P2,S5_P2,693,0,False,62
2025-11-25,S5,P2,S5_P2,694,1,False,42
2025-11-26,S5,P2,S5_P2,695,2,False,63
2025-11-27,S5,P2,S5_P2,696,3,False,70
2025-11-28,S5,P2,S5_P2,697,4,False,156
2025-11-29,S5,P2,S5_P2,698,5,False,115
2025-11-30,S5,P2,S5_P2,699,6,False,127
